frame_id;rx_complete;tx_complete;current_skip;camera_send_timestamp;recv_start_timestamp;node_exit_timestamp;original_points;rx_points;tx_points;rx_media_bytes;tx_media_bytes;rx_packets;tx_packets;payload_bytes;reference_size_bytes;data_integrity_pct;internal_throughput_mbs;reference_throughput_mbs;logical_bitrate_mbps;network_bitrate_mbps;reference_bitrate_mbps;tx_duration_ms;active_tx_ms;active_process_ms;cycle_ms;header_wait_ms;total_residency_ms;node_efficiency_pct;cycle_occupancy_pct;camera_node_ms;schedule_delay_ms;inter_arrival_ms;instant_jitter_ms;desynced_jitter_ms;eth_errors;ipv4_errors;udp_errors;nsh_errors;tx_zero_accepts;tx_partial_accepts;tx_resubmit_calls;tx_resubmitted_packets
1;1;1;1;7547.149028;7547.336681;7547.337893;784142;146318;146318;0;0;1829;1829;2341088;2341140;100.000;1932.750;1932.750;561.874;606.635;561.874;1.210;0.509;0.549;1.213;0.000;1.213;45.288;100.000;187.653;1.213;0.000;0.000;0.000;0;0;0;0;0;0;0;0
2;1;1;1;7547.182744;7547.364700;7547.366815;783406;144182;144182;0;0;1803;1803;2306912;2306964;100.000;1092.576;1092.576;553.671;597.796;553.671;2.111;0.518;0.557;28.922;26.807;2.115;26.350;7.312;181.956;-3.199;28.020;5.314;0.332;0;0;0;0;0;0;0;0
3;1;1;1;7547.217325;7547.406755;7547.408390;780200;141754;141754;0;0;1772;1772;2268064;2268116;100.000;1389.051;1389.051;544.348;587.714;544.348;1.632;0.592;0.634;41.575;39.941;1.635;38.780;3.932;189.431;5.043;42.055;8.722;0.856;0;0;0;0;0;0;0;0
4;1;1;1;7547.251651;7547.433582;7547.435330;778467;139430;139430;0;0;1743;1743;2230880;2230932;100.000;1280.504;1280.504;535.424;578.080;535.424;1.744;0.519;0.559;26.940;25.192;1.748;31.977;6.487;181.931;-1.351;26.827;6.507;1.210;0;0;0;0;0;0;0;0
5;1;1;1;7547.283048;7547.479061;7547.480672;776427;137802;137802;0;0;1723;1723;2204832;2204884;100.000;1374.237;1374.237;529.172;571.339;529.172;1.608;0.481;0.524;45.342;43.731;1.611;32.506;3.553;196.013;10.658;45.479;12.145;1.893;0;0;0;0;0;0;0;0
6;1;1;1;7547.318169;7547.508935;7547.510374;774893;137230;137230;0;0;1716;1716;2195680;2195732;100.000;1530.083;1530.083;526.976;568.971;526.976;1.435;0.574;0.611;29.702;28.263;1.439;42.449;4.845;190.766;7.026;29.874;3.460;1.991;0;0;0;0;0;0;0;0
7;1;1;1;7547.351602;7547.544758;7547.546089;775949;137590;137590;0;0;1720;1720;2201440;2201492;100.000;1659.304;1659.304;528.358;570.451;528.358;1.329;0.471;0.511;35.716;34.384;1.332;38.364;3.728;193.156;9.409;35.823;2.490;2.022;0;0;0;0;0;0;0;0
8;1;1;1;7547.382887;7547.575748;7547.577084;775463;137746;137746;0;0;1722;1722;2203936;2203988;100.000;1657.685;1657.685;528.957;571.099;528.957;1.324;0.558;0.603;30.995;29.658;1.336;45.107;4.312;192.861;7.070;30.990;2.343;2.042;0;0;0;0;0;0;0;0
9;1;1;1;7547.418264;7547.612521;7547.613911;775698;138024;138024;0;0;1726;1726;2208384;2208436;100.000;1598.511;1598.511;530.025;572.265;530.025;1.386;0.678;0.724;36.827;35.437;1.390;52.119;3.774;194.257;10.563;36.773;3.440;2.130;0;0;0;0;0;0;0;0
10;1;1;1;7547.449550;7547.646438;7547.648159;778020;138278;138278;0;0;1729;1729;2212448;2212500;100.000;1286.017;1286.017;531.000;573.313;531.000;1.718;0.522;0.563;34.248;32.527;1.721;32.716;5.025;196.888;11.478;33.917;0.584;2.033;0;0;0;0;0;0;0;0
11;1;1;1;7547.482936;7547.676882;7547.678304;778554;139114;139114;0;0;1739;1739;2225824;2225876;100.000;1568.269;1568.269;534.210;576.768;534.210;1.419;0.549;0.588;30.145;28.723;1.422;41.351;4.718;193.945;8.290;30.444;2.890;2.087;0;0;0;0;0;0;0;0
12;1;1;1;7547.516200;7547.711809;7547.712949;779986;140496;140496;0;0;1757;1757;2247936;2247988;100.000;1983.290;1983.290;539.517;582.516;539.517;1.137;0.465;0.503;34.645;33.505;1.140;44.095;3.292;195.609;9.602;34.927;1.594;2.056;0;0;0;0;0;0;0;0
13;1;1;1;7547.549273;7547.745266;7547.746329;780926;142868;142868;0;0;1786;1786;2285888;2285940;100.000;2165.536;2165.536;548.626;592.334;548.626;1.059;0.493;0.544;33.380;32.317;1.063;51.199;3.184;195.993;9.648;33.457;0.124;1.935;0;0;0;0;0;0;0;0
14;1;1;1;7547.582735;7547.776860;7547.778682;782770;144928;144928;0;0;1812;1812;2318848;2318900;100.000;1278.572;1278.572;556.536;600.881;556.536;1.815;0.964;1.040;32.353;30.531;1.822;57.096;5.630;194.125;8.668;31.594;1.739;1.923;0;0;0;0;0;0;0;0
15;1;1;1;7547.616941;7547.811523;7547.812636;784474;146044;146044;0;0;1826;1826;2336704;2336756;100.000;2100.275;2100.275;560.821;605.509;560.821;1.110;0.512;0.564;33.954;32.841;1.113;50.644;3.278;194.582;9.289;34.663;1.329;1.886;0;0;0;0;0;0;0;0
16;1;1;1;7547.649863;7547.843096;7547.844247;785193;145822;145822;0;0;1823;1823;2333152;2333204;100.000;2040.492;2040.492;559.969;604.584;559.969;1.148;0.421;0.459;31.611;30.460;1.151;39.891;3.643;193.233;7.567;31.573;1.760;1.878;0;0;0;0;0;0;0;0
17;1;1;1;7547.682525;7547.878776;7547.880415;782720;144126;144126;0;0;1802;1802;2306016;2306068;100.000;1410.430;1410.430;553.456;597.557;553.456;1.636;0.555;0.599;36.167;34.529;1.639;36.581;4.530;196.251;10.401;35.680;2.347;1.907;0;0;0;0;0;0;0;0
18;1;1;1;7547.716261;7547.909735;7547.911084;781613;141930;141930;0;0;1775;1775;2270880;2270932;100.000;1687.341;1687.341;545.024;588.463;545.024;1.346;0.502;0.540;30.669;29.320;1.350;40.012;4.401;193.473;7.737;30.958;2.375;1.936;0;0;0;0;0;0;0;0
19;1;1;1;7547.749437;7547.945969;7547.947220;780006;139740;139740;0;0;1747;1747;2235840;2235892;100.000;1794.438;1794.438;536.614;579.368;536.614;1.248;0.524;0.565;36.136;34.885;1.251;45.161;3.462;196.532;10.540;36.235;2.901;1.997;0;0;0;0;0;0;0;0
20;1;1;1;7547.782511;7547.977022;7547.978107;780302;138346;138346;0;0;1730;1730;2213536;2213588;100.000;2042.952;2042.952;531.261;573.599;531.261;1.080;0.471;0.509;30.886;29.802;1.084;46.988;3.510;194.512;8.093;31.053;2.280;2.014;0;0;0;0;0;0;0;0
21;1;1;1;7547.816107;7548.010843;7548.012017;779066;137844;137844;0;0;1724;1724;2205504;2205556;100.000;1886.349;1886.349;529.333;571.524;529.333;1.171;0.467;0.510;33.911;32.737;1.174;43.461;3.463;194.736;8.670;33.821;0.488;1.919;0;0;0;0;0;0;0;0
22;1;1;1;7547.849524;7548.040854;7548.042284;778280;138092;138092;0;0;1727;1727;2209472;2209524;100.000;1551.231;1551.231;530.286;572.550;530.286;1.427;0.636;0.674;30.267;28.836;1.431;47.105;4.727;191.330;5.604;30.011;3.323;2.007;0;0;0;0;0;0;0;0
23;1;1;1;7547.883106;7548.067811;7548.071017;778907;138240;138240;0;0;1728;1728;2211840;2211892;100.000;691.480;691.480;530.854;573.143;530.854;3.198;0.756;0.818;28.732;25.527;3.206;25.531;11.157;184.705;1.003;26.957;6.376;2.280;0;0;0;0;0;0;0;0
24;1;1;1;7547.915915;7548.103644;7548.105051;779289;138556;138556;0;0;1732;1732;2216896;2216948;100.000;1576.787;1576.787;532.068;574.454;532.068;1.397;0.439;0.477;34.034;32.627;1.407;33.878;4.134;187.730;1.704;35.833;2.500;2.294;0;0;0;0;0;0;0;0
25;1;1;1;7547.949706;7548.144681;7548.145727;779739;138952;138952;0;0;1737;1737;2223232;2223284;100.000;2130.551;2130.551;533.588;576.097;533.588;1.041;0.472;0.520;40.676;39.630;1.045;49.733;2.570;194.976;9.046;41.037;7.704;2.632;0;0;0;0;0;0;0;0
26;1;1;1;7547.982650;7548.175958;7548.177724;779364;139454;139454;0;0;1744;1744;2231264;2231316;100.000;1265.506;1265.506;535.516;578.196;535.516;1.763;0.501;0.539;31.998;30.231;1.766;30.491;5.520;193.308;7.710;31.277;2.057;2.596;0;0;0;0;0;0;0;0
27;1;1;1;7548.015973;7548.203586;7548.205071;780025;140520;140520;0;0;1757;1757;2248320;2248372;100.000;1519.089;1519.089;539.609;582.608;539.609;1.481;0.558;0.598;27.347;25.861;1.486;40.269;5.433;187.612;1.724;27.628;5.706;2.790;0;0;0;0;0;0;0;0
28;1;1;1;7548.051612;7548.247889;7548.249435;780373;141820;141820;0;0;1773;1773;2269120;2269172;100.000;1471.254;1471.254;544.601;587.992;544.601;1.541;0.594;0.638;44.363;42.818;1.545;41.271;3.484;196.277;12.754;44.303;10.970;3.301;0;0;0;0;0;0;0;0
29;1;1;1;7548.084119;7548.277069;7548.278218;781651;143812;143812;0;0;1798;1798;2300992;2301044;100.000;2002.867;2002.867;552.251;596.253;552.251;1.146;0.458;0.506;28.784;27.634;1.150;43.980;3.995;192.950;8.204;29.179;4.154;3.355;0;0;0;0;0;0;0;0
30;1;1;1;7548.116033;7548.305441;7548.306658;781375;144756;144756;0;0;1810;1810;2316096;2316148;100.000;1910.010;1910.010;555.876;600.172;555.876;1.214;0.537;0.579;28.439;27.222;1.217;47.584;4.279;189.408;3.311;28.372;4.961;3.455;0;0;0;0;0;0;0;0
31;1;1;1;7548.149482;7548.342296;7548.343819;784392;143948;143948;0;0;1800;1800;2303168;2303220;100.000;1514.851;1514.851;552.773;596.824;552.773;1.519;0.491;0.529;37.161;35.638;1.523;34.745;4.097;192.814;7.138;36.855;3.522;3.459;0;0;0;0;0;0;0;0
32;1;1;1;7548.184914;7548.379517;7548.380862;782671;141972;141972;0;0;1775;1775;2271552;2271604;100.000;1694.151;1694.151;545.185;588.624;545.185;1.340;0.672;0.716;37.043;35.698;1.345;53.227;3.631;194.603;10.848;37.221;3.888;3.486;0;0;0;0;0;0;0;0
33;1;1;1;7548.215784;7548.413448;7548.415286;776999;139814;139814;0;0;1748;1748;2237024;2237076;100.000;1220.753;1220.753;536.898;579.677;536.898;1.832;0.648;0.702;34.423;32.585;1.838;38.207;5.339;197.663;11.938;33.930;0.597;3.305;0;0;0;0;0;0;0;0
34;1;1;1;7548.250117;7548.446794;7548.448069;778650;137648;137648;0;0;1721;1721;2202368;2202420;100.000;1736.326;1736.326;528.581;570.698;528.581;1.271;0.536;0.584;32.783;31.508;1.275;45.828;3.889;196.678;11.388;33.346;0.013;3.100;0;0;0;0;0;0;0;0
35;1;1;1;7548.283319;7548.477793;7548.479163;778007;137154;137154;0;0;1715;1715;2194464;2194516;100.000;1608.277;1608.277;526.684;568.655;526.684;1.367;0.429;0.468;31.094;29.724;1.370;34.169;4.406;194.474;9.149;30.998;2.335;3.052;0;0;0;0;0;0;0;0
36;1;1;1;7548.315911;7548.512617;7548.513923;776483;138046;138046;0;0;1726;1726;2208736;2208788;100.000;1701.943;1701.943;530.109;572.349;530.109;1.301;0.556;0.599;34.760;33.455;1.306;45.898;3.756;196.706;10.576;34.825;1.491;2.954;0;0;0;0;0;0;0;0
37;1;1;1;7548.349574;7548.546270;7548.547336;781287;139346;139346;0;0;1742;1742;2229536;2229588;100.000;2100.114;2100.114;535.101;577.733;535.101;1.062;0.541;0.582;33.413;32.347;1.066;54.602;3.189;196.696;10.655;33.653;0.320;2.790;0;0;0;0;0;0;0;0
38;1;1;1;7548.383197;7548.579798;7548.581572;780329;141098;141098;0;0;1764;1764;2257568;2257620;100.000;1273.667;1273.667;541.829;584.999;541.829;1.769;0.682;0.727;34.236;32.463;1.774;41.004;5.181;196.601;11.558;33.528;0.195;2.628;0;0;0;0;0;0;0;0
39;1;1;1;7548.416485;7548.614593;7548.615948;780785;142238;142238;0;0;1778;1778;2275808;2275860;100.000;1684.615;1684.615;546.206;589.719;546.206;1.350;0.566;0.608;34.376;33.021;1.355;44.850;3.942;198.108;12.601;34.795;1.461;2.555;0;0;0;0;0;0;0;0
40;1;1;1;7548.449816;7548.643930;7548.645694;785430;143844;143844;0;0;1799;1799;2301504;2301556;100.000;1306.187;1306.187;552.373;596.400;552.373;1.752;0.560;0.607;29.746;27.982;1.764;34.428;5.929;194.115;9.013;29.337;3.996;2.645;0;0;0;0;0;0;0;0
41;1;1;1;7548.482515;7548.677957;7548.678928;789479;146416;146416;0;0;1831;1831;2342656;2342708;100.000;2416.074;2416.074;562.250;607.060;562.250;0.968;0.496;0.540;33.234;32.262;0.972;55.600;2.924;195.441;8.914;34.026;0.693;2.523;0;0;0;0;0;0;0;0
42;1;1;1;7548.516597;7548.712409;7548.714003;789348;148106;148106;0;0;1852;1852;2369696;2369748;100.000;1494.788;1494.788;568.740;614.064;568.740;1.590;0.543;0.586;35.075;33.481;1.594;36.777;4.544;195.812;10.655;34.453;1.119;2.435;0;0;0;0;0;0;0;0
43;1;1;1;7548.549783;7548.740571;7548.742119;792714;149298;149298;0;0;1867;1867;2388768;2388820;100.000;1547.896;1547.896;573.317;619.008;573.317;1.545;0.696;0.750;28.116;26.568;1.548;48.458;5.507;190.788;5.438;28.161;5.172;2.606;0;0;0;0;0;0;0;0
44;1;1;1;7548.583220;7548.769778;7548.771336;790865;150365;150365;0;0;1880;1880;2405840;2405892;100.000;1548.250;1548.250;577.414;623.424;577.414;1.555;0.451;0.499;29.217;27.659;1.558;32.035;5.332;186.559;1.322;29.208;4.125;2.701;0;0;0;0;0;0;0;0
45;1;1;1;7548.616749;7548.810254;7548.811489;787976;151606;151606;0;0;1896;1896;2425696;2425748;100.000;1967.440;1967.440;582.180;628.581;582.180;1.230;0.528;0.570;40.153;38.918;1.235;46.179;3.075;193.505;8.142;40.476;7.143;2.979;0;0;0;0;0;0;0;0
46;1;1;1;7548.649008;7548.846233;7548.847789;789717;151650;151650;0;0;1896;1896;2426400;2426452;100.000;1561.103;1561.103;582.348;628.750;582.348;1.552;0.769;0.819;36.300;34.743;1.556;52.625;4.287;197.225;11.108;35.978;2.645;2.958;0;0;0;0;0;0;0;0
47;1;1;1;7548.683305;7548.880002;7548.881771;784950;150558;150558;0;0;1882;1882;2408928;2408980;100.000;1369.351;1369.351;578.155;624.214;578.155;1.764;0.647;0.695;33.982;32.214;1.768;39.322;5.203;196.697;11.757;33.770;0.437;2.800;0;0;0;0;0;0;0;0
48;1;1;1;7548.716505;7548.914010;7548.915379;781130;148538;148538;0;0;1857;1857;2376608;2376660;100.000;1736.027;1736.027;570.398;615.845;570.398;1.365;0.633;0.679;33.608;32.239;1.370;49.568;4.075;197.505;12.032;34.007;0.674;2.667;0;0;0;0;0;0;0;0
49;1;1;1;7548.750249;7548.946478;7548.948258;780468;147276;147276;0;0;1841;1841;2356416;2356468;100.000;1326.681;1326.681;565.552;610.608;565.552;1.775;0.655;0.703;32.879;31.099;1.780;39.488;5.415;196.229;11.578;32.468;0.865;2.555;0;0;0;0;0;0;0;0
50;1;1;1;7548.782928;7548.979779;7548.981086;783376;146748;146748;0;0;1835;1835;2347968;2348020;100.000;1800.420;1800.420;563.525;608.433;563.525;1.303;0.672;0.717;32.827;31.520;1.307;54.860;3.981;196.850;11.071;33.301;0.033;2.397;0;0;0;0;0;0;0;0
51;1;1;1;7548.816216;7549.010628;7549.012208;787237;145970;145970;0;0;1825;1825;2335520;2335572;100.000;1478.338;1478.338;560.537;605.201;560.537;1.577;0.505;0.545;31.123;29.542;1.580;34.466;5.078;194.412;8.861;30.849;2.484;2.402;0;0;0;0;0;0;0;0
52;1;1;1;7548.850014;7549.044946;7549.046008;787734;147302;147302;0;0;1842;1842;2356832;2356884;100.000;2226.245;2226.245;565.652;610.732;565.652;1.058;0.550;0.597;33.800;32.737;1.062;56.212;3.143;194.932;9.327;34.318;0.984;2.314;0;0;0;0;0;0;0;0
53;1;1;1;7548.883163;7549.075922;7549.077966;787059;148046;148046;0;0;1851;1851;2368736;2368788;100.000;1162.286;1162.286;568.509;613.809;568.509;2.040;0.606;0.651;31.958;29.914;2.044;31.848;6.396;192.759;7.952;30.976;2.357;2.317;0;0;0;0;0;0;0;0
54;1;1;1;7548.916169;7549.105919;7549.107033;786051;148712;148712;0;0;1859;1859;2379392;2379444;100.000;2138.105;2138.105;571.067;616.562;571.067;1.111;0.509;0.549;29.067;27.953;1.114;49.310;3.832;189.750;3.685;29.997;3.336;2.380;0;0;0;0;0;0;0;0
55;1;1;1;7548.949781;7549.142967;7549.144409;796213;148706;148706;0;0;1859;1859;2379296;2379348;100.000;1650.934;1650.934;571.044;616.539;571.044;1.438;0.525;0.566;37.376;35.934;1.442;39.258;3.858;193.186;7.728;37.048;3.715;2.464;0;0;0;0;0;0;0;0
56;1;1;1;7548.983317;7549.179154;7549.180331;790191;148654;148654;0;0;1859;1859;2378464;2378516;100.000;2023.070;2023.070;570.844;616.340;570.844;1.169;0.525;0.568;35.922;34.745;1.176;48.314;3.275;195.838;10.317;36.187;2.854;2.488;0;0;0;0;0;0;0;0
57;1;1;1;7549.015611;7549.209580;7549.211074;798808;148762;148762;0;0;1860;1860;2380192;2380244;100.000;1594.355;1594.355;571.259;616.779;571.259;1.490;0.694;0.737;30.743;29.249;1.494;49.319;4.859;193.968;7.726;30.425;2.908;2.514;0;0;0;0;0;0;0;0
58;1;1;1;7549.049817;7549.249884;7549.251662;797924;149280;149280;0;0;1866;1866;2388480;2388532;100.000;1345.221;1345.221;573.248;618.915;573.248;1.774;0.611;0.652;40.588;38.810;1.778;36.661;4.381;200.067;14.981;40.304;6.971;2.793;0;0;0;0;0;0;0;0
59;1;1;1;7549.082803;7549.279847;7549.281184;794477;149798;149798;0;0;1873;1873;2396768;2396820;100.000;1798.662;1798.662;575.237;621.075;575.237;1.334;0.721;0.774;29.522;28.185;1.337;57.884;4.530;197.044;11.170;29.963;3.370;2.829;0;0;0;0;0;0;0;0
60;1;1;1;7549.116136;7549.313519;7549.315454;789053;150698;150698;0;0;1884;1884;2411168;2411220;100.000;1251.688;1251.688;578.693;624.801;578.693;1.929;0.741;0.788;34.269;32.335;1.934;40.757;5.644;197.383;12.106;33.672;0.339;2.673;0;0;0;0;0;0;0;0
61;1;1;1;7549.149676;7549.350265;7549.351610;783874;149328;149328;0;0;1867;1867;2389248;2389300;100.000;1779.912;1779.912;573.432;619.124;573.432;1.341;0.619;0.666;36.157;34.811;1.346;49.511;3.722;200.589;14.930;36.745;3.412;2.719;0;0;0;0;0;0;0;0
62;1;1;1;7549.183057;7549.381136;7549.383063;782785;146986;146986;0;0;1838;1838;2351776;2351828;100.000;1223.668;1223.668;564.439;609.420;564.439;1.922;0.722;0.767;31.453;29.525;1.927;39.817;6.128;198.079;13.049;30.871;2.462;2.703;0;0;0;0;0;0;0;0
63;1;1;1;7549.215888;7549.411993;7549.413148;782791;145010;145010;0;0;1813;1813;2320160;2320212;100.000;2017.887;2017.887;556.851;601.221;556.851;1.150;0.559;0.612;30.085;28.930;1.155;52.962;3.841;196.105;9.801;30.857;2.476;2.689;0;0;0;0;0;0;0;0
64;1;1;1;7549.250283;7549.445947;7549.447612;782127;143356;143356;0;0;1792;1792;2293696;2293748;100.000;1384.561;1384.561;550.500;594.355;550.500;1.661;0.487;0.527;34.463;32.799;1.665;31.631;4.831;195.664;10.931;33.954;0.621;2.560;0;0;0;0;0;0;0;0
65;1;1;1;7549.283296;7549.476417;7549.477535;785507;142428;142428;0;0;1781;1781;2278848;2278900;100.000;2046.839;2046.839;546.936;590.522;546.936;1.114;0.500;0.544;29.923;28.805;1.118;48.656;3.737;193.121;7.521;30.470;2.864;2.579;0;0;0;0;0;0;0;0
66;1;1;1;7549.316631;7549.513763;7549.515347;789017;142296;142296;0;0;1779;1779;2276736;2276788;100.000;1441.256;1441.256;546.429;589.967;546.429;1.579;0.659;0.707;37.812;36.228;1.584;44.633;4.190;197.132;12.000;37.346;4.013;2.668;0;0;0;0;0;0;0;0
67;1;1;1;7549.350330;7549.546204;7549.547376;789641;142550;142550;0;0;1782;1782;2280800;2280852;100.000;1956.803;1956.803;547.404;591.015;547.404;1.168;0.535;0.575;32.028;30.857;1.171;49.060;3.656;195.874;10.695;32.441;0.892;2.557;0;0;0;0;0;0;0;0
68;1;1;1;7549.382198;7549.575751;7549.577271;784718;142638;142638;0;0;1783;1783;2282208;2282260;100.000;1508.715;1508.715;547.742;591.378;547.742;1.516;0.717;0.763;29.896;28.376;1.520;50.224;5.085;193.553;7.257;29.547;3.787;2.634;0;0;0;0;0;0;0;0
69;1;1;1;7549.416293;7549.613570;7549.615551;778159;142942;142942;0;0;1787;1787;2287072;2287124;100.000;1159.048;1159.048;548.910;592.643;548.910;1.975;0.669;0.714;38.280;36.299;1.981;36.061;5.174;197.278;12.203;37.819;4.486;2.750;0;0;0;0;0;0;0;0
70;1;1;1;7549.449642;7549.645418;7549.646459;776327;143886;143886;0;0;1799;1799;2302176;2302228;100.000;2216.149;2216.149;552.535;596.562;552.535;1.037;0.481;0.521;30.908;29.867;1.041;50.060;3.367;195.776;9.778;31.848;1.485;2.671;0;0;0;0;0;0;0;0
71;1;1;1;7549.482730;7549.675701;7549.677548;786883;145096;145096;0;0;1814;1814;2321536;2321588;100.000;1260.326;1260.326;557.181;601.575;557.181;1.844;0.621;0.663;31.089;29.242;1.847;35.904;5.941;192.971;7.534;30.283;3.051;2.695;0;0;0;0;0;0;0;0
72;1;1;1;7549.516202;7549.713336;7549.714639;787146;146492;146492;0;0;1832;1832;2343872;2343924;100.000;1801.475;1801.475;562.542;607.377;562.542;1.294;0.554;0.593;37.091;35.788;1.303;45.527;3.514;197.134;11.292;37.635;4.301;2.795;0;0;0;0;0;0;0;0
73;1;1;1;7549.549895;7549.742963;7549.744908;781047;148748;148748;0;0;1860;1860;2379968;2380020;100.000;1224.445;1224.445;571.205;616.725;571.205;1.942;0.655;0.696;30.269;28.324;1.945;35.812;6.424;193.068;8.227;29.628;3.706;2.852;0;0;0;0;0;0;0;0
74;1;1;1;7549.582886;7549.778167;7549.779346;782459;150270;150270;0;0;1879;1879;2404320;2404372;100.000;2047.798;2047.798;577.049;623.035;577.049;1.175;0.636;0.694;34.438;33.259;1.179;58.832;3.424;195.281;9.332;35.204;1.871;2.791;0;0;0;0;0;0;0;0
75;1;1;1;7549.616191;7549.810661;7549.812203;781579;150762;150762;0;0;1885;1885;2412192;2412244;100.000;1573.969;1573.969;578.939;625.071;578.939;1.538;0.455;0.504;32.856;31.315;1.541;32.716;4.691;194.470;8.855;32.494;0.839;2.669;0;0;0;0;0;0;0;0
76;1;1;1;7549.649433;7549.838751;7549.839921;784181;151052;151052;0;0;1889;1889;2416832;2416884;100.000;2065.692;2065.692;580.052;626.282;580.052;1.167;0.479;0.520;27.718;26.548;1.170;44.427;4.223;189.318;3.240;28.089;5.244;2.830;0;0;0;0;0;0;0;0
77;1;1;1;7549.682648;7549.880211;7549.881487;782861;150492;150492;0;0;1882;1882;2407872;2407924;100.000;1895.796;1895.796;577.902;623.961;577.902;1.271;0.587;0.628;41.566;40.290;1.276;49.271;3.069;197.564;11.473;41.461;8.127;3.161;0;0;0;0;0;0;0;0
78;1;1;1;7549.716388;7549.908784;7549.910470;779451;148910;148910;0;0;1862;1862;2382560;2382612;100.000;1414.880;1414.880;571.827;617.396;571.827;1.683;0.512;0.552;28.983;27.297;1.686;32.723;5.816;192.396;7.122;28.573;4.761;3.261;0;0;0;0;0;0;0;0
79;1;1;1;7549.749100;7549.935535;7549.937693;784719;147042;147042;0;0;1839;1839;2352672;2352724;100.000;1091.870;1091.870;564.654;609.660;564.654;2.155;0.530;0.573;27.224;25.066;2.158;26.542;7.927;186.436;1.013;26.751;6.582;3.468;0;0;0;0;0;0;0;0
80;1;1;1;7549.782888;7549.971027;7549.972344;780701;146382;146382;0;0;1830;1830;2342112;2342164;100.000;1780.173;1780.173;562.119;606.905;562.119;1.314;0.513;0.554;34.651;33.333;1.317;42.055;3.801;188.139;2.330;35.491;2.158;3.386;0;0;0;0;0;0;0;0
81;1;1;1;7549.817052;7550.008732;7550.010073;785754;145442;145442;0;0;1819;1819;2327072;2327124;100.000;1743.208;1743.208;558.510;603.026;558.510;1.337;0.611;0.654;37.729;36.388;1.341;48.743;3.555;191.679;6.726;37.705;4.372;3.448;0;0;0;0;0;0;0;0
82;1;1;1;7549.849270;7550.044890;7550.046104;783308;145720;145720;0;0;1822;1822;2331520;2331572;100.000;1931.002;1931.002;559.577;604.167;559.577;1.211;0.452;0.494;36.031;34.817;1.214;40.677;3.370;195.620;9.424;36.158;2.825;3.409;0;0;0;0;0;0;0;0
83;1;1;1;7549.883222;7550.075808;7550.077267;782737;145846;145846;0;0;1824;1824;2333536;2333588;100.000;1607.128;1607.128;560.061;604.700;560.061;1.455;0.582;0.624;31.162;29.704;1.459;42.757;4.681;192.587;7.253;30.918;2.415;3.347;0;0;0;0;0;0;0;0
84;1;1;1;7549.918285;7550.103515;7550.105342;781874;146012;146012;0;0;1826;1826;2336192;2336244;100.000;1278.693;1278.693;560.699;605.387;560.699;1.824;0.526;0.564;28.075;26.248;1.828;30.876;6.510;185.230;1.995;27.706;5.627;3.489;0;0;0;0;0;0;0;0
85;1;1;1;7549.950243;7550.145664;7550.146814;780545;146308;146308;0;0;1829;1829;2340928;2340980;100.000;2039.911;2039.911;561.835;606.597;561.835;1.145;0.504;0.546;41.471;40.322;1.149;47.554;2.771;195.421;10.133;42.150;8.817;3.822;0;0;0;0;0;0;0;0
86;1;1;1;7549.982669;7550.176590;7550.177962;778343;146104;146104;0;0;1827;1827;2337664;2337716;100.000;1704.628;1704.628;561.052;605.764;561.052;1.369;0.607;0.647;31.149;29.776;1.372;47.155;4.405;193.921;7.948;30.926;2.408;3.734;0;0;0;0;0;0;0;0
87;1;1;1;7550.015998;7550.213346;7550.214690;778458;145634;145634;0;0;1821;1821;2330144;2330196;100.000;1743.301;1743.301;559.247;603.813;559.247;1.341;0.553;0.593;36.728;35.384;1.344;44.154;3.659;197.348;11.343;36.756;3.423;3.715;0;0;0;0;0;0;0;0
88;1;1;1;7550.049243;7550.242584;7550.244048;778592;145652;145652;0;0;1821;1821;2330432;2330484;100.000;1601.189;1601.189;559.316;603.882;559.316;1.450;0.622;0.664;29.357;27.893;1.464;45.380;4.987;193.341;7.367;29.237;4.096;3.738;0;0;0;0;0;0;0;0
89;1;1;1;7550.084866;7550.279351;7550.280993;779952;146464;146464;0;0;1831;1831;2343424;2343476;100.000;1428.813;1428.813;562.434;607.245;562.434;1.637;0.553;0.597;36.945;35.304;1.642;36.369;4.444;194.486;10.979;36.768;3.435;3.719;0;0;0;0;0;0;0;0
90;1;1;1;7550.115704;7550.309809;7550.311136;779674;148650;148650;0;0;1859;1859;2378400;2378452;100.000;1793.164;1793.164;570.828;616.324;570.828;1.323;0.570;0.611;30.143;28.816;1.327;46.051;4.403;194.105;7.789;30.458;2.876;3.667;0;0;0;0;0;0;0;0
91;1;1;1;7550.149501;7550.346062;7550.347670;781083;149974;149974;0;0;1875;1875;2399584;2399636;100.000;1497.459;1497.459;575.913;621.800;575.913;1.605;0.571;0.622;36.533;34.926;1.607;38.720;4.400;196.562;10.989;36.253;2.920;3.620;0;0;0;0;0;0;0;0
92;1;1;1;7550.182649;7550.376966;7550.378532;780537;150044;150044;0;0;1876;1876;2400704;2400756;100.000;1537.418;1537.418;576.181;622.093;576.181;1.563;0.668;0.708;30.863;29.296;1.566;45.199;5.075;194.317;8.518;30.904;2.430;3.546;0;0;0;0;0;0;0;0
93;1;1;1;7550.216400;7550.411714;7550.413184;773046;148126;148126;0;0;1852;1852;2370016;2370068;100.000;1624.186;1624.186;568.816;614.141;568.816;1.464;0.549;0.596;34.651;33.182;1.470;40.525;4.241;195.314;9.836;34.748;1.415;3.412;0;0;0;0;0;0;0;0
94;1;1;1;7550.249345;7550.446426;7550.447696;770822;145994;145994;0;0;1825;1825;2335904;2335956;100.000;1839.879;1839.879;560.629;605.293;560.629;1.267;0.581;0.621;34.512;33.242;1.270;48.912;3.680;197.080;11.015;34.712;1.378;3.285;0;0;0;0;0;0;0;0
95;1;1;1;7550.283215;7550.479664;7550.481665;778859;143854;143854;0;0;1799;1799;2301664;2301716;100.000;1152.106;1152.106;552.412;596.439;552.412;1.995;0.592;0.643;33.968;31.968;2.000;32.157;5.888;196.449;11.650;33.238;0.095;3.086;0;0;0;0;0;0;0;0
96;1;1;1;7550.315868;7550.514629;7550.516077;778333;144278;144278;0;0;1804;1804;2308448;2308500;100.000;1598.168;1598.168;554.040;598.189;554.040;1.443;0.646;0.694;34.412;32.965;1.447;47.927;4.205;198.762;12.729;34.965;1.632;2.995;0;0;0;0;0;0;0;0
97;1;1;1;7550.350510;7550.542973;7550.544550;782798;144196;144196;0;0;1803;1803;2307136;2307188;100.000;1465.114;1465.114;553.725;597.850;553.725;1.573;0.661;0.701;28.474;26.897;1.577;44.438;5.538;192.463;7.869;28.344;4.990;3.120;0;0;0;0;0;0;0;0
98;1;1;1;7550.382142;7550.577358;7550.578801;781418;144552;144552;0;0;1807;1807;2312832;2312884;100.000;1607.407;1607.407;555.092;599.315;555.092;1.439;0.474;0.527;34.251;32.808;1.442;36.527;4.211;195.216;8.787;34.385;1.052;2.990;0;0;0;0;0;0;0;0
99;1;1;1;7550.416094;7550.607591;7550.609143;777382;144056;144056;0;0;1801;1801;2304896;2304948;100.000;1487.128;1487.128;553.188;597.264;553.188;1.548;0.668;0.706;30.342;28.790;1.552;45.525;5.114;191.497;5.795;30.232;3.101;2.997;0;0;0;0;0;0;0;0
100;1;1;1;7550.449805;7550.637664;7550.639186;778267;144366;144366;0;0;1805;1805;2309856;2309908;100.000;1520.429;1520.429;554.378;598.552;554.378;1.519;0.420;0.459;30.043;28.521;1.522;30.156;5.067;187.858;2.505;30.073;3.260;3.014;0;0;0;0;0;0;0;0
101;1;1;1;7550.483184;7550.669582;7550.671406;780699;144336;144336;0;0;1805;1805;2309376;2309428;100.000;1268.558;1268.558;554.263;598.437;554.263;1.819;0.517;0.558;32.220;30.396;1.823;30.600;5.659;186.399;1.392;31.919;1.415;2.914;0;0;0;0;0;0;0;0
102;1;1;1;7550.516807;7550.705441;7550.706900;780328;144522;144522;0;0;1807;1807;2312352;2312404;100.000;1589.196;1589.196;554.977;599.200;554.977;1.456;0.522;0.564;35.494;34.035;1.459;38.679;4.111;188.634;3.553;35.858;2.525;2.890;0;0;0;0;0;0;0;0
103;1;1;1;7550.548995;7550.745808;7550.746983;782351;144662;144662;0;0;1809;1809;2314592;2314644;100.000;1977.087;1977.087;555.515;599.786;555.515;1.171;0.546;0.598;40.083;38.908;1.175;50.850;2.932;196.812;10.302;40.367;7.034;3.149;0;0;0;0;0;0;0;0
104;1;1;1;7550.582692;7550.776853;7550.778530;782164;144698;144698;0;0;1809;1809;2315168;2315220;100.000;1382.534;1382.534;555.653;599.925;555.653;1.654;0.611;0.650;31.547;29.870;1.678;38.730;5.318;194.161;8.516;31.045;2.288;3.095;0;0;0;0;0;0;0;0
105;1;1;1;7550.618261;7550.813581;7550.814872;783021;145744;145744;0;0;1822;1822;2331904;2331956;100.000;1816.060;1816.060;559.669;604.260;559.669;1.288;0.546;0.588;36.342;35.050;1.292;45.538;3.554;195.320;11.525;36.728;3.395;3.114;0;0;0;0;0;0;0;0
106;1;1;1;7550.651856;7550.842749;7550.844300;786829;147616;147616;0;0;1846;1846;2361856;2361908;100.000;1528.327;1528.327;566.858;612.036;566.858;1.547;0.642;0.682;29.427;27.877;1.551;44.003;5.269;190.893;7.619;29.168;4.165;3.179;0;0;0;0;0;0;0;0
107;1;1;1;7550.682952;7550.870651;7550.872444;789365;150668;150668;0;0;1884;1884;2410688;2410740;100.000;1348.963;1348.963;578.578;624.685;578.578;1.788;0.551;0.595;28.144;26.351;1.793;33.169;6.371;187.698;2.430;27.901;5.432;3.320;0;0;0;0;0;0;0;0
108;1;1;1;7550.716279;7550.911925;7550.912784;790807;152486;152486;0;0;1907;1907;2439776;2439828;100.000;2853.443;2853.443;585.559;632.230;585.559;0.857;0.468;0.509;40.341;39.481;0.859;59.241;2.130;195.646;9.437;41.274;7.941;3.609;0;0;0;0;0;0;0;0
109;1;1;1;7550.749771;7550.942129;7550.943691;789334;152368;152368;0;0;1905;1905;2437888;2437940;100.000;1564.750;1564.750;585.106;631.728;585.106;1.559;0.653;0.694;30.907;29.345;1.562;44.460;5.053;192.359;7.010;30.204;3.129;3.579;0;0;0;0;0;0;0;0
110;1;1;1;7550.782653;7550.974747;7550.977162;783753;151230;151230;0;0;1891;1891;2419680;2419732;100.000;1002.542;1002.542;580.736;627.015;580.736;2.411;0.838;0.889;33.470;31.056;2.415;36.828;7.214;192.094;7.147;32.618;0.716;3.400;0;0;0;0;0;0;0;0
111;1;1;1;7550.816506;7551.005692;7551.006919;781240;149404;149404;0;0;1868;1868;2390464;2390516;100.000;1951.900;1951.900;573.724;619.440;573.724;1.224;0.430;0.470;29.758;28.530;1.227;38.312;4.124;189.186;3.572;30.945;2.388;3.337;0;0;0;0;0;0;0;0
112;1;1;1;7550.851312;7551.046857;7551.048200;781247;147314;147314;0;0;1842;1842;2357024;2357076;100.000;1759.664;1759.664;565.698;610.778;565.698;1.341;0.551;0.590;41.281;39.937;1.344;43.893;3.255;195.545;11.520;41.165;7.831;3.618;0;0;0;0;0;0;0;0
113;1;1;1;7550.882587;7551.075893;7551.077388;783523;145778;145778;0;0;1823;1823;2332448;2332500;100.000;1568.260;1568.260;559.800;604.415;559.800;1.491;0.623;0.670;29.187;27.693;1.495;44.840;5.121;193.306;7.374;29.036;4.297;3.660;0;0;0;0;0;0;0;0
114;1;1;1;7550.916105;7551.103176;7551.105061;783046;145016;145016;0;0;1813;1813;2320256;2320308;100.000;1233.835;1233.835;556.874;601.244;556.874;1.880;0.480;0.521;27.674;25.788;1.885;27.634;6.812;187.071;1.714;27.283;6.050;3.809;0;0;0;0;0;0;0;0
115;1;1;1;7550.951771;7551.146302;7551.147406;785712;145068;145068;0;0;1814;1814;2321088;2321140;100.000;2113.095;2113.095;557.074;601.468;557.074;1.101;0.542;0.593;42.345;41.241;1.104;53.704;2.607;194.531;10.725;43.126;9.792;4.183;0;0;0;0;0;0;0;0
116;1;1;1;7550.983168;7551.181282;7551.182900;788409;145612;145612;0;0;1821;1821;2329792;2329844;100.000;1447.377;1447.377;559.163;603.728;559.163;1.612;0.677;0.725;35.494;33.876;1.618;44.812;4.557;198.114;12.886;34.980;1.647;4.025;0;0;0;0;0;0;0;0
117;1;1;1;7551.016117;7551.212247;7551.213856;785289;145938;145938;0;0;1825;1825;2335008;2335060;100.000;1452.055;1452.055;560.414;605.078;560.414;1.605;0.500;0.540;30.956;29.347;1.609;33.588;5.197;196.130;10.508;30.965;2.369;3.921;0;0;0;0;0;0;0;0
118;1;1;1;7551.049722;7551.247364;7551.249215;784314;145782;145782;0;0;1823;1823;2332512;2332564;100.000;1271.746;1271.746;559.815;604.430;559.815;1.847;1.078;1.143;35.359;33.508;1.851;61.711;5.236;197.642;12.534;35.117;1.783;3.788;0;0;0;0;0;0;0;0
119;1;1;1;7551.084517;7551.279236;7551.281133;784830;145890;145890;0;0;1824;1824;2334240;2334292;100.000;1239.881;1239.881;560.230;604.869;560.230;1.893;0.620;0.666;31.918;30.021;1.897;35.118;5.944;194.719;11.119;31.872;1.461;3.642;0;0;0;0;0;0;0;0
120;1;1;1;7551.115678;7551.312945;7551.314282;784742;145936;145936;0;0;1825;1825;2334976;2335028;100.000;1747.809;1747.809;560.407;605.070;560.407;1.326;0.515;0.565;33.148;31.812;1.336;42.307;4.032;197.267;10.934;33.709;0.376;3.438;0;0;0;0;0;0;0;0
121;1;1;1;7551.150053;7551.347509;7551.349430;787186;147208;147208;0;0;1841;1841;2355328;2355380;100.000;1228.692;1228.692;565.291;610.346;565.291;1.917;0.680;0.722;35.149;33.228;1.921;37.594;5.465;197.456;12.750;34.564;1.231;3.300;0;0;0;0;0;0;0;0
122;1;1;1;7551.182343;7551.376273;7551.377768;792161;148956;148956;0;0;1862;1862;2383296;2383348;100.000;1595.944;1595.944;572.004;617.573;572.004;1.491;0.583;0.623;28.337;26.843;1.495;41.677;5.276;193.930;7.754;28.763;4.570;3.380;0;0;0;0;0;0;0;0
123;1;1;1;7551.216326;7551.413327;7551.415048;788290;150544;150544;0;0;1882;1882;2408704;2408756;100.000;1410.065;1410.065;578.101;624.160;578.101;1.717;0.888;0.963;37.280;35.560;1.721;55.950;4.616;197.001;11.701;37.055;3.721;3.401;0;0;0;0;0;0;0;0
124;1;1;1;7551.250588;7551.444965;7551.446042;789222;152352;152352;0;0;1905;1905;2437632;2437684;100.000;2272.053;2272.053;585.044;631.666;585.044;1.074;0.454;0.495;30.994;29.916;1.077;45.956;3.476;194.377;9.361;31.637;1.696;3.294;0;0;0;0;0;0;0;0
125;1;1;1;7551.282191;7551.478674;7551.479612;787173;151154;151154;0;0;1890;1890;2418464;2418516;100.000;2580.228;2580.228;580.444;626.699;580.444;0.934;0.536;0.586;33.570;32.632;0.938;62.454;2.794;196.483;9.598;33.709;0.376;3.112;0;0;0;0;0;0;0;0
126;1;1;1;7551.316624;7551.511399;7551.513082;776279;149098;149098;0;0;1864;1864;2385568;2385620;100.000;1419.260;1419.260;572.549;618.167;572.549;1.680;0.545;0.585;33.471;31.787;1.683;34.752;5.029;194.774;9.735;32.725;0.608;2.955;0;0;0;0;0;0;0;0
127;1;1;1;7551.350508;7551.545241;7551.546187;773912;146584;146584;0;0;1833;1833;2345344;2345396;100.000;2483.539;2483.539;562.895;607.754;562.895;0.943;0.510;0.551;33.105;32.159;0.946;58.244;2.859;194.732;9.506;33.842;0.509;2.803;0;0;0;0;0;0;0;0
128;1;1;1;7551.382697;7551.575793;7551.577588;773302;144802;144802;0;0;1811;1811;2316832;2316884;100.000;1295.035;1295.035;556.052;600.373;556.052;1.791;0.555;0.594;31.401;29.606;1.795;33.094;5.716;193.096;7.574;30.552;2.781;2.801;0;0;0;0;0;0;0;0
129;1;1;1;7551.417086;7551.610910;7551.611953;777001;143780;143780;0;0;1798;1798;2300480;2300532;100.000;2209.320;2209.320;552.128;596.130;552.128;1.039;0.414;0.452;34.365;33.322;1.043;43.395;3.034;193.824;8.606;35.117;1.784;2.738;0;0;0;0;0;0;0;0
130;1;1;1;7551.448996;7551.645668;7551.647457;783174;143698;143698;0;0;1797;1797;2299168;2299220;100.000;1286.720;1286.720;551.813;595.791;551.813;1.785;0.609;0.658;35.504;33.715;1.789;36.782;5.038;196.672;10.776;34.758;1.424;2.656;0;0;0;0;0;0;0;0
131;1;1;1;7551.482818;7551.681089;7551.682320;786108;144598;144598;0;0;1808;1808;2313568;2313620;100.000;1885.239;1885.239;555.269;599.516;555.269;1.228;0.611;0.652;34.864;33.632;1.231;52.916;3.532;198.271;12.306;35.421;2.088;2.620;0;0;0;0;0;0;0;0
132;1;1;1;7551.515809;7551.710162;7551.712052;785622;144478;144478;0;0;1806;1806;2311648;2311700;100.000;1225.284;1225.284;554.808;599.006;554.808;1.886;0.601;0.639;29.731;27.842;1.889;33.808;6.355;194.353;8.704;29.073;4.260;2.723;0;0;0;0;0;0;0;0
133;1;1;1;7551.549511;7551.744692;7551.745832;787265;143954;143954;0;0;1800;1800;2303264;2303316;100.000;2025.013;2025.013;552.796;596.847;552.796;1.136;0.585;0.639;33.780;32.641;1.140;56.061;3.374;195.181;9.151;34.530;1.197;2.627;0;0;0;0;0;0;0;0
134;1;1;1;7551.583358;7551.780774;7551.782183;787734;143904;143904;0;0;1799;1799;2302464;2302516;100.000;1635.700;1635.700;552.604;596.631;552.604;1.404;0.604;0.649;36.351;34.942;1.409;46.072;3.877;197.416;12.169;36.082;2.748;2.635;0;0;0;0;0;0;0;0
135;1;1;1;7551.615732;7551.808786;7551.811064;786766;143596;143596;0;0;1795;1795;2297536;2297588;100.000;1008.747;1008.747;551.421;595.350;551.421;2.275;0.676;0.718;28.881;26.602;2.278;31.515;7.889;193.053;7.717;28.012;5.322;2.803;0;0;0;0;0;0;0;0
136;1;1;1;7551.649844;7551.838187;7551.839344;787622;141136;141136;0;0;1765;1765;2258176;2258228;100.000;1953.107;1953.107;541.975;585.169;541.975;1.145;0.449;0.495;28.280;27.123;1.157;42.731;4.092;188.342;2.663;29.401;3.932;2.873;0;0;0;0;0;0;0;0
137;1;1;1;7551.683718;7551.877016;7551.878539;784509;139854;139854;0;0;1749;1749;2237664;2237716;100.000;1473.394;1473.394;537.052;579.855;537.052;1.520;0.561;0.599;39.195;37.672;1.523;39.347;3.887;193.298;8.525;38.829;5.496;3.037;0;0;0;0;0;0;0;0
138;1;1;1;7551.715769;7551.911491;7551.912608;782962;141162;141162;0;0;1765;1765;2258592;2258644;100.000;2024.956;2024.956;542.075;585.269;542.075;1.112;0.463;0.506;34.069;32.952;1.117;45.364;3.277;195.723;9.261;34.476;1.142;2.919;0;0;0;0;0;0;0;0
139;1;1;1;7551.749495;7551.946980;7551.948802;785441;143262;143262;0;0;1791;1791;2292192;2292244;100.000;1265.156;1265.156;550.139;593.970;550.139;1.818;0.576;0.618;36.194;34.372;1.821;33.911;5.032;197.485;12.121;35.489;2.156;2.871;0;0;0;0;0;0;0;0
140;1;1;1;7551.783321;7551.972805;7551.973940;786857;145806;145806;0;0;1823;1823;2332896;2332948;100.000;2066.147;2066.147;559.908;604.522;559.908;1.132;0.451;0.490;25.139;24.003;1.135;43.136;4.517;189.484;3.926;25.824;7.509;3.161;0;0;0;0;0;0;0;0
141;1;1;1;7551.817040;7552.013165;7552.014895;786209;147146;147146;0;0;1840;1840;2354336;2354388;100.000;1365.819;1365.819;565.053;610.084;565.053;1.726;0.893;0.964;40.955;39.224;1.730;55.709;4.225;196.125;11.548;40.360;7.027;3.403;0;0;0;0;0;0;0;0
142;1;1;1;7551.850175;7552.047971;7552.049764;785895;147490;147490;0;0;1844;1844;2359840;2359892;100.000;1320.013;1320.013;566.374;611.503;566.374;1.785;0.659;0.709;34.869;33.076;1.793;39.534;5.143;197.796;13.084;34.806;1.473;3.282;0;0;0;0;0;0;0;0
143;1;1;1;7551.882545;7552.078422;7552.079584;783109;146146;146146;0;0;1827;1827;2338336;2338388;100.000;2014.191;2014.191;561.213;605.926;561.213;1.158;0.504;0.550;29.819;28.657;1.162;47.300;3.896;195.876;9.569;30.451;2.883;3.257;0;0;0;0;0;0;0;0
144;1;1;1;7551.916189;7552.114535;7552.116360;783994;145218;145218;0;0;1816;1816;2323488;2323540;100.000;1277.453;1277.453;557.650;602.093;557.650;1.821;0.685;0.732;36.777;34.951;1.825;40.116;4.964;198.346;13.013;36.113;2.780;3.227;0;0;0;0;0;0;0;0
145;1;1;1;7551.950390;7552.140651;7552.141816;785959;144768;144768;0;0;1810;1810;2316288;2316340;100.000;2012.251;2012.251;555.922;600.218;555.922;1.161;0.522;0.563;25.455;24.291;1.164;48.326;4.574;190.261;5.135;26.116;7.217;3.477;0;0;0;0;0;0;0;0
146;1;1;1;7551.982309;7552.178365;7552.179802;789030;145716;145716;0;0;1822;1822;2331456;2331508;100.000;1632.130;1632.130;559.562;604.152;559.562;1.433;0.509;0.552;37.986;36.550;1.437;38.425;3.782;196.057;9.788;37.714;4.381;3.533;0;0;0;0;0;0;0;0
147;1;1;1;7552.017029;7552.210765;7552.212046;794594;147238;147238;0;0;1841;1841;2355808;2355860;100.000;1843.765;1843.765;565.406;610.462;565.406;1.277;0.581;0.632;32.244;30.963;1.281;49.328;3.974;193.736;8.699;32.400;0.934;3.371;0;0;0;0;0;0;0;0
148;1;1;1;7552.048426;7552.239173;7552.240622;797998;146864;146864;0;0;1836;1836;2349824;2349876;100.000;1625.308;1625.308;563.970;608.903;563.970;1.446;0.491;0.531;28.575;27.126;1.449;36.674;5.070;190.747;3.941;28.408;4.926;3.468;0;0;0;0;0;0;0;0
149;1;1;1;7552.082792;7552.277227;7552.278221;798639;147738;147738;0;0;1847;1847;2363808;2363860;100.000;2392.458;2392.458;567.326;612.528;567.326;0.991;0.487;0.527;37.600;36.605;0.994;53.003;2.644;194.434;8.207;38.054;4.721;3.546;0;0;0;0;0;0;0;0
150;1;1;1;7552.116560;7552.312709;7552.314608;796693;148090;148090;0;0;1852;1852;2369440;2369492;100.000;1253.852;1253.852;568.678;614.003;568.678;1.896;0.579;0.624;36.386;34.488;1.899;32.887;5.219;196.149;11.260;35.482;2.149;3.459;0;0;0;0;0;0;0;0
151;1;1;1;7552.148891;7552.343122;7552.344735;794717;147952;147952;0;0;1850;1850;2367232;2367284;100.000;1473.432;1473.432;568.148;613.424;568.148;1.609;0.687;0.728;30.127;28.515;1.613;45.155;5.352;194.231;8.054;30.413;2.920;3.425;0;0;0;0;0;0;0;0
152;1;1;1;7552.183302;7552.379991;7552.381312;792861;148152;148152;0;0;1852;1852;2370432;2370484;100.000;1804.595;1804.595;568.916;614.241;568.916;1.308;0.563;0.603;36.577;35.257;1.320;45.710;3.609;196.689;11.297;36.869;3.536;3.432;0;0;0;0;0;0;0;0
153;1;1;1;7552.216354;7552.409723;7552.411429;792789;147662;147662;0;0;1846;1846;2362592;2362644;100.000;1389.148;1389.148;567.035;612.212;567.035;1.703;0.552;0.591;30.117;28.411;1.706;34.666;5.663;193.369;8.081;29.732;3.602;3.443;0;0;0;0;0;0;0;0
154;1;1;1;7552.249554;7552.437706;7552.439049;792309;147945;147945;0;0;1850;1850;2367120;2367172;100.000;1775.671;1775.671;568.121;613.397;568.121;1.339;0.651;0.697;27.621;26.278;1.343;51.890;4.863;188.152;2.369;27.983;5.350;3.562;0;0;0;0;0;0;0;0
155;1;1;1;7552.283160;7552.478584;7552.480111;791925;147762;147762;0;0;1848;1848;2364192;2364244;100.000;1554.790;1554.790;567.419;612.645;567.419;1.523;0.541;0.587;41.061;39.535;1.527;38.464;3.718;195.424;10.097;40.878;7.545;3.811;0;0;0;0;0;0;0;0
156;1;1;1;7552.316524;7552.510573;7552.511662;793795;148592;148592;0;0;1858;1858;2377472;2377524;100.000;2186.324;2186.324;570.606;616.077;570.606;1.083;0.543;0.587;31.551;30.463;1.088;53.952;3.449;194.049;8.314;31.989;1.344;3.657;0;0;0;0;0;0;0;0
157;1;1;1;7552.349139;7552.546193;7552.547949;793460;148650;148650;0;0;1859;1859;2378400;2378452;100.000;1355.891;1355.891;570.828;616.324;570.828;1.751;0.578;0.624;36.287;34.532;1.755;35.576;4.836;197.055;11.268;35.620;2.287;3.571;0;0;0;0;0;0;0;0
158;1;1;1;7552.383174;7552.577644;7552.579006;795527;147554;147554;0;0;1845;1845;2360864;2360916;100.000;1740.508;1740.508;566.620;611.773;566.620;1.358;0.547;0.588;31.058;29.695;1.362;43.133;4.386;194.470;8.992;31.450;1.883;3.465;0;0;0;0;0;0;0;0
159;1;1;1;7552.417751;7552.612591;7552.614142;798776;146024;146024;0;0;1826;1826;2336384;2336436;100.000;1506.843;1506.843;560.745;605.433;560.745;1.547;0.628;0.677;35.136;33.585;1.551;43.629;4.415;194.841;10.795;34.947;1.614;3.350;0;0;0;0;0;0;0;0
160;1;1;1;7552.448717;7552.643292;7552.644772;799362;143192;143192;0;0;1790;1790;2291072;2291124;100.000;1553.910;1553.910;549.870;593.676;549.870;1.476;0.530;0.568;30.629;29.149;1.480;38.358;4.832;194.575;8.091;30.701;2.633;3.305;0;0;0;0;0;0;0;0
161;1;1;1;7552.482904;7552.679803;7552.681205;789777;141480;141480;0;0;1769;1769;2263680;2263732;100.000;1617.606;1617.606;543.296;586.588;543.296;1.397;0.670;0.716;36.433;35.031;1.402;51.083;3.849;196.898;11.191;36.511;3.178;3.297;0;0;0;0;0;0;0;0
162;1;1;1;7552.516009;7552.711827;7552.713600;790930;139820;139820;0;0;1748;1748;2237120;2237172;100.000;1269.183;1269.183;536.921;579.700;536.921;1.770;0.617;0.660;32.395;30.621;1.773;37.244;5.474;195.818;10.253;32.024;1.310;3.173;0;0;0;0;0;0;0;0
163;1;1;1;7552.549735;7552.745150;7552.746211;793734;138532;138532;0;0;1732;1732;2216512;2216564;100.000;2090.424;2090.424;531.975;574.362;531.975;1.058;0.527;0.582;32.611;31.550;1.061;54.881;3.254;195.414;9.530;33.323;0.010;2.975;0;0;0;0;0;0;0;0
164;1;1;1;7552.582401;7552.780918;7552.782233;792883;138018;138018;0;0;1726;1726;2208288;2208340;100.000;1687.970;1687.970;530.002;572.242;530.002;1.311;0.537;0.575;36.022;34.707;1.315;43.715;3.651;198.517;12.219;35.769;2.435;2.941;0;0;0;0;0;0;0;0
165;1;1;1;7552.616398;7552.809664;7552.811149;791299;138142;138142;0;0;1727;1727;2210272;2210324;100.000;1497.943;1497.943;530.478;572.742;530.478;1.482;0.660;0.698;28.915;27.431;1.485;47.011;5.134;193.266;7.801;28.746;4.587;3.044;0;0;0;0;0;0;0;0
166;1;1;1;7552.649039;7552.838971;7552.840304;789485;138460;138460;0;0;1731;1731;2215360;2215412;100.000;1662.868;1662.868;531.699;574.061;531.699;1.330;0.460;0.503;29.156;27.823;1.333;37.744;4.572;189.932;3.624;29.307;4.026;3.106;0;0;0;0;0;0;0;0
167;1;1;1;7552.683503;7552.877657;7552.878734;789977;138716;138716;0;0;1734;1734;2219456;2219508;100.000;2063.831;2063.831;532.682;575.118;532.682;1.074;0.418;0.459;38.430;37.353;1.077;42.601;2.802;194.154;8.720;38.686;5.353;3.246;0;0;0;0;0;0;0;0
168;1;1;1;7552.715759;7552.911807;7552.912926;791598;139622;139622;0;0;1746;1746;2233952;2234004;100.000;2004.439;2004.439;536.161;578.891;536.161;1.111;0.479;0.522;34.192;33.072;1.119;46.613;3.273;196.047;9.578;34.149;0.816;3.094;0;0;0;0;0;0;0;0
169;1;1;1;7552.749475;7552.943854;7552.945357;795034;139918;139918;0;0;1749;1749;2238688;2238740;100.000;1496.429;1496.429;537.298;580.101;537.298;1.498;0.481;0.521;32.431;30.928;1.503;34.689;4.634;194.379;8.676;32.048;1.286;2.981;0;0;0;0;0;0;0;0
170;1;1;1;7552.783225;7552.972755;7552.973890;794863;140286;140286;0;0;1754;1754;2244576;2244628;100.000;1986.177;1986.177;538.711;581.636;538.711;1.132;0.411;0.449;28.533;27.398;1.135;39.541;3.980;189.530;3.876;28.901;4.433;3.072;0;0;0;0;0;0;0;0
171;1;1;1;7552.816281;7553.009904;7553.011289;794885;141226;141226;0;0;1766;1766;2259616;2259668;100.000;1633.895;1633.895;542.320;585.540;542.320;1.382;0.502;0.540;37.398;36.014;1.385;38.965;3.703;193.623;7.941;37.149;3.816;3.118;0;0;0;0;0;0;0;0
172;1;1;1;7552.849561;7553.044392;7553.045395;788905;141276;141276;0;0;1766;1766;2260416;2260468;100.000;2255.608;2255.608;542.512;585.732;542.512;0.999;0.496;0.533;34.107;33.103;1.004;53.140;2.943;194.830;8.715;34.488;1.154;2.996;0;0;0;0;0;0;0;0
173;1;1;1;7552.882597;7553.078364;7553.079824;787376;140380;140380;0;0;1755;1755;2246080;2246132;100.000;1545.370;1545.370;539.072;582.022;539.072;1.457;0.494;0.549;34.429;32.969;1.460;37.569;4.241;195.767;9.810;33.973;0.639;2.848;0;0;0;0;0;0;0;0
174;1;1;1;7552.916095;7553.109124;7553.111122;791921;138596;138596;0;0;1733;1733;2217536;2217588;100.000;1110.679;1110.679;532.221;574.632;532.221;1.992;1.149;1.214;31.298;29.300;1.998;60.771;6.384;193.029;7.775;30.760;2.573;2.831;0;0;0;0;0;0;0;0
175;1;1;1;7552.949544;7553.145359;7553.146392;785044;137098;137098;0;0;1714;1714;2193568;2193620;100.000;2136.128;2136.128;526.469;568.415;526.469;1.028;0.469;0.509;35.270;34.237;1.033;49.276;2.928;195.816;9.711;36.235;2.902;2.836;0;0;0;0;0;0;0;0
176;1;1;1;7552.982640;7553.176193;7553.177849;785759;136788;136788;0;0;1710;1710;2188608;2188660;100.000;1323.937;1323.937;525.278;567.127;525.278;1.651;0.500;0.538;31.458;29.802;1.656;32.478;5.264;193.554;7.835;30.834;2.499;2.815;0;0;0;0;0;0;0;0
177;1;1;1;7553.016381;7553.210751;7553.211832;782963;136884;136884;0;0;1712;1712;2190144;2190196;100.000;2031.864;2031.864;525.647;567.544;525.647;1.078;0.403;0.439;33.983;32.901;1.082;40.631;3.183;194.370;8.485;34.557;1.224;2.715;0;0;0;0;0;0;0;0
178;1;1;1;7553.048944;7553.246632;7553.248550;783666;138258;138258;0;0;1729;1729;2212128;2212180;100.000;1153.393;1153.393;530.923;573.237;530.923;1.913;0.660;0.703;36.718;34.799;1.919;36.641;5.225;197.688;11.870;35.881;2.548;2.705;0;0;0;0;0;0;0;0
179;1;1;1;7553.082775;7553.278512;7553.279360;786714;138600;138600;0;0;1733;1733;2217600;2217652;100.000;2617.216;2617.216;532.236;574.648;532.236;0.845;0.434;0.472;30.810;29.962;0.848;55.615;2.754;195.737;9.346;31.880;1.453;2.626;0;0;0;0;0;0;0;0
180;1;1;1;7553.115717;7553.313023;7553.314718;787583;139086;139086;0;0;1739;1739;2225376;2225428;100.000;1314.792;1314.792;534.103;576.661;534.103;1.691;0.523;0.566;35.358;33.662;1.695;33.369;4.795;197.305;11.370;34.511;1.177;2.536;0;0;0;0;0;0;0;0
181;1;1;1;7553.149282;7553.343961;7553.345216;793719;139098;139098;0;0;1739;1739;2225568;2225620;100.000;1777.303;1777.303;534.149;576.707;534.149;1.251;0.562;0.599;30.498;29.243;1.255;47.706;4.114;194.679;8.535;30.938;2.395;2.527;0;0;0;0;0;0;0;0
182;1;1;1;7553.182977;7553.379536;7553.380578;792329;139598;139598;0;0;1745;1745;2233568;2233620;100.000;2151.402;2151.402;536.069;578.774;536.069;1.039;0.548;0.586;35.362;34.320;1.042;56.279;2.946;196.559;10.564;35.575;2.242;2.509;0;0;0;0;0;0;0;0
183;1;1;1;7553.215976;7553.410643;7553.412198;801464;141888;141888;0;0;1774;1774;2270208;2270260;100.000;1462.380;1462.380;544.862;588.277;544.862;1.551;0.488;0.526;31.620;30.065;1.555;33.789;4.919;194.667;8.850;31.107;2.227;2.492;0;0;0;0;0;0;0;0
184;1;1;1;7553.249818;7553.446806;7553.448060;796948;145036;145036;0;0;1813;1813;2320576;2320628;100.000;1860.411;1860.411;556.951;601.320;556.951;1.246;0.658;0.706;35.863;34.608;1.255;56.281;3.499;196.988;11.380;36.163;2.830;2.513;0;0;0;0;0;0;0;0
185;1;1;1;7553.283183;7553.478960;7553.480995;802598;147102;147102;0;0;1839;1839;2353632;2353684;100.000;1160.703;1160.703;564.884;609.890;564.884;2.031;0.627;0.669;32.934;30.899;2.035;32.874;6.179;195.776;10.980;32.154;1.179;2.429;0;0;0;0;0;0;0;0
186;1;1;1;7553.316416;7553.511703;7553.512804;797039;149128;149128;0;0;1865;1865;2386048;2386100;100.000;2171.423;2171.423;572.664;618.307;572.664;1.098;0.553;0.599;31.810;30.709;1.101;54.345;3.462;195.287;9.457;32.744;0.590;2.314;0;0;0;0;0;0;0;0
187;1;1;1;7553.349263;7553.547802;7553.549177;797511;148974;148974;0;0;1863;1863;2383584;2383636;100.000;1736.271;1736.271;572.073;617.666;572.073;1.371;0.585;0.626;36.373;34.997;1.375;45.527;3.781;198.539;12.497;36.099;2.765;2.343;0;0;0;0;0;0;0;0
188;1;1;1;7553.383138;7553.576604;7553.578196;794879;147856;147856;0;0;1849;1849;2365696;2365748;100.000;1492.488;1492.488;567.780;613.031;567.780;1.587;0.666;0.708;29.018;27.427;1.591;44.486;5.484;193.466;8.181;28.802;4.531;2.479;0;0;0;0;0;0;0;0
189;1;1;1;7553.415853;7553.610898;7553.612479;793590;145718;145718;0;0;1822;1822;2331488;2331540;100.000;1482.366;1482.366;559.570;604.160;559.570;1.578;0.477;0.520;34.284;32.703;1.581;32.890;4.611;195.045;9.132;34.294;0.961;2.384;0;0;0;0;0;0;0;0
190;1;1;1;7553.450230;7553.646235;7553.647548;788938;143848;143848;0;0;1799;1799;2301568;2301620;100.000;1757.259;1757.259;552.389;596.416;552.389;1.308;0.658;0.705;35.068;33.756;1.312;53.734;3.743;196.005;10.867;35.337;2.003;2.361;0;0;0;0;0;0;0;0
191;1;1;1;7553.482388;7553.676782;7553.678325;784846;142800;142800;0;0;1785;1785;2284800;2284852;100.000;1485.955;1485.955;548.364;592.049;548.364;1.539;0.586;0.624;30.778;29.235;1.543;40.447;5.014;194.394;8.311;30.547;2.786;2.387;0;0;0;0;0;0;0;0
192;1;1;1;7553.516036;7553.713647;7553.715773;788004;142404;142404;0;0;1781;1781;2278464;2278516;100.000;1075.893;1075.893;546.844;590.430;546.844;2.122;0.899;0.985;37.448;35.322;2.127;46.307;5.679;197.611;12.426;36.865;3.531;2.459;0;0;0;0;0;0;0;0
193;1;1;1;7553.549912;7553.748115;7553.749489;795964;142560;142560;0;0;1782;1782;2280960;2281012;100.000;1666.907;1666.907;547.443;591.054;547.443;1.370;0.588;0.637;33.716;32.342;1.374;46.320;4.076;198.203;12.809;34.468;1.135;2.376;0;0;0;0;0;0;0;0
194;1;1;1;7553.582491;7553.779255;7553.781161;799207;143286;143286;0;0;1792;1792;2292576;2292628;100.000;1208.763;1208.763;550.231;594.086;550.231;1.902;0.722;0.777;31.672;29.766;1.906;40.778;6.019;196.764;11.147;31.140;2.194;2.365;0;0;0;0;0;0;0;0
195;1;1;1;7553.615967;7553.815262;7553.816384;799402;144392;144392;0;0;1805;1805;2310272;2310324;100.000;2065.599;2065.599;554.478;598.652;554.478;1.118;0.592;0.631;35.222;34.101;1.122;56.268;3.185;199.295;13.036;36.007;2.673;2.384;0;0;0;0;0;0;0;0
196;1;1;1;7553.650119;7553.845204;7553.847195;800483;145043;145043;0;0;1814;1814;2320688;2320740;100.000;1170.057;1170.057;556.978;601.372;556.978;1.986;0.657;0.698;30.812;28.821;1.991;35.079;6.463;195.085;10.515;29.943;3.391;2.447;0;0;0;0;0;0;0;0
197;1;1;1;7553.682297;7553.878579;7553.879609;798336;145944;145944;0;0;1825;1825;2335104;2335156;100.000;2265.630;2265.630;560.437;605.101;560.437;1.028;0.512;0.556;32.414;31.383;1.031;53.928;3.181;196.282;9.595;33.374;0.041;2.296;0;0;0;0;0;0;0;0
198;1;1;1;7553.716804;7553.911846;7553.913532;798454;146568;146568;0;0;1833;1833;2345088;2345140;100.000;1393.989;1393.989;562.834;607.693;562.834;1.683;0.432;0.472;33.922;32.236;1.686;27.988;4.970;195.042;10.184;33.267;0.066;2.157;0;0;0;0;0;0;0;0
199;1;1;1;7553.749146;7553.940256;7553.941454;800770;147434;147434;0;0;1843;1843;2358944;2358996;100.000;1976.682;1976.682;566.159;611.263;566.159;1.194;0.522;0.562;27.922;26.725;1.198;46.933;4.289;191.110;4.773;28.411;4.923;2.330;0;0;0;0;0;0;0;0
200;1;1;1;7553.783252;7553.975981;7553.977621;802378;148866;148866;0;0;1861;1861;2381856;2381908;100.000;1453.724;1453.724;571.658;617.203;571.658;1.625;0.715;0.756;36.167;34.527;1.640;46.130;4.534;192.729;7.607;35.725;2.392;2.334;0;0;0;0;0;0;0;0
201;1;1;1;7553.816807;7554.012600;7554.014408;805285;150350;150350;0;0;1880;1880;2405600;2405652;100.000;1335.002;1335.002;577.356;623.366;577.356;1.805;0.543;0.584;36.787;34.978;1.808;32.302;4.915;195.792;11.060;36.618;3.285;2.393;0;0;0;0;0;0;0;0
202;1;1;1;7553.848822;7554.043602;7554.045253;803318;152012;152012;0;0;1901;1901;2432192;2432244;100.000;1475.623;1475.623;583.739;630.263;583.739;1.647;0.692;0.733;30.845;29.194;1.651;44.392;5.352;194.780;8.572;31.002;2.331;2.389;0;0;0;0;0;0;0;0
203;1;1;1;7553.883249;7554.078547;7554.080067;802036;152816;152816;0;0;1911;1911;2445056;2445108;100.000;1615.021;1615.021;586.826;633.595;586.826;1.516;0.557;0.603;34.814;33.294;1.520;39.682;4.366;195.297;10.053;34.945;1.612;2.341;0;0;0;0;0;0;0;0
204;1;1;1;7553.915677;7554.109726;7554.111383;810228;152942;152942;0;0;1912;1912;2447072;2447124;100.000;1481.959;1481.959;587.310;634.103;587.310;1.651;0.714;0.761;31.316;29.659;1.657;45.913;5.290;194.049;8.035;31.179;2.154;2.329;0;0;0;0;0;0;0;0
205;1;1;1;7553.949262;7554.136953;7554.138709;808185;152382;152382;0;0;1905;1905;2438112;2438164;100.000;1392.176;1392.176;585.159;631.781;585.159;1.752;0.547;0.589;27.326;25.571;1.755;33.545;6.424;187.692;2.028;27.227;6.106;2.565;0;0;0;0;0;0;0;0
206;1;1;1;7553.982548;7554.179142;7554.180403;815223;150790;150790;0;0;1885;1885;2412640;2412692;100.000;1927.110;1927.110;579.046;625.178;579.046;1.257;0.594;0.637;41.694;40.433;1.261;50.495;3.024;196.593;10.389;42.189;8.855;2.958;0;0;0;0;0;0;0;0
207;1;1;1;7554.016381;7554.210210;7554.212103;799426;149044;149044;0;0;1864;1864;2384704;2384756;100.000;1260.531;1260.531;572.341;617.960;572.341;1.891;0.610;0.650;31.701;29.807;1.894;34.311;5.973;193.829;8.756;31.068;2.265;2.915;0;0;0;0;0;0;0;0
208;1;1;1;7554.048816;7554.246797;7554.248171;790320;147638;147638;0;0;1846;1846;2362208;2362260;100.000;1726.813;1726.813;566.942;612.120;566.942;1.370;0.748;0.800;36.067;34.694;1.374;58.263;3.809;197.981;11.490;36.587;3.254;2.936;0;0;0;0;0;0;0;0
209;1;1;1;7554.083476;7554.278958;7554.280921;795945;145656;145656;0;0;1821;1821;2330496;2330548;100.000;1191.910;1191.910;559.332;603.897;559.332;1.960;0.652;0.693;32.750;30.787;1.963;35.283;5.994;195.482;10.907;32.161;1.173;2.826;0;0;0;0;0;0;0;0
210;1;1;1;7554.117242;7554.312837;7554.314142;792891;144144;144144;0;0;1802;1802;2306304;2306356;100.000;1771.582;1771.582;553.525;597.626;553.525;1.301;0.649;0.698;33.221;31.916;1.305;53.489;3.927;195.595;10.794;33.879;0.546;2.683;0;0;0;0;0;0;0;0
211;1;1;1;7554.149217;7554.344139;7554.345419;797320;143206;143206;0;0;1791;1791;2291296;2291348;100.000;1804.625;1804.625;549.924;593.755;549.924;1.277;0.564;0.604;31.278;29.997;1.281;47.161;4.094;194.921;8.738;31.302;2.032;2.643;0;0;0;0;0;0;0;0
212;1;1;1;7554.183128;7554.381639;7554.383112;805214;142122;142122;0;0;1777;1777;2273952;2274004;100.000;1549.356;1549.356;545.761;589.249;545.761;1.469;0.562;0.602;37.693;36.220;1.473;40.865;3.908;198.511;13.098;37.501;4.167;2.738;0;0;0;0;0;0;0;0
213;1;1;1;7554.215570;7554.410980;7554.412387;797126;141596;141596;0;0;1770;1770;2265536;2265588;100.000;1612.324;1612.324;543.741;587.058;543.741;1.403;0.561;0.599;29.275;27.868;1.407;42.576;4.806;195.410;9.040;29.341;3.992;2.816;0;0;0;0;0;0;0;0
214;1;1;1;7554.250329;7554.446997;7554.448397;803136;141814;141814;0;0;1773;1773;2269024;2269076;100.000;1624.432;1624.432;544.578;587.969;544.578;1.397;0.543;0.584;36.010;34.610;1.400;41.734;3.888;196.668;11.717;36.017;2.684;2.808;0;0;0;0;0;0;0;0
215;1;1;1;7554.282094;7554.478293;7554.479383;809297;143036;143036;0;0;1788;1788;2288576;2288628;100.000;2113.768;2113.768;549.271;593.028;549.271;1.087;0.432;0.470;30.986;29.896;1.090;43.089;3.518;196.199;9.369;31.296;2.037;2.760;0;0;0;0;0;0;0;0
216;1;1;1;7554.316464;7554.513541;7554.515094;808156;144130;144130;0;0;1802;1802;2306080;2306132;100.000;1487.807;1487.807;553.472;597.572;553.472;1.542;0.589;0.631;35.710;34.158;1.553;40.621;4.348;197.077;11.746;35.248;1.915;2.707;0;0;0;0;0;0;0;0
217;1;1;1;7554.349076;7554.546729;7554.548038;810355;146106;146106;0;0;1827;1827;2337696;2337748;100.000;1788.216;1788.216;561.060;605.772;561.060;1.305;0.632;0.678;32.944;31.636;1.308;51.818;3.971;197.653;11.357;33.188;0.145;2.547;0;0;0;0;0;0;0;0
218;1;1;1;7554.383502;7554.578308;7554.580162;810211;148782;148782;0;0;1860;1860;2380512;2380564;100.000;1285.205;1285.205;571.335;616.856;571.335;1.850;0.591;0.634;32.124;30.270;1.854;34.204;5.771;194.806;10.148;31.579;1.755;2.497;0;0;0;0;0;0;0;0
219;1;1;1;7554.415491;7554.613837;7554.615190;808645;150220;150220;0;0;1878;1878;2403520;2403572;100.000;1785.662;1785.662;576.857;622.818;576.857;1.349;0.608;0.653;35.028;33.676;1.353;48.248;3.861;198.347;11.843;35.529;2.196;2.479;0;0;0;0;0;0;0;0
220;1;1;1;7554.449728;7554.645037;7554.646196;810783;150188;150188;0;0;1878;1878;2403008;2403060;100.000;2083.579;2083.579;576.734;622.695;576.734;1.156;0.514;0.557;31.006;29.847;1.159;48.023;3.738;195.310;9.515;31.200;2.134;2.457;0;0;0;0;0;0;0;0
221;1;1;1;7554.482553;7554.679033;7554.681084;807088;149054;149054;0;0;1864;1864;2384864;2384916;100.000;1165.254;1165.254;572.380;617.998;572.380;2.045;0.755;0.824;34.888;32.837;2.051;40.205;5.878;196.479;11.069;33.996;0.662;2.345;0;0;0;0;0;0;0;0
222;1;1;1;7554.516452;7554.714379;7554.716228;809369;147392;147392;0;0;1843;1843;2358272;2358324;100.000;1279.319;1279.319;565.998;611.102;565.998;1.842;0.676;0.722;35.144;33.296;1.848;39.045;5.260;197.927;12.880;35.346;2.013;2.324;0;0;0;0;0;0;0;0
223;1;1;1;7554.550131;7554.746430;7554.747709;795354;146064;146064;0;0;1826;1826;2337024;2337076;100.000;1829.256;1829.256;560.898;605.586;560.898;1.274;0.631;0.681;31.481;30.203;1.278;53.291;4.061;196.299;11.028;32.051;1.282;2.259;0;0;0;0;0;0;0;0
224;1;1;1;7554.582298;7554.779135;7554.781268;795455;144466;144466;0;0;1806;1806;2311456;2311508;100.000;1088.191;1088.191;554.762;598.960;554.762;2.124;0.741;0.790;33.559;31.426;2.133;37.034;6.355;196.837;11.254;32.705;0.629;2.157;0;0;0;0;0;0;0;0
225;1;1;1;7554.616516;7554.812915;7554.814202;795720;143728;143728;0;0;1797;1797;2299648;2299700;100.000;1789.804;1789.804;551.928;595.906;551.928;1.283;0.721;0.769;32.935;31.648;1.287;59.777;3.907;196.400;10.855;33.780;0.447;2.050;0;0;0;0;0;0;0;0
226;1;1;1;7554.648941;7554.844607;7554.846687;798723;142930;142930;0;0;1787;1787;2286880;2286932;100.000;1104.417;1104.417;548.864;592.597;548.864;2.076;0.707;0.749;32.485;30.405;2.080;35.982;6.404;195.666;10.007;31.691;1.642;2.025;0;0;0;0;0;0;0;0
227;1;1;1;7554.683110;7554.880504;7554.881581;807441;142948;142948;0;0;1787;1787;2287168;2287220;100.000;2139.528;2139.528;548.933;592.666;548.933;1.074;0.619;0.667;34.894;33.817;1.077;61.884;3.087;197.394;11.567;35.897;2.564;2.058;0;0;0;0;0;0;0;0
228;1;1;1;7554.715720;7554.911740;7554.913381;803316;143504;143504;0;0;1794;1794;2296064;2296116;100.000;1399.913;1399.913;551.068;594.972;551.068;1.637;0.465;0.503;31.800;30.159;1.641;30.666;5.161;196.020;10.033;31.236;2.098;2.061;0;0;0;0;0;0;0;0
229;1;1;1;7554.749868;7554.947385;7554.948691;809074;144280;144280;0;0;1804;1804;2308480;2308532;100.000;1772.261;1772.261;554.048;598.197;554.048;1.303;0.611;0.654;35.310;34.004;1.306;50.071;3.698;197.517;12.010;35.645;2.312;2.077;0;0;0;0;0;0;0;0
230;1;1;1;7554.782548;7554.978997;7554.980286;808265;145334;145334;0;0;1817;1817;2325344;2325396;100.000;1819.331;1819.331;558.095;602.563;558.095;1.286;0.554;0.593;31.595;30.306;1.289;46.023;4.079;196.448;10.272;31.612;1.722;2.054;0;0;0;0;0;0;0;0
231;1;1;1;7554.816635;7555.012442;7555.013874;818848;147128;147128;0;0;1840;1840;2354048;2354100;100.000;1649.485;1649.485;564.984;610.015;564.984;1.429;0.590;0.634;33.588;32.157;1.432;44.289;4.263;195.807;10.527;33.445;0.112;1.933;0;0;0;0;0;0;0;0
232;1;1;1;7554.848872;7555.043387;7555.044807;820617;148796;148796;0;0;1860;1860;2380736;2380788;100.000;1677.866;1677.866;571.389;616.909;571.389;1.405;0.674;0.726;30.933;29.513;1.420;51.157;4.591;194.515;8.126;30.945;2.389;1.961;0;0;0;0;0;0;0;0
233;1;1;1;7554.883205;7555.078585;7555.080528;814146;150842;150842;0;0;1886;1886;2413472;2413524;100.000;1249.068;1249.068;579.246;625.403;579.246;1.939;0.631;0.673;35.722;33.779;1.943;34.647;5.440;195.381;10.514;35.199;1.865;1.955;0;0;0;0;0;0;0;0
234;1;1;1;7554.915941;7555.112574;7555.113665;814852;152630;152630;0;0;1908;1908;2442080;2442132;100.000;2254.221;2254.221;586.112;632.807;586.112;1.088;0.624;0.669;33.137;32.045;1.091;61.311;3.293;196.632;10.318;33.989;0.655;1.874;0;0;0;0;0;0;0;0
235;1;1;1;7554.949822;7555.144252;7555.146572;815725;153174;153174;0;0;1915;1915;2450784;2450836;100.000;1061.875;1061.875;588.201;635.067;588.201;2.315;0.778;0.827;32.907;30.587;2.320;35.625;7.051;194.430;9.891;31.678;1.655;1.860;0;0;0;0;0;0;0;0
236;1;1;1;7554.982318;7555.173139;7555.174388;816078;152808;152808;0;0;1911;1911;2444928;2444980;100.000;1967.692;1967.692;586.795;633.564;586.795;1.245;0.532;0.584;27.815;26.567;1.248;46.798;4.488;190.821;4.374;28.887;4.446;2.022;0;0;0;0;0;0;0;0
237;1;1;1;7555.016306;7555.210918;7555.212549;810868;151650;151650;0;0;1896;1896;2426400;2426452;100.000;1490.170;1490.170;582.348;628.750;582.348;1.624;0.583;0.625;38.162;36.531;1.631;38.346;4.274;194.612;9.202;37.779;4.446;2.174;0;0;0;0;0;0;0;0
238;1;1;1;7555.049988;7555.245833;7555.247244;801907;149972;149972;0;0;1875;1875;2399552;2399604;100.000;1705.367;1705.367;575.905;621.792;575.905;1.407;0.759;0.819;34.695;33.284;1.411;58.010;4.067;195.846;10.564;34.915;1.582;2.137;0;0;0;0;0;0;0;0
239;1;1;1;7555.082700;7555.277860;7555.279706;799196;148264;148264;0;0;1854;1854;2372224;2372276;100.000;1291.400;1291.400;569.346;614.720;569.346;1.842;0.598;0.641;32.462;30.616;1.846;34.704;5.688;195.160;9.692;32.027;1.307;2.085;0;0;0;0;0;0;0;0
240;1;1;1;7555.116298;7555.313487;7555.314556;799621;146996;146996;0;0;1838;1838;2351936;2351988;100.000;2209.875;2209.875;564.477;609.459;564.477;1.066;0.590;0.630;34.850;33.781;1.069;58.958;3.067;197.189;11.209;35.627;2.294;2.098;0;0;0;0;0;0;0;0
241;1;1;1;7555.148833;7555.343932;7555.345520;808174;146062;146062;0;0;1826;1826;2336992;2337044;100.000;1472.524;1472.524;560.891;605.579;560.891;1.584;0.622;0.661;30.964;29.376;1.588;41.645;5.128;195.099;8.839;30.445;2.889;2.147;0;0;0;0;0;0;0;0
242;1;1;1;7555.182746;7555.379426;7555.380623;810609;145468;145468;0;0;1819;1819;2327488;2327540;100.000;1956.810;1956.810;558.610;603.126;558.610;1.193;0.658;0.710;35.103;33.906;1.196;59.315;3.408;196.680;10.609;35.494;2.161;2.148;0;0;0;0;0;0;0;0
243;1;1;1;7555.215687;7555.411361;7555.413817;809086;145086;145086;0;0;1814;1814;2321376;2321428;100.000;949.554;949.554;557.143;601.537;557.143;2.452;1.207;1.260;33.194;30.738;2.456;51.298;7.399;195.673;10.469;31.934;1.399;2.101;0;0;0;0;0;0;0;0
244;1;1;1;7555.249946;7555.446071;7555.447915;804105;145538;145538;0;0;1820;1820;2328608;2328660;100.000;1271.472;1271.472;558.878;603.420;558.878;1.841;0.610;0.655;34.098;32.254;1.844;35.540;5.409;196.125;11.234;34.710;1.377;2.056;0;0;0;0;0;0;0;0
245;1;1;1;7555.282152;7555.477665;7555.479401;810243;146056;146056;0;0;1826;1826;2336896;2336948;100.000;1346.593;1346.593;560.868;605.556;560.868;1.732;0.836;0.882;31.486;29.750;1.736;50.825;5.514;195.513;9.387;31.594;1.739;2.036;0;0;0;0;0;0;0;0
246;1;1;1;7555.316653;7555.511809;7555.513352;808451;146718;146718;0;0;1834;1834;2347488;2347540;100.000;1523.278;1523.278;563.410;608.293;563.410;1.540;0.585;0.631;33.951;32.407;1.544;40.908;4.547;195.156;10.005;34.143;0.810;1.960;0;0;0;0;0;0;0;0
247;1;1;1;7555.349002;7555.543964;7555.545337;818595;147758;147758;0;0;1847;1847;2364128;2364180;100.000;1728.941;1728.941;567.403;612.605;567.403;1.369;0.554;0.594;31.985;30.612;1.373;43.255;4.293;194.962;8.656;32.156;1.178;1.911;0;0;0;0;0;0;0;0
248;1;1;1;7555.383057;7555.580263;7555.582351;813416;149576;149576;0;0;1870;1870;2393216;2393268;100.000;1150.704;1150.704;574.384;620.149;574.384;2.073;0.809;0.858;37.014;34.926;2.088;41.110;5.640;197.206;12.337;36.299;2.966;1.977;0;0;0;0;0;0;0;0
249;1;1;1;7555.416058;7555.614689;7555.616516;816251;151824;151824;0;0;1898;1898;2429184;2429236;100.000;1331.918;1331.918;583.017;629.467;583.017;1.821;0.822;0.872;34.165;32.338;1.827;47.718;5.346;198.631;13.168;34.426;1.092;1.921;0;0;0;0;0;0;0;0
250;1;1;1;7555.449933;7555.648542;7555.650772;820584;153370;153370;0;0;1918;1918;2453920;2453972;100.000;1104.647;1104.647;588.953;635.893;588.953;2.225;0.795;0.846;34.256;32.026;2.231;37.914;6.512;198.609;14.091;33.852;0.519;1.834;0;0;0;0;0;0;0;0
251;1;1;1;7555.482067;7555.681332;7555.682766;817535;153478;153478;0;0;1919;1919;2455648;2455700;100.000;1725.267;1725.267;589.368;636.333;589.368;1.429;0.736;0.790;31.993;30.560;1.433;55.114;4.480;199.266;12.751;32.791;0.543;1.753;0;0;0;0;0;0;0;0
252;1;1;1;7555.516235;7555.715130;7555.717553;812707;152446;152446;0;0;1906;1906;2439136;2439188;100.000;1009.031;1009.031;585.405;632.052;585.405;2.407;0.714;0.761;34.787;32.364;2.423;31.392;6.964;198.895;14.205;33.798;0.465;1.672;0;0;0;0;0;0;0;0
253;1;1;1;7555.549252;7555.746626;7555.748261;811017;150768;150768;0;0;1885;1885;2412288;2412340;100.000;1485.047;1485.047;578.962;625.094;578.962;1.631;0.910;0.965;30.708;29.073;1.635;58.992;5.326;197.373;11.580;31.496;1.838;1.683;0;0;0;0;0;0;0;0
254;1;1;1;7555.583497;7555.781930;7555.783352;812416;148606;148606;0;0;1858;1858;2377696;2377748;100.000;1672.735;1672.735;570.660;616.131;570.660;1.418;0.587;0.627;35.091;33.669;1.422;44.084;4.053;198.433;13.338;35.305;1.971;1.701;0;0;0;0;0;0;0;0
255;1;1;1;7555.616481;7555.812056;7555.813869;815874;147150;147150;0;0;1840;1840;2354400;2354452;100.000;1304.958;1304.958;565.068;610.099;565.068;1.809;0.704;0.745;30.516;28.704;1.813;41.089;5.941;195.575;10.521;30.126;3.208;1.795;0;0;0;0;0;0;0;0
256;1;1;1;7555.648213;7555.847932;7555.849258;811813;146080;146080;0;0;1826;1826;2337280;2337332;100.000;1763.624;1763.624;560.960;605.648;560.960;1.323;0.580;0.622;35.390;34.063;1.326;46.879;3.748;199.719;12.578;35.876;2.543;1.842;0;0;0;0;0;0;0;0
257;1;1;1;7555.683471;7555.877117;7555.878901;809323;145366;145366;0;0;1818;1818;2325856;2325908;100.000;1308.790;1308.790;558.218;602.710;558.218;1.778;0.566;0.606;29.643;27.859;1.784;33.985;6.018;193.646;8.887;29.185;4.148;1.986;0;0;0;0;0;0;0;0
258;1;1;1;7555.715063;7555.913498;7555.915335;806066;145058;145058;0;0;1814;1814;2320928;2320980;100.000;1268.012;1268.012;557.035;601.429;557.035;1.833;0.842;0.891;36.434;34.596;1.837;48.514;5.043;198.435;11.988;36.380;3.047;2.052;0;0;0;0;0;0;0;0
259;1;1;1;7555.750148;7555.947326;7555.948998;803994;144584;144584;0;0;1808;1808;2313344;2313396;100.000;1386.737;1386.737;555.215;599.462;555.215;1.670;0.574;0.615;33.663;31.990;1.672;36.777;4.968;197.178;12.317;33.828;0.494;1.955;0;0;0;0;0;0;0;0
260;1;1;1;7555.783463;7555.978197;7555.979542;804675;144650;144650;0;0;1809;1809;2314400;2314452;100.000;1726.312;1726.312;555.468;599.740;555.468;1.340;0.572;0.611;30.544;29.199;1.345;45.454;4.404;194.734;9.528;30.871;2.462;1.987;0;0;0;0;0;0;0;0
261;1;1;1;7555.815976;7556.013091;7556.014450;803023;143952;143952;0;0;1800;1800;2303232;2303284;100.000;1697.068;1697.068;552.788;596.840;552.788;1.356;0.605;0.650;34.908;33.549;1.359;47.808;3.894;197.115;11.102;34.894;1.560;1.960;0;0;0;0;0;0;0;0
262;1;1;1;7555.850084;7556.043954;7556.045313;804900;144058;144058;0;0;1801;1801;2304928;2304980;100.000;1698.136;1698.136;553.195;597.271;553.195;1.356;0.520;0.565;30.863;29.504;1.359;41.556;4.404;193.870;8.632;30.863;2.470;1.992;0;0;0;0;0;0;0;0
263;1;1;1;7555.882412;7556.080221;7556.081683;801032;144662;144662;0;0;1809;1809;2314592;2314644;100.000;1588.047;1588.047;555.515;599.786;555.515;1.457;0.640;0.685;36.369;34.907;1.462;46.878;4.020;197.809;11.669;36.267;2.933;2.051;0;0;0;0;0;0;0;0
264;1;1;1;7555.916609;7556.114228;7556.116376;793638;145976;145976;0;0;1825;1825;2335616;2335668;100.000;1087.621;1087.621;560.560;605.224;560.560;2.122;0.692;0.738;34.693;32.545;2.148;34.363;6.191;197.618;13.028;34.007;0.674;1.965;0;0;0;0;0;0;0;0
265;1;1;1;7555.949865;7556.146699;7556.148094;801156;148478;148478;0;0;1856;1856;2375648;2375700;100.000;1712.730;1712.730;570.168;615.590;570.168;1.390;0.705;0.753;31.718;30.323;1.395;53.988;4.398;196.834;11.413;32.471;0.862;1.896;0;0;0;0;0;0;0;0
266;1;1;1;7555.981959;7556.177941;7556.179432;804749;149922;149922;0;0;1875;1875;2398752;2398804;100.000;1616.148;1616.148;575.713;621.600;575.713;1.487;0.541;0.585;31.338;29.847;1.491;39.246;4.757;195.982;9.418;31.242;2.091;1.908;0;0;0;0;0;0;0;0
267;1;1;1;7556.016387;7556.214061;7556.215120;805449;150436;150436;0;0;1881;1881;2406976;2407028;100.000;2284.795;2284.795;577.687;623.721;577.687;1.056;0.621;0.662;35.688;34.629;1.059;62.507;2.969;197.674;11.773;36.120;2.786;1.963;0;0;0;0;0;0;0;0
268;1;1;1;7556.049072;7556.243419;7556.245356;805329;149636;149636;0;0;1871;1871;2394176;2394228;100.000;1238.603;1238.603;574.615;620.404;574.615;1.934;0.618;0.661;30.236;28.299;1.937;34.114;6.405;194.348;8.675;29.359;3.975;2.089;0;0;0;0;0;0;0;0
269;1;1;1;7556.082911;7556.272108;7556.273383;805419;148420;148420;0;0;1856;1856;2374720;2374772;100.000;1874.792;1874.792;569.945;615.368;569.945;1.272;0.556;0.602;28.027;26.752;1.275;47.209;4.549;189.197;3.369;28.689;4.645;2.248;0;0;0;0;0;0;0;0
270;1;1;1;7556.115997;7556.314232;7556.315989;804474;146600;146600;0;0;1833;1833;2345600;2345652;100.000;1337.010;1337.010;562.956;607.816;562.956;1.753;0.629;0.672;42.606;40.848;1.757;38.237;4.125;198.235;12.642;42.124;8.790;2.657;0;0;0;0;0;0;0;0
271;1;1;1;7556.149859;7556.345138;7556.346419;796101;145088;145088;0;0;1814;1814;2321408;2321460;100.000;1823.144;1823.144;557.150;601.545;557.150;1.278;0.608;0.650;30.430;29.149;1.282;50.700;4.211;195.279;9.738;30.906;2.427;2.643;0;0;0;0;0;0;0;0
272;1;1;1;7556.182550;7556.381283;7556.383265;805073;144742;144742;0;0;1810;1810;2315872;2315924;100.000;1171.431;1171.431;555.822;600.118;555.822;1.978;0.636;0.679;36.846;34.864;1.982;34.258;5.380;198.732;13.251;36.145;2.812;2.653;0;0;0;0;0;0;0;0
273;1;1;1;7556.216576;7556.410541;7556.412135;797204;144320;144320;0;0;1804;1804;2309120;2309172;100.000;1450.816;1450.816;554.201;598.351;554.201;1.591;0.706;0.749;28.870;27.276;1.594;46.976;5.521;193.965;8.787;29.258;4.075;2.742;0;0;0;0;0;0;0;0
274;1;1;1;7556.249889;7556.438918;7556.440073;805139;144042;144042;0;0;1801;1801;2304672;2304724;100.000;1999.338;1999.338;553.134;597.210;553.134;1.152;0.536;0.580;27.938;26.783;1.155;50.255;4.134;189.029;3.392;28.377;4.956;2.881;0;0;0;0;0;0;0;0
275;1;1;1;7556.282943;7556.478563;7556.480036;808073;144130;144130;0;0;1802;1802;2306080;2306132;100.000;1570.208;1570.208;553.472;597.572;553.472;1.470;0.560;0.601;39.963;38.490;1.473;40.780;3.686;195.620;10.022;39.645;6.312;3.095;0;0;0;0;0;0;0;0
276;1;1;1;7556.316343;7556.513813;7556.515183;813584;144164;144164;0;0;1803;1803;2306624;2306676;100.000;1687.795;1687.795;553.602;597.727;553.602;1.366;0.615;0.658;35.147;33.777;1.370;48.040;3.898;197.470;11.836;35.250;1.917;3.021;0;0;0;0;0;0;0;0
277;1;1;1;7556.348889;7556.545306;7556.547975;812306;144334;144334;0;0;1805;1805;2309344;2309396;100.000;866.612;866.612;554.255;598.429;554.255;2.663;1.100;1.161;32.792;30.123;2.669;43.508;8.139;196.417;11.294;31.493;1.840;2.948;0;0;0;0;0;0;0;0
278;1;1;1;7556.383667;7556.579370;7556.580587;817500;144850;144850;0;0;1811;1811;2317600;2317652;100.000;1912.674;1912.674;556.236;600.557;556.236;1.214;0.463;0.502;32.612;31.395;1.217;41.257;3.733;195.702;10.573;34.064;0.730;2.809;0;0;0;0;0;0;0;0
279;1;1;1;7556.416123;7556.613570;7556.615372;824803;147006;147006;0;0;1838;1838;2352096;2352148;100.000;1307.993;1307.993;564.516;609.497;564.516;1.798;0.650;0.695;34.786;32.983;1.802;38.577;5.182;197.447;12.025;34.200;0.867;2.688;0;0;0;0;0;0;0;0
280;1;1;1;7556.449029;7556.649228;7556.650625;813944;149388;149388;0;0;1868;1868;2390208;2390260;100.000;1714.578;1714.578;573.662;619.379;573.662;1.390;0.592;0.634;35.252;33.855;1.397;45.361;3.963;200.199;13.944;35.658;2.324;2.665;0;0;0;0;0;0;0;0
281;1;1;1;7556.482473;7556.680086;7556.681305;815307;150146;150146;0;0;1877;1877;2402336;2402388;100.000;1984.179;1984.179;576.573;622.510;576.573;1.215;0.657;0.702;30.680;29.461;1.219;57.530;3.975;197.612;11.291;30.858;2.476;2.653;0;0;0;0;0;0;0;0
282;1;1;1;7556.516333;7556.709973;7556.711857;816329;149960;149960;0;0;1875;1875;2399360;2399412;100.000;1276.243;1276.243;575.859;621.746;575.859;1.881;0.502;0.543;30.552;28.668;1.884;28.796;6.167;193.640;8.509;29.887;3.446;2.703;0;0;0;0;0;0;0;0
283;1;1;1;7556.549420;7556.747605;7556.749235;813249;148574;148574;0;0;1858;1858;2377184;2377236;100.000;1459.265;1459.265;570.537;616.008;570.537;1.624;0.845;0.902;37.378;35.748;1.630;55.336;4.360;198.184;12.554;37.632;4.299;2.802;0;0;0;0;0;0;0;0
284;1;1;1;7556.583126;7556.781395;7556.783337;809333;146866;146866;0;0;1836;1836;2349856;2349908;100.000;1212.086;1212.086;563.978;608.911;563.978;1.938;0.755;0.810;34.102;32.161;1.941;41.710;5.693;198.269;13.323;33.790;0.457;2.656;0;0;0;0;0;0;0;0
285;1;1;1;7556.616644;7556.812542;7556.813976;815482;145550;145550;0;0;1820;1820;2328800;2328852;100.000;1640.113;1640.113;558.924;603.466;558.924;1.429;0.661;0.705;30.639;29.205;1.434;49.142;4.681;195.898;10.629;31.147;2.187;2.627;0;0;0;0;0;0;0;0
286;1;1;1;7556.649453;7556.847979;7556.849823;814633;144160;144160;0;0;1802;1802;2306560;2306612;100.000;1253.052;1253.052;553.587;597.687;553.587;1.840;0.576;0.618;35.847;34.003;1.844;33.532;5.143;198.527;13.142;35.438;2.104;2.594;0;0;0;0;0;0;0;0
287;1;1;1;7556.683122;7556.877652;7556.879282;814941;142853;142853;0;0;1786;1786;2285648;2285700;100.000;1406.704;1406.704;548.568;592.277;548.568;1.627;0.703;0.742;29.459;27.828;1.631;45.507;5.535;194.529;9.268;29.672;3.661;2.661;0;0;0;0;0;0;0;0
288;1;1;1;7556.715784;7556.905838;7556.907362;818847;142468;142468;0;0;1781;1781;2279488;2279540;100.000;1500.509;1500.509;547.090;590.676;547.090;1.520;0.429;0.468;28.080;26.556;1.524;30.706;5.428;190.053;4.014;28.186;5.147;2.816;0;0;0;0;0;0;0;0
289;1;1;1;7556.750092;7556.946091;7556.947510;824052;142484;142484;0;0;1782;1782;2279744;2279796;100.000;1622.256;1622.256;547.151;590.762;547.151;1.416;0.595;0.635;40.148;38.729;1.419;44.742;3.534;195.999;10.829;40.253;6.920;3.072;0;0;0;0;0;0;0;0
290;1;1;1;7556.783325;7556.979160;7556.980129;835458;143172;143172;0;0;1790;1790;2290752;2290804;100.000;2379.816;2379.816;549.793;593.600;549.793;0.965;0.550;0.594;32.620;31.650;0.969;61.328;2.971;195.835;10.115;33.069;0.264;2.897;0;0;0;0;0;0;0;0
291;1;1;1;7556.815925;7557.015467;7557.017446;819605;143314;143314;0;0;1792;1792;2293024;2293076;100.000;1169.005;1169.005;550.338;594.194;550.338;1.969;0.797;0.850;37.316;35.338;1.978;42.985;5.301;199.543;14.098;36.307;2.974;2.902;0;0;0;0;0;0;0;0
292;1;1;1;7556.850267;7557.041985;7557.043617;827799;143732;143732;0;0;1797;1797;2299712;2299764;100.000;1410.871;1410.871;551.943;595.921;551.943;1.628;0.609;0.648;26.171;24.539;1.632;39.708;6.236;191.718;6.936;26.518;6.816;3.146;0;0;0;0;0;0;0;0
293;1;1;1;7556.881945;7557.080237;7557.082046;830771;144010;144010;0;0;1801;1801;2304160;2304212;100.000;1275.975;1275.975;553.011;597.087;553.011;1.805;0.660;0.703;38.429;36.620;1.809;38.879;4.707;198.292;12.032;38.252;4.919;3.257;0;0;0;0;0;0;0;0
294;1;1;1;7556.916139;7557.110158;7557.111730;835004;145768;145768;0;0;1823;1823;2332288;2332340;100.000;1490.475;1490.475;559.762;604.376;559.762;1.568;0.615;0.654;29.684;28.113;1.571;41.646;5.293;194.020;8.382;29.922;3.412;3.267;0;0;0;0;0;0;0;0
295;1;1;1;7556.949302;7557.138977;7557.140557;814967;148094;148094;0;0;1852;1852;2369504;2369556;100.000;1505.294;1505.294;568.693;614.018;568.693;1.578;0.550;0.589;28.828;27.247;1.581;37.241;5.483;189.675;3.877;28.818;4.515;3.345;0;0;0;0;0;0;0;0
296;1;1;1;7556.982978;7557.215228;7557.216385;818656;149404;149404;0;0;1868;1868;2390464;2390516;100.000;2070.847;2070.847;573.724;619.440;573.724;1.153;0.493;0.534;75.828;74.670;1.157;46.157;1.526;232.250;46.371;76.251;42.918;5.818;0;0;0;0;0;0;0;0
297;1;1;1;7557.015101;7557.235693;7557.237103;819807;149370;149370;0;0;1868;1868;2389920;2389972;100.000;1699.499;1699.499;573.593;619.309;573.593;1.406;0.477;0.519;20.718;19.308;1.409;36.825;6.802;220.592;33.755;20.466;12.868;6.259;0;0;0;0;0;0;0;0
298;1;1;1;7557.049053;7557.252786;7557.253928;814766;148012;148012;0;0;1851;1851;2368192;2368244;100.000;2084.091;2084.091;568.379;613.679;568.379;1.138;0.426;0.466;16.825;15.684;1.141;40.850;6.784;203.733;17.247;17.093;16.240;6.883;0;0;0;0;0;0;0;0
299;1;1;1;7557.083733;7557.273956;7557.274983;809259;146174;146174;0;0;1828;1828;2338784;2338836;100.000;2278.918;2278.918;561.321;606.058;561.321;1.024;0.432;0.478;21.055;20.028;1.027;46.481;4.879;190.222;4.969;21.169;12.164;7.213;0;0;0;0;0;0;0;0
300;1;1;1;7557.117219;7557.304543;7557.306027;812212;144110;144110;0;0;1802;1802;2305760;2305812;100.000;1557.008;1557.008;553.395;597.495;553.395;1.480;0.440;0.482;31.044;29.560;1.484;32.468;4.779;187.324;2.679;30.587;2.746;6.934;0;0;0;0;0;0;0;0
