filename;status;num_points;read_ascii_ms;write_bin_ms;conversion_ms;size_ascii_bytes;size_bin_bytes
loot_vox10_1000.ply;success;784142;5883.482;11.125;5916.155;17022340;12546272
loot_vox10_1001.ply;success;783406;5594.675;11.588;5629.320;17009434;12534496
loot_vox10_1002.ply;success;780200;5648.771;7.346;5692.858;16946375;12483200
loot_vox10_1003.ply;success;778467;7291.755;4.285;7312.856;16910359;12455472
loot_vox10_1004.ply;success;776427;6537.615;4.843;6562.519;16869720;12422832
loot_vox10_1005.ply;success;774893;6814.964;5.114;6839.506;16838429;12398288
loot_vox10_1006.ply;success;775949;8614.324;9.293;8652.726;16866100;12415184
loot_vox10_1007.ply;success;775463;8259.923;4.902;8282.784;16857280;12407408
loot_vox10_1008.ply;success;775698;6898.381;4.523;6928.433;16859920;12411168
loot_vox10_1009.ply;success;778020;7156.463;5.492;7182.290;16906066;12448320
loot_vox10_1010.ply;success;778554;6687.802;11.457;6716.392;16911987;12456864
loot_vox10_1011.ply;success;779986;6817.015;5.117;6840.312;16940235;12479776
loot_vox10_1012.ply;success;780926;6742.945;11.399;6772.177;16957472;12494816
loot_vox10_1013.ply;success;782770;7288.123;14.974;7321.967;16993881;12524320
loot_vox10_1014.ply;success;784474;6813.640;15.882;6848.109;17030175;12551584
loot_vox10_1015.ply;success;785193;6804.301;7.998;6829.333;17051770;12563088
loot_vox10_1016.ply;success;782720;7884.430;5.868;7908.575;17005104;12523520
loot_vox10_1017.ply;success;781613;6862.842;12.460;6911.020;16985919;12505808
loot_vox10_1018.ply;success;780006;6932.586;9.092;6971.680;16954019;12480096
loot_vox10_1019.ply;success;780302;7386.871;6.298;7413.059;16959764;12484832
loot_vox10_1020.ply;success;779066;7086.862;7.259;7111.386;16932898;12465056
loot_vox10_1021.ply;success;778280;7294.615;8.603;7339.367;16914966;12452480
loot_vox10_1022.ply;success;778907;6866.853;7.348;6893.161;16930031;12462512
loot_vox10_1023.ply;success;779289;7067.830;7.369;7104.692;16936405;12468624
loot_vox10_1024.ply;success;779739;8767.483;4.045;8790.027;16944071;12475824
loot_vox10_1025.ply;success;779364;6832.189;7.864;6858.889;16932512;12469824
loot_vox10_1026.ply;success;780025;6814.185;5.209;6838.960;16942034;12480400
loot_vox10_1027.ply;success;780373;6681.031;23.298;6733.203;16944588;12485968
loot_vox10_1028.ply;success;781651;6998.873;15.430;7031.703;16965623;12506416
loot_vox10_1029.ply;success;781375;6774.139;15.420;6811.894;16959141;12502000
loot_vox10_1030.ply;success;784392;6813.805;7.112;6848.659;17028344;12550272
loot_vox10_1031.ply;success;782671;7151.062;8.815;7172.911;16996664;12522736
loot_vox10_1032.ply;success;776999;8250.849;6.600;8274.587;16884092;12431984
loot_vox10_1033.ply;success;778650;7804.991;5.953;7828.519;16927220;12458400
loot_vox10_1034.ply;success;778007;7082.640;8.117;7107.363;16916372;12448112
loot_vox10_1035.ply;success;776483;7131.167;8.600;7156.115;16888887;12423728
loot_vox10_1036.ply;success;781287;6553.771;7.740;6578.818;16991794;12500592
loot_vox10_1037.ply;success;780329;6721.231;4.136;6742.617;16972467;12485264
loot_vox10_1038.ply;success;780785;6611.132;5.407;6632.685;16989544;12492560
loot_vox10_1039.ply;success;785430;6710.436;4.681;6732.310;17100951;12566880
loot_vox10_1040.ply;success;789479;6778.693;16.002;6814.404;17193515;12631664
loot_vox10_1041.ply;success;789348;7013.841;51.662;7109.855;17198937;12629568
loot_vox10_1042.ply;success;792714;8186.796;4.171;8210.971;17276449;12683424
loot_vox10_1043.ply;success;790865;6693.136;5.185;6714.214;17237789;12653840
loot_vox10_1044.ply;success;787976;7025.044;14.186;7056.879;17175348;12607616
loot_vox10_1045.ply;success;789717;7158.743;8.167;7184.215;17210097;12635472
loot_vox10_1046.ply;success;784950;6876.495;6.867;6900.590;17104293;12559200
loot_vox10_1047.ply;success;781130;6848.006;7.912;6873.091;17009458;12498080
loot_vox10_1048.ply;success;780468;6734.540;7.886;6759.600;16970852;12487488
loot_vox10_1049.ply;success;783376;6810.055;9.763;6837.506;17004773;12534016
loot_vox10_1050.ply;success;787237;8081.022;4.758;8108.315;17048951;12595792
loot_vox10_1051.ply;success;787734;6941.163;4.211;6963.777;17025675;12603744
loot_vox10_1052.ply;success;787059;7114.723;7.515;7139.950;16986744;12592944
loot_vox10_1053.ply;success;786051;6824.351;16.653;6860.745;16943505;12576816
loot_vox10_1054.ply;success;796213;7038.734;8.904;7061.166;17138629;12739408
loot_vox10_1055.ply;success;790191;6863.265;9.249;6892.295;16979965;12643056
loot_vox10_1056.ply;success;798808;8673.842;8.997;8714.949;17135283;12780928
loot_vox10_1057.ply;success;797924;7144.634;7.003;7169.929;17088805;12766784
loot_vox10_1058.ply;success;794477;7210.467;8.043;7235.846;16992331;12711632
loot_vox10_1059.ply;success;789053;6876.496;8.225;6905.294;16856125;12624848
loot_vox10_1060.ply;success;783874;6926.926;6.234;6950.856;16725081;12541984
loot_vox10_1061.ply;success;782785;6759.286;5.573;6782.666;16687436;12524560
loot_vox10_1062.ply;success;782791;6835.938;6.562;6860.749;16673328;12524656
loot_vox10_1063.ply;success;782127;6785.335;5.491;6808.604;16638502;12514032
loot_vox10_1064.ply;success;785507;7226.286;5.527;7250.252;16680175;12568112
loot_vox10_1065.ply;success;789017;7099.924;15.900;7134.013;16730047;12624272
loot_vox10_1066.ply;success;789641;6816.919;7.075;6842.560;16731042;12634256
loot_vox10_1067.ply;success;784718;6953.559;7.612;6978.880;16630640;12555488
loot_vox10_1068.ply;success;778159;6827.935;5.461;6853.754;16499618;12450544
loot_vox10_1069.ply;success;776327;6753.370;16.320;6787.066;16464474;12421232
loot_vox10_1070.ply;success;786883;6839.709;5.880;6866.728;16679754;12590128
loot_vox10_1071.ply;success;787146;6899.235;4.240;6920.601;16678052;12594336
loot_vox10_1072.ply;success;781047;6780.011;6.658;6804.277;16552319;12496752
loot_vox10_1073.ply;success;782459;6761.828;7.599;6786.683;16585369;12519344
loot_vox10_1074.ply;success;781579;7053.784;4.602;7076.823;16569132;12505264
loot_vox10_1075.ply;success;784181;6914.292;6.707;6940.266;16621361;12546896
loot_vox10_1076.ply;success;782861;6983.918;6.200;7022.825;16596744;12525776
loot_vox10_1077.ply;success;779451;7504.398;5.525;7530.047;16530063;12471216
loot_vox10_1078.ply;success;784719;6816.235;4.894;6838.455;16640658;12555504
loot_vox10_1079.ply;success;780701;6876.492;5.257;6900.334;16557501;12491216
loot_vox10_1080.ply;success;785754;7151.578;6.805;7178.359;16655254;12572064
loot_vox10_1081.ply;success;783308;6951.208;4.570;6973.231;16597850;12532928
loot_vox10_1082.ply;success;782737;7225.888;5.421;7248.369;16577535;12523792
loot_vox10_1083.ply;success;781874;6862.453;4.581;6885.145;16553610;12509984
loot_vox10_1084.ply;success;780545;7125.802;4.534;7148.837;16523318;12488720
loot_vox10_1085.ply;success;778343;7140.115;11.883;7175.474;16477856;12453488
loot_vox10_1086.ply;success;778458;7200.685;9.974;7230.934;16479881;12455328
loot_vox10_1087.ply;success;778592;7076.992;22.029;7126.052;16480435;12457472
loot_vox10_1088.ply;success;779952;6970.190;6.672;6994.727;16501669;12479232
loot_vox10_1089.ply;success;779674;6930.499;5.087;6953.018;16490417;12474784
loot_vox10_1090.ply;success;781083;7348.854;8.554;7375.710;16514872;12497328
loot_vox10_1091.ply;success;780537;6971.411;15.151;7004.745;16504714;12488592
loot_vox10_1092.ply;success;773046;7102.476;10.801;7154.427;16357960;12368736
loot_vox10_1093.ply;success;770822;8233.092;7.624;8260.948;16321120;12333152
loot_vox10_1094.ply;success;778859;6853.723;8.047;6890.566;16488300;12461744
loot_vox10_1095.ply;success;778333;6942.805;5.377;6965.659;16477405;12453328
loot_vox10_1096.ply;success;782798;6972.399;7.876;6994.277;16573831;12524768
loot_vox10_1097.ply;success;781418;6881.809;7.002;6906.170;16538809;12502688
loot_vox10_1098.ply;success;777382;6834.038;5.213;6866.682;16449729;12438112
loot_vox10_1099.ply;success;778267;6928.522;6.862;6953.586;16473212;12452272
loot_vox10_1100.ply;success;780699;6978.975;7.958;7004.866;16524191;12491184
loot_vox10_1101.ply;success;780328;8016.645;5.383;8040.384;16504733;12485248
loot_vox10_1102.ply;success;782351;10344.608;5.163;10367.713;16536682;12517616
loot_vox10_1103.ply;success;782164;8780.111;8.002;8815.012;16531853;12514624
loot_vox10_1104.ply;success;783021;7143.530;6.344;7168.057;16550489;12528336
loot_vox10_1105.ply;success;786829;7040.336;15.863;7076.960;16626449;12589264
loot_vox10_1106.ply;success;789365;6857.843;12.668;6894.665;16680480;12629840
loot_vox10_1107.ply;success;790807;6781.892;14.410;6820.604;16710461;12652912
loot_vox10_1108.ply;success;789334;7237.769;31.377;7302.247;16683413;12629344
loot_vox10_1109.ply;success;783753;7409.128;9.223;7453.243;16575562;12540048
loot_vox10_1110.ply;success;781240;8117.219;7.409;8144.042;16527110;12499840
loot_vox10_1111.ply;success;781247;7816.995;4.635;7841.350;16534627;12499952
loot_vox10_1112.ply;success;783523;7072.846;6.108;7097.205;16587770;12536368
loot_vox10_1113.ply;success;783046;6997.612;4.978;7020.001;16577966;12528736
loot_vox10_1114.ply;success;785712;7133.063;15.752;7173.330;16632911;12571392
loot_vox10_1115.ply;success;788409;8436.783;15.521;8475.464;16685434;12614544
loot_vox10_1116.ply;success;785289;7725.612;4.483;7748.833;16617700;12564624
loot_vox10_1117.ply;success;784314;7308.270;10.517;7346.103;16600135;12549024
loot_vox10_1118.ply;success;784830;7215.665;6.664;7243.605;16611071;12557280
loot_vox10_1119.ply;success;784742;8057.186;15.550;8091.173;16609846;12555872
loot_vox10_1120.ply;success;787186;7287.955;5.848;7330.047;16659096;12594976
loot_vox10_1121.ply;success;792161;7447.759;5.183;7470.478;16759656;12674576
loot_vox10_1122.ply;success;788290;7281.629;6.761;7306.251;16682393;12612640
loot_vox10_1123.ply;success;789222;7285.371;5.435;7309.035;16706853;12627552
loot_vox10_1124.ply;success;787173;7710.537;5.138;7733.335;16675054;12594768
loot_vox10_1125.ply;success;776279;7301.022;8.078;7326.977;16460886;12420464
loot_vox10_1126.ply;success;773912;7401.772;4.476;7424.367;16422724;12382592
loot_vox10_1127.ply;success;773302;9745.157;8.841;9772.920;16423279;12372832
loot_vox10_1128.ply;success;777001;6907.026;7.480;6931.882;16507036;12432016
loot_vox10_1129.ply;success;783174;6826.559;13.232;6859.228;16640096;12530784
loot_vox10_1130.ply;success;786108;6926.416;15.660;6962.296;16720649;12577728
loot_vox10_1131.ply;success;785622;6844.938;15.759;6881.344;16736411;12569952
loot_vox10_1132.ply;success;787265;7074.726;13.664;7123.786;16802538;12596240
loot_vox10_1133.ply;success;787734;8045.567;4.203;8067.219;16851899;12603744
loot_vox10_1134.ply;success;786766;7638.104;8.760;7660.393;16862560;12588256
loot_vox10_1135.ply;success;787622;7010.500;5.710;7038.841;16904187;12601952
loot_vox10_1136.ply;success;784509;6890.134;6.135;6916.203;16865897;12552144
loot_vox10_1137.ply;success;782962;6887.221;7.057;6914.184;16856503;12527392
loot_vox10_1138.ply;success;785441;6917.771;4.310;6939.538;16929083;12567056
loot_vox10_1139.ply;success;786857;7002.202;5.663;7029.134;16980585;12589712
loot_vox10_1140.ply;success;786209;6831.613;7.940;6859.536;16984190;12579344
loot_vox10_1141.ply;success;785895;7209.091;6.169;7236.459;16993319;12574320
loot_vox10_1142.ply;success;783109;7866.917;4.188;7889.665;16947750;12529744
loot_vox10_1143.ply;success;783994;6981.891;15.081;7015.302;16974909;12543904
loot_vox10_1144.ply;success;785959;7034.343;16.112;7069.209;17021542;12575344
loot_vox10_1145.ply;success;789030;6887.052;9.501;6911.435;17095529;12624480
loot_vox10_1146.ply;success;794594;6969.522;9.003;6996.524;17215452;12713504
loot_vox10_1147.ply;success;797998;7689.391;8.454;7715.803;17296681;12767968
loot_vox10_1148.ply;success;798639;7065.131;8.355;7108.862;17322549;12778224
loot_vox10_1149.ply;success;796693;7297.574;7.108;7322.593;17289499;12747088
loot_vox10_1150.ply;success;794717;7292.387;13.583;7324.543;17250699;12715472
loot_vox10_1151.ply;success;792861;7063.464;5.001;7086.137;17211837;12685776
loot_vox10_1152.ply;success;792789;7514.904;6.994;7540.345;17210052;12684624
loot_vox10_1153.ply;success;792309;7102.072;4.864;7129.250;17194506;12676944
loot_vox10_1154.ply;success;791925;7107.086;5.070;7130.561;17177528;12670800
loot_vox10_1155.ply;success;793795;7034.189;6.311;7060.814;17210401;12700720
loot_vox10_1156.ply;success;793460;7184.161;7.312;7210.193;17196586;12695360
loot_vox10_1157.ply;success;795527;7228.638;8.327;7255.512;17239818;12728432
loot_vox10_1158.ply;success;798776;7154.325;20.833;7193.790;17309370;12780416
loot_vox10_1159.ply;success;799362;7061.427;27.331;7106.200;17321802;12789792
loot_vox10_1160.ply;success;789777;7033.295;16.223;7067.109;17117860;12636432
loot_vox10_1161.ply;success;790930;7066.878;7.162;7092.625;17152977;12654880
loot_vox10_1162.ply;success;793734;7062.384;8.427;7088.411;17224759;12699744
loot_vox10_1163.ply;success;792883;7057.862;8.282;7084.125;17216949;12686128
loot_vox10_1164.ply;success;791299;7070.058;15.923;7105.399;17193884;12660784
loot_vox10_1165.ply;success;789485;7124.598;6.910;7148.442;17165854;12631760
loot_vox10_1166.ply;success;789977;7268.916;7.405;7294.641;17181865;12639632
loot_vox10_1167.ply;success;791598;7238.423;6.953;7263.289;17217473;12665568
loot_vox10_1168.ply;success;795034;7159.440;15.996;7194.461;17288884;12720544
loot_vox10_1169.ply;success;794863;7626.363;4.401;7649.699;17276620;12717808
loot_vox10_1170.ply;success;794885;7134.626;8.060;7160.432;17271113;12718160
loot_vox10_1171.ply;success;788905;7130.447;6.162;7154.238;17139052;12622480
loot_vox10_1172.ply;success;787376;7071.883;17.660;7108.357;17105695;12598016
loot_vox10_1173.ply;success;791921;7103.434;5.839;7127.281;17210266;12670736
loot_vox10_1174.ply;success;785044;7132.006;7.835;7157.621;17059297;12560704
loot_vox10_1175.ply;success;785759;6999.012;5.743;7021.966;17068718;12572144
loot_vox10_1176.ply;success;782963;7059.028;15.733;7093.810;16999280;12527408
loot_vox10_1177.ply;success;783666;7094.959;16.102;7132.390;17007565;12538656
loot_vox10_1178.ply;success;786714;7027.958;7.726;7053.033;17072641;12587424
loot_vox10_1179.ply;success;787583;7023.220;13.102;7057.959;17091760;12601328
loot_vox10_1180.ply;success;793719;7016.264;7.370;7041.373;17229680;12699504
loot_vox10_1181.ply;success;792329;6944.334;4.788;6971.001;17207877;12677264
loot_vox10_1182.ply;success;801464;7227.925;9.162;7251.349;17415110;12823424
loot_vox10_1183.ply;success;796948;7213.218;5.231;7236.506;17321221;12751168
loot_vox10_1184.ply;success;802598;7140.417;5.284;7164.483;17449872;12841568
loot_vox10_1185.ply;success;797039;7132.523;8.534;7159.021;17329606;12752624
loot_vox10_1186.ply;success;797511;7548.683;8.583;7571.951;17344487;12760176
loot_vox10_1187.ply;success;794879;7048.847;5.108;7072.038;17296650;12718064
loot_vox10_1188.ply;success;793590;7072.660;5.876;7096.529;17280711;12697440
loot_vox10_1189.ply;success;788938;6997.682;26.480;7041.886;17183027;12623008
loot_vox10_1190.ply;success;784846;7003.355;5.252;7026.780;17097301;12557536
loot_vox10_1191.ply;success;788004;7150.895;16.571;7190.560;17165421;12608064
loot_vox10_1192.ply;success;795964;7122.822;15.997;7158.294;17337065;12735424
loot_vox10_1193.ply;success;799207;7090.318;19.923;7125.080;17413551;12787312
loot_vox10_1194.ply;success;799402;7156.509;15.894;7192.767;17418408;12790432
loot_vox10_1195.ply;success;800483;7095.629;9.625;7121.976;17442012;12807728
loot_vox10_1196.ply;success;798336;7162.168;9.626;7190.614;17395138;12773376
loot_vox10_1197.ply;success;798454;7104.410;9.037;7132.845;17398540;12775264
loot_vox10_1198.ply;success;800770;7122.131;6.719;7148.992;17450496;12812320
loot_vox10_1199.ply;success;802378;7357.461;5.527;7384.810;17485648;12838048
loot_vox10_1200.ply;success;805285;7319.978;7.859;7352.001;17543324;12884560
loot_vox10_1201.ply;success;803318;7201.109;17.342;7242.875;17493129;12853088
loot_vox10_1202.ply;success;802036;7277.354;8.704;7307.346;17460017;12832576
loot_vox10_1203.ply;success;810228;7776.234;11.447;7814.265;17628006;12963648
loot_vox10_1204.ply;success;808185;7199.207;13.305;7231.395;17580671;12930960
loot_vox10_1205.ply;success;815223;7355.962;7.943;7382.480;17742859;13043568
loot_vox10_1206.ply;success;799426;7864.261;5.404;7888.750;17397968;12790816
loot_vox10_1207.ply;success;790320;8158.258;6.787;8182.904;17200708;12645120
loot_vox10_1208.ply;success;795945;7581.742;7.825;7608.144;17326657;12735120
loot_vox10_1209.ply;success;792891;6867.303;5.192;6894.196;17260331;12686256
loot_vox10_1210.ply;success;797320;7199.869;8.400;7226.103;17363332;12757120
loot_vox10_1211.ply;success;805214;7081.400;5.604;7106.765;17536009;12883424
loot_vox10_1212.ply;success;797126;7289.492;5.202;7312.154;17357385;12754016
loot_vox10_1213.ply;success;803136;7002.441;18.534;7045.411;17488080;12850176
loot_vox10_1214.ply;success;809297;9491.167;16.005;9526.648;17624009;12948752
loot_vox10_1215.ply;success;808156;7996.481;7.138;8022.931;17602682;12930496
loot_vox10_1216.ply;success;810355;7302.132;18.030;7339.748;17649265;12965680
loot_vox10_1217.ply;success;810211;7749.209;4.290;7772.433;17642179;12963376
loot_vox10_1218.ply;success;808645;8577.350;8.370;8612.605;17605633;12938320
loot_vox10_1219.ply;success;810783;10640.475;12.219;10680.314;17650927;12972528
loot_vox10_1220.ply;success;807088;11313.107;8.726;11349.992;17579818;12913408
loot_vox10_1221.ply;success;809369;11529.997;8.634;11571.345;17626999;12949904
loot_vox10_1222.ply;success;795354;11489.142;10.075;11530.401;17322275;12725664
loot_vox10_1223.ply;success;795455;6357.578;4.305;6378.234;17328568;12727280
loot_vox10_1224.ply;success;795720;5525.692;10.720;5549.255;17334772;12731520
loot_vox10_1225.ply;success;798723;7258.304;10.334;7282.338;17401636;12779568
loot_vox10_1226.ply;success;807441;5525.014;10.792;5547.587;17590114;12919056
loot_vox10_1227.ply;success;803316;5391.367;4.290;5407.918;17502697;12853056
loot_vox10_1228.ply;success;809074;5593.195;11.231;5618.920;17622435;12945184
loot_vox10_1229.ply;success;808265;5281.729;4.446;5299.432;17605237;12932240
loot_vox10_1230.ply;success;818848;5254.794;5.676;5274.398;17839413;13101568
loot_vox10_1231.ply;success;820617;5505.497;4.054;5520.841;17874342;13129872
loot_vox10_1232.ply;success;814146;5084.508;11.112;5108.472;17733079;13026336
loot_vox10_1233.ply;success;814852;5786.739;6.292;5807.130;17741108;13037632
loot_vox10_1234.ply;success;815725;6494.517;9.275;6531.736;17756234;13051600
loot_vox10_1235.ply;success;816078;5235.069;4.400;5253.252;17768379;13057248
loot_vox10_1236.ply;success;810868;5368.597;4.279;5385.560;17651506;12973888
loot_vox10_1237.ply;success;801907;5079.371;4.070;5098.715;17456731;12830512
loot_vox10_1238.ply;success;799196;5000.367;4.155;5016.835;17403432;12787136
loot_vox10_1239.ply;success;799621;5397.004;4.453;5412.890;17410898;12793936
loot_vox10_1240.ply;success;808174;5245.328;4.456;5262.146;17600018;12930784
loot_vox10_1241.ply;success;810609;5193.514;4.238;5210.489;17653307;12969744
loot_vox10_1242.ply;success;809086;5471.591;4.402;5488.590;17624218;12945376
loot_vox10_1243.ply;success;804105;5127.918;4.231;5145.933;17507233;12865680
loot_vox10_1244.ply;success;810243;5264.078;10.871;5290.293;17641807;12963888
loot_vox10_1245.ply;success;808451;5373.796;10.574;5399.743;17604695;12935216
loot_vox10_1246.ply;success;818595;6161.808;4.131;6179.766;17830178;13097520
loot_vox10_1247.ply;success;813416;10669.991;16.516;10733.683;17721772;13014656
loot_vox10_1248.ply;success;816251;6144.188;4.279;6165.915;17768359;13060016
loot_vox10_1249.ply;success;820584;5171.007;4.339;5189.256;17861705;13129344
loot_vox10_1250.ply;success;817535;5161.348;4.510;5179.667;17794959;13080560
loot_vox10_1251.ply;success;812707;5077.976;5.153;5099.684;17691764;13003312
loot_vox10_1252.ply;success;811017;6107.201;5.247;6128.306;17662707;12976272
loot_vox10_1253.ply;success;812416;6851.259;6.301;6879.872;17695398;12998656
loot_vox10_1254.ply;success;815874;10420.792;5.371;10440.765;17773689;13053984
loot_vox10_1255.ply;success;811813;9818.149;15.315;9887.557;17685487;12989008
loot_vox10_1256.ply;success;809323;6432.302;4.306;6450.383;17630453;12949168
loot_vox10_1257.ply;success;806066;5372.522;4.442;5389.261;17567912;12897056
loot_vox10_1258.ply;success;803994;6967.363;13.139;7044.540;17523772;12863904
loot_vox10_1259.ply;success;804675;9678.131;5.408;9696.549;17541583;12874800
loot_vox10_1260.ply;success;803023;6956.029;4.599;6972.981;17509550;12848368
loot_vox10_1261.ply;success;804900;6486.801;11.244;6547.606;17553742;12878400
loot_vox10_1262.ply;success;801032;10195.150;4.203;10213.488;17469131;12816512
loot_vox10_1263.ply;success;793638;7129.416;6.505;7152.775;17298099;12698208
loot_vox10_1264.ply;success;801156;5958.503;5.249;5981.214;17465069;12818496
loot_vox10_1265.ply;success;804749;12502.118;5.858;12527.855;17526326;12875984
loot_vox10_1266.ply;success;805449;10435.178;9.989;10479.871;17531273;12887184
loot_vox10_1267.ply;success;805329;9573.654;3.939;9592.056;17526206;12885264
loot_vox10_1268.ply;success;805419;7881.326;4.053;7900.216;17540244;12886704
loot_vox10_1269.ply;success;804474;6969.900;6.969;6992.426;17520839;12871584
loot_vox10_1270.ply;success;796101;9527.677;7.265;9547.179;17336572;12737616
loot_vox10_1271.ply;success;805073;9479.358;12.155;9505.203;17522764;12881168
loot_vox10_1272.ply;success;797204;8086.254;62.833;8181.148;17352269;12755264
loot_vox10_1273.ply;success;805139;7652.923;3.999;7670.159;17527541;12882224
loot_vox10_1274.ply;success;808073;8972.187;41.839;9058.156;17591143;12929168
loot_vox10_1275.ply;success;813584;11316.610;10.452;11340.428;17713526;13017344
loot_vox10_1276.ply;success;812306;5287.265;4.220;5305.044;17683205;12996896
loot_vox10_1277.ply;success;817500;5874.350;4.339;5892.647;17795981;13080000
loot_vox10_1278.ply;success;824803;5489.257;4.318;5506.354;17954245;13196848
loot_vox10_1279.ply;success;813944;5300.833;4.286;5317.444;17711849;13023104
loot_vox10_1280.ply;success;815307;5306.799;4.114;5330.069;17732742;13044912
loot_vox10_1281.ply;success;816329;5608.171;4.507;5624.882;17756842;13061264
loot_vox10_1282.ply;success;813249;5527.621;4.278;5545.099;17693986;13011984
loot_vox10_1283.ply;success;809333;5403.435;5.187;5420.596;17609546;12949328
loot_vox10_1284.ply;success;815482;5174.715;8.790;5208.646;17750364;13047712
loot_vox10_1285.ply;success;814633;5176.103;4.338;5193.718;17729625;13034128
loot_vox10_1286.ply;success;814941;6092.904;4.259;6109.657;17736231;13039056
loot_vox10_1287.ply;success;818847;5620.493;4.280;5637.365;17817949;13101552
loot_vox10_1288.ply;success;824052;5388.760;4.226;5404.215;17928154;13184832
loot_vox10_1289.ply;success;835458;7153.457;13.240;7181.167;18178866;13367328
loot_vox10_1290.ply;success;819605;5562.241;10.791;5584.356;17832037;13113680
loot_vox10_1291.ply;success;827799;5464.247;4.597;5482.638;18020812;13244784
loot_vox10_1292.ply;success;830771;5580.528;4.239;5598.489;18086316;13292336
loot_vox10_1293.ply;success;835004;7240.895;4.508;7259.353;18178862;13360064
loot_vox10_1294.ply;success;814967;5512.879;10.801;5539.051;17742909;13039472
loot_vox10_1295.ply;success;818656;5449.813;4.311;5467.401;17822830;13098496
loot_vox10_1296.ply;success;819807;8664.075;10.059;8690.318;17855636;13116912
loot_vox10_1297.ply;success;814766;8356.636;4.201;8374.344;17749443;13036256
loot_vox10_1298.ply;success;809259;5340.402;4.444;5359.300;17631663;12948144
loot_vox10_1299.ply;success;812212;6219.274;5.445;6237.482;17703923;12995392
