frame_id;rx_complete;current_skip;yaw;pitch;zoom;camera_send_timestamp;recv_start_timestamp;node_exit_timestamp;original_points;arrived_points;eroded_points;valid_points;rx_points;rx_packets;payload_bytes;data_integrity_pct;internal_throughput_mbs;logical_bitrate_mbps;network_bitrate_mbps;arrival_pct;erosion_pct;valid_pct;web_publish_ms;web_ack_ms;active_process_ms;total_residency_ms;node_efficiency_pct;camera_node_ms;e2e_latency_ms;reference_e2e_ms;schedule_delay_ms;inter_arrival_ms;instant_jitter_ms;desynced_jitter_ms;cmd_id;reference_cmd_ms;cmd_apply_ms;cmd_photon_ms;quality_save_ms
1;1;1;0.000000;0.000000;1.000000;19616.448554;19616.636817;19616.638785;784142;178911;159140;146318;146318;1829;2341088;100.000;1190.265;561.874;603.123;22.816;88.949;18.660;0.000;194.712;1.422;1.968;72.250;188.263;190.231;190.229;1.968;0.000;0.000;0.000;0;0.000;0.000;0.000;0.000
2;1;1;0.000000;0.000000;1.000000;19616.482298;19616.678699;19616.684024;783406;169393;156499;144182;144182;1803;2306912;100.000;433.390;553.671;594.335;21.623;92.388;18.405;0.001;0.000;4.621;5.325;86.776;196.401;201.726;201.724;13.874;41.882;8.549;0.534;0;0.000;0.000;0.000;0.000
3;1;1;0.000000;0.000000;1.000000;19616.515758;19616.712555;19616.715213;780200;164369;153953;141754;141754;1772;2268064;100.000;853.256;544.348;584.312;21.068;93.663;18.169;0.000;0.000;1.793;2.659;67.415;196.796;199.455;199.455;11.730;33.856;0.522;0.534;0;0.000;0.000;0.000;0.000
4;1;1;0.000000;0.000000;1.000000;19616.551305;19616.731584;19616.737300;778467;160176;150044;139430;139430;1743;2230880;100.000;390.318;535.424;574.733;20.576;93.674;17.911;0.000;0.000;4.993;5.717;87.350;180.279;185.996;185.995;0.483;19.029;14.304;1.394;0;0.000;0.000;0.000;0.000
5;1;1;0.000000;0.000000;1.000000;19616.583284;19616.781773;19616.788272;776427;157416;147596;137802;137802;1723;2204832;100.000;339.300;529.172;568.031;20.274;93.762;17.748;0.000;0.000;1.767;6.499;27.188;198.489;204.988;204.987;18.122;50.189;16.856;2.361;0;0.000;0.000;0.000;0.000
6;1;1;0.000000;0.000000;1.000000;19616.617576;19616.808508;19616.809547;774893;155702;146729;137230;137230;1716;2195680;100.000;2114.267;526.976;565.676;20.093;94.237;17.710;0.000;168.783;0.628;1.039;60.423;190.932;191.971;191.971;6.064;26.735;6.598;2.625;0;0.000;0.000;0.000;0.000
7;1;1;0.000000;0.000000;1.000000;19616.651254;19616.861886;19616.867523;775949;155688;147260;137590;137590;1720;2201440;100.000;390.614;528.358;567.149;20.064;94.587;17.732;0.001;0.000;4.868;5.638;86.347;210.632;216.270;216.268;30.706;53.377;20.044;3.714;0;0.000;0.000;0.000;0.000
8;1;1;0.000000;0.000000;1.000000;19616.682977;19616.875744;19616.888542;775463;154960;147284;137746;137746;1722;2203936;100.000;172.244;528.957;567.793;19.983;95.046;17.763;0.001;0.000;1.212;12.798;9.473;192.767;205.565;205.563;18.392;13.859;19.475;4.699;0;0.000;0.000;0.000;0.000
9;1;1;0.000000;0.000000;1.000000;19616.718066;19616.903905;19616.905368;775698;154556;147480;138024;138024;1726;2208384;100.000;1509.684;530.025;568.951;19.925;95.422;17.794;0.000;0.000;1.015;1.463;69.364;185.840;187.303;187.302;1.885;28.161;5.173;4.729;0;0.000;0.000;0.000;0.000
10;1;1;0.000000;0.000000;1.000000;19616.749047;19616.945054;19616.967264;778020;153976;146817;138278;138278;1729;2212448;100.000;99.623;531.000;569.994;19.791;95.351;17.773;0.000;0.000;1.065;22.210;4.797;196.007;218.217;218.216;30.448;41.149;7.816;4.922;0;0.000;0.000;0.000;0.000
11;1;1;0.000000;0.000000;1.000000;19616.782458;19616.978136;19616.979650;778554;154586;147875;139114;139114;1739;2225824;100.000;1472.004;534.210;573.430;19.856;95.659;17.868;0.000;86.994;1.000;1.514;66.028;195.678;197.192;197.190;9.499;33.081;0.252;4.630;0;0.000;0.000;0.000;0.000
12;1;1;0.000000;0.000000;1.000000;19616.815773;19617.037275;19617.041622;779986;155450;148967;140496;140496;1757;2247936;100.000;517.246;539.517;579.143;19.930;95.830;18.013;0.000;0.000;0.867;4.347;19.937;221.502;225.849;225.848;38.139;59.139;25.806;5.953;0;0.000;0.000;0.000;0.000
13;1;1;0.000000;0.000000;1.000000;19616.849672;19617.041861;19617.051095;780926;157559;150948;142868;142868;1786;2285888;100.000;247.595;548.626;588.905;20.176;95.804;18.295;0.000;89.268;8.774;9.234;95.024;192.189;201.423;201.422;14.278;4.586;28.747;7.378;0;0.000;0.000;0.000;0.000
14;1;1;0.000000;0.000000;1.000000;19616.884008;19617.091889;19617.107368;782770;159221;152767;144928;144928;1812;2318848;100.000;149.818;556.536;597.402;20.341;95.947;18.515;0.000;0.000;14.411;15.479;93.099;207.881;223.360;223.359;37.218;50.028;16.695;7.960;0;0.000;0.000;0.000;0.000
15;1;1;0.000000;0.000000;1.000000;19616.915746;19617.115460;19617.117158;784474;159870;153190;146044;146044;1826;2336704;100.000;1377.511;560.821;602.004;20.379;95.822;18.617;0.000;97.615;1.156;1.697;68.094;199.714;201.411;201.411;13.674;23.572;9.762;8.073;0;0.000;0.000;0.000;0.000
16;1;1;0.000000;0.000000;1.000000;19616.949126;19617.147552;19617.169941;785193;177968;156948;145822;145822;1823;2333152;100.000;104.219;559.969;601.083;22.666;88.189;18.571;0.000;0.000;8.766;22.388;39.153;198.426;220.815;220.814;33.124;32.092;1.241;7.646;0;0.000;0.000;0.000;0.000
17;1;1;0.000000;0.000000;1.000000;19616.982561;19617.176602;19617.177667;782720;169048;155711;144126;144126;1802;2306016;100.000;2166.465;553.456;594.097;21.598;92.111;18.413;0.000;119.227;0.653;1.065;61.271;194.040;195.106;195.105;7.516;29.049;4.284;7.436;0;0.000;0.000;0.000;0.000
18;1;1;0.000000;0.000000;1.000000;19617.015788;19617.214862;19617.230136;781613;164438;152319;141930;141930;1775;2270880;100.000;148.697;545.024;585.055;21.038;92.630;18.159;0.001;0.000;2.405;15.274;15.746;199.074;214.348;214.346;26.652;38.260;4.927;7.279;0;0.000;0.000;0.000;0.000
19;1;1;0.000000;0.000000;1.000000;19617.049166;19617.242128;19617.250246;780006;160724;150232;139740;139740;1747;2235840;100.000;275.479;536.614;576.014;20.605;93.472;17.915;0.000;0.000;7.456;8.118;91.844;192.962;201.080;201.078;13.429;27.266;6.067;7.203;0;0.000;0.000;0.000;0.000
20;1;1;0.000000;0.000000;1.000000;19617.082935;19617.272818;19617.277219;780302;158111;148368;138346;138346;1730;2213536;100.000;503.050;531.261;570.277;20.263;93.838;17.730;0.000;86.978;3.946;4.401;89.674;189.883;194.284;194.284;7.069;30.690;2.643;6.918;0;0.000;0.000;0.000;0.000
21;1;1;0.000000;0.000000;1.000000;19617.115647;19617.323954;19617.328779;779066;156169;147318;137844;137844;1724;2205504;100.000;457.191;529.333;568.214;20.046;94.332;17.693;0.000;0.000;3.181;4.825;65.916;208.306;213.132;213.130;25.296;51.136;17.802;7.598;0;0.000;0.000;0.000;0.000
22;1;1;0.000000;0.000000;1.000000;19617.149557;19617.344993;19617.346636;778280;156257;148169;138092;138092;1727;2209472;100.000;1346.025;530.286;569.234;20.077;94.824;17.743;0.000;90.919;1.110;1.642;67.591;195.437;197.079;197.078;9.819;21.040;12.294;7.892;0;0.000;0.000;0.000;0.000
23;1;1;0.000000;0.000000;1.000000;19617.182283;19617.390377;19617.403610;778907;155625;148274;138240;138240;1728;2211840;100.000;167.166;530.854;569.825;19.980;95.276;17.748;0.001;0.000;8.546;13.233;64.583;208.094;221.327;221.325;33.459;45.383;12.050;8.152;0;0.000;0.000;0.000;0.000
24;1;1;0.000000;0.000000;1.000000;19617.216303;19617.408632;19617.410143;779289;155068;147825;138556;138556;1732;2216896;100.000;1468.523;532.068;571.129;19.899;95.329;17.780;0.000;0.000;0.651;1.511;43.057;192.329;193.840;193.839;6.659;18.255;15.078;8.585;0;0.000;0.000;0.000;0.000
25;1;1;0.000000;0.000000;1.000000;19617.250993;19617.437354;19617.438767;779739;154886;148003;138952;138952;1737;2223232;100.000;1575.282;533.588;572.762;19.864;95.556;17.820;0.000;65.774;0.928;1.412;65.702;186.362;187.774;187.773;1.950;28.723;4.611;8.336;0;0.000;0.000;0.000;0.000
26;1;1;0.000000;0.000000;1.000000;19617.282299;19617.477053;19617.479521;779364;155037;148137;139454;139454;1744;2231264;100.000;904.475;535.516;574.848;19.893;95.549;17.893;0.000;103.674;1.993;2.468;80.767;194.754;197.222;197.221;9.371;39.699;6.366;8.213;0;0.000;0.000;0.000;0.000
27;1;1;0.000000;0.000000;1.000000;19617.316030;19617.518406;19617.532505;780025;155674;148906;140520;140520;1757;2248320;100.000;159.481;539.609;579.235;19.958;95.652;18.015;0.000;0.000;1.475;14.100;10.465;202.376;216.475;216.474;29.022;41.352;8.019;8.201;0;0.000;0.000;0.000;0.000
28;1;1;0.000000;0.000000;1.000000;19617.349134;19617.549468;19617.562905;780373;156436;150018;141820;141820;1773;2269120;100.000;168.886;544.601;584.588;20.046;95.897;18.173;0.000;0.000;1.584;13.438;11.789;200.334;213.771;213.770;26.088;31.062;2.272;7.830;0;0.000;0.000;0.000;0.000
29;1;1;0.000000;0.000000;1.000000;19617.382620;19617.582967;19617.584633;781651;158103;151744;143812;143812;1798;2300992;100.000;1381.697;552.251;592.801;20.227;95.978;18.398;0.000;92.277;1.105;1.667;66.297;200.347;202.013;202.012;14.483;33.499;0.166;7.351;0;0.000;0.000;0.000;0.000
30;1;1;0.000000;0.000000;1.000000;19617.417931;19617.616634;19617.635843;781375;158909;152425;144756;144756;1810;2316096;100.000;120.580;555.876;596.697;20.337;95.920;18.526;0.000;0.000;7.211;19.209;37.542;198.703;217.912;217.911;32.360;33.667;0.334;6.913;0;0.000;0.000;0.000;0.000
31;1;1;0.000000;0.000000;1.000000;19617.450157;19617.645966;19617.653858;784392;176776;155937;143948;143948;1800;2303168;100.000;291.929;552.773;593.368;22.537;88.212;18.352;0.001;0.000;7.266;7.892;92.067;195.809;203.701;203.699;17.041;29.332;4.001;6.731;0;0.000;0.000;0.000;0.000
32;1;1;0.000000;0.000000;1.000000;19617.482313;19617.675949;19617.678116;782671;167823;154032;141972;141972;1775;2271552;100.000;1048.745;545.185;585.216;21.442;91.782;18.139;0.000;84.877;0.913;2.167;42.153;193.636;195.803;195.802;7.965;29.983;3.351;6.520;0;0.000;0.000;0.000;0.000
33;1;1;0.000000;0.000000;1.000000;19617.516176;19617.711166;19617.735109;776999;162493;151172;139814;139814;1748;2237024;100.000;93.437;536.898;576.321;20.913;93.033;17.994;0.000;0.000;4.168;23.943;17.409;194.990;218.933;218.932;31.626;35.218;1.884;6.230;0;0.000;0.000;0.000;0.000
34;1;1;0.000000;0.000000;1.000000;19617.549148;19617.749316;19617.750858;778650;158009;147496;137648;137648;1721;2202368;100.000;1429.153;528.581;567.394;20.293;93.347;17.678;0.000;89.068;1.047;1.542;67.918;200.168;201.710;201.709;14.041;38.150;4.816;6.141;0;0.000;0.000;0.000;0.000
35;1;1;0.000000;0.000000;1.000000;19617.582743;19617.793042;19617.808251;778007;156436;146459;137154;137154;1715;2194464;100.000;144.296;526.684;565.362;20.107;93.622;17.629;0.000;0.000;2.131;15.209;14.008;210.299;225.508;225.507;38.101;43.726;10.392;6.407;0;0.000;0.000;0.000;0.000
36;1;1;0.000000;0.000000;1.000000;19617.615773;19617.810093;19617.811434;776483;155955;147025;138046;138046;1726;2208736;100.000;1648.053;530.109;569.035;20.085;94.274;17.778;0.000;102.319;0.935;1.341;69.726;194.320;195.661;195.661;7.950;17.051;16.282;7.024;0;0.000;0.000;0.000;0.000
37;1;1;0.000000;0.000000;1.000000;19617.649123;19617.867801;19617.869351;781287;157465;149465;139346;139346;1742;2229536;100.000;1439.675;535.101;574.388;20.155;94.920;17.835;0.000;0.000;0.994;1.549;64.149;218.678;220.228;220.227;32.534;57.708;24.375;8.109;0;0.000;0.000;0.000;0.000
38;1;1;0.000000;0.000000;1.000000;19617.682023;19617.886254;19617.900427;780329;157640;150117;141098;141098;1764;2257568;100.000;159.326;541.829;581.612;20.202;95.228;18.082;0.001;0.000;13.197;14.172;93.115;204.231;218.404;218.401;30.276;18.453;14.880;8.532;0;0.000;0.000;0.000;0.000
39;1;1;0.000000;0.000000;1.000000;19617.715691;19617.901527;19617.913997;780785;158183;150821;142238;142238;1778;2275808;100.000;182.509;546.206;586.306;20.259;95.346;18.217;0.000;62.494;11.256;12.470;90.261;185.836;198.306;198.305;10.514;15.273;18.061;9.128;0;0.000;0.000;0.000;0.000
40;1;1;0.000000;0.000000;1.000000;19617.749190;19617.967416;19617.972120;785430;159338;152086;143844;143844;1799;2301504;100.000;489.304;552.373;592.946;20.287;95.449;18.314;0.000;0.000;4.189;4.704;89.055;218.226;222.930;222.930;35.303;65.889;32.555;10.592;0;0.000;0.000;0.000;0.000
41;1;1;0.000000;0.000000;1.000000;19617.782491;19617.976278;19617.979484;789479;161451;154261;146416;146416;1831;2342656;100.000;730.848;562.250;603.545;20.450;95.547;18.546;0.000;74.078;0.683;3.206;21.294;193.787;196.994;196.993;9.334;8.863;24.471;11.459;0;0.000;0.000;0.000;0.000
42;1;1;0.000000;0.000000;1.000000;19617.815465;19618.007520;19618.013026;789348;163175;156456;148106;148106;1852;2369696;100.000;430.527;568.740;610.508;20.672;95.882;18.763;0.000;0.000;4.916;5.505;89.300;192.055;197.560;197.560;9.542;31.242;2.091;10.874;0;0.000;0.000;0.000;0.000
43;1;1;0.000000;0.000000;1.000000;19617.849601;19618.046619;19618.066688;792714;164202;157630;149298;149298;1867;2388768;100.000;119.039;573.317;615.424;20.714;95.998;18.834;0.000;75.933;4.915;20.069;24.492;197.018;217.086;217.085;29.871;39.099;5.765;10.554;0;0.000;0.000;0.000;0.000
44;1;1;0.000000;0.000000;1.000000;19617.884579;19618.099032;19618.102632;790865;165443;158450;150365;150365;1880;2405840;100.000;668.478;577.414;619.814;20.919;95.773;19.013;0.000;0.000;2.907;3.600;80.742;214.453;218.054;218.052;32.482;52.413;19.080;11.087;0;0.000;0.000;0.000;0.000
45;1;1;0.000000;0.000000;1.000000;19617.915601;19618.113824;19618.118878;787976;166156;159454;151606;151606;1896;2425696;100.000;480.068;582.180;624.941;21.086;95.966;19.240;0.000;93.425;4.486;5.054;88.765;198.223;203.277;203.276;15.394;14.792;18.542;11.553;0;0.000;0.000;0.000;0.000
46;1;1;0.000000;0.000000;1.000000;19617.949087;19618.153253;19618.167116;789717;188890;165163;151650;151650;1896;2426400;100.000;175.051;582.348;625.110;23.919;87.439;19.203;0.000;0.000;4.361;13.863;31.456;204.166;218.029;218.028;30.299;39.429;6.096;11.212;0;0.000;0.000;0.000;0.000
47;1;1;0.000000;0.000000;1.000000;19617.983530;19618.181934;19618.212125;784950;179115;163191;150558;150558;1882;2408928;100.000;79.795;578.155;620.601;22.819;91.110;19.181;0.000;0.000;13.563;30.191;44.924;198.404;228.594;228.594;41.974;28.681;4.653;10.802;0;0.000;0.000;0.000;0.000
48;1;1;0.000000;0.000000;1.000000;19618.015569;19618.212235;19618.235430;781130;174491;161518;148538;148538;1857;2376608;100.000;102.473;570.398;612.280;22.338;92.565;19.016;0.001;68.806;2.534;23.195;10.925;196.667;219.862;219.860;31.947;30.301;3.032;10.316;0;0.000;0.000;0.000;0.000
49;1;1;0.000000;0.000000;1.000000;19618.049222;19618.259699;19618.266945;780468;169683;158314;147276;147276;1841;2356416;100.000;325.306;565.552;607.073;21.741;93.300;18.870;0.000;0.000;5.608;7.245;77.406;210.477;217.723;217.721;30.128;47.464;14.131;10.555;0;0.000;0.000;0.000;0.000
50;1;1;0.000000;0.000000;1.000000;19618.083145;19618.275175;19618.289387;783376;166714;156688;146748;146748;1835;2347968;100.000;165.231;563.525;604.910;21.281;93.986;18.733;0.000;94.117;7.345;14.212;51.680;192.030;206.242;206.241;19.237;15.476;17.857;11.011;0;0.000;0.000;0.000;0.000
51;1;1;0.000000;0.000000;1.000000;19618.115639;19618.304244;19618.309045;787237;163927;154647;145970;145970;1825;2335520;100.000;486.600;560.537;601.697;20.823;94.339;18.542;0.000;0.000;4.238;4.801;88.269;188.605;193.406;193.405;5.562;29.069;4.264;10.590;0;0.000;0.000;0.000;0.000
52;1;1;0.000000;0.000000;1.000000;19618.150204;19618.343310;19618.344803;787734;163921;154970;147302;147302;1842;2356832;100.000;1579.915;565.652;607.195;20.809;94.539;18.699;0.000;0.000;0.997;1.493;66.822;193.106;194.599;194.598;7.986;39.066;5.732;10.286;0;0.000;0.000;0.000;0.000
53;1;1;0.000000;0.000000;1.000000;19618.181661;19618.383281;19618.401572;787059;163880;155377;148046;148046;1851;2368736;100.000;129.506;568.509;610.255;20.822;94.811;18.810;0.000;66.233;9.554;18.291;52.232;201.619;219.911;219.910;31.422;39.970;6.637;10.058;0;0.000;0.000;0.000;0.000
54;1;1;0.000000;0.000000;1.000000;19618.216155;19618.408388;19618.417243;786051;163752;156015;148712;148712;1859;2379392;100.000;268.771;571.067;612.993;20.832;95.275;18.919;0.000;0.000;1.149;8.855;12.977;192.233;201.088;201.086;13.759;25.108;8.226;9.943;0;0.000;0.000;0.000;0.000
55;1;1;0.000000;0.000000;1.000000;19618.249712;19618.447559;19618.467264;796213;163350;156198;148706;148706;1859;2379296;100.000;120.764;571.044;612.970;20.516;95.622;18.677;0.001;73.774;1.344;19.705;6.820;197.847;217.552;217.549;30.447;39.171;5.838;9.687;0;0.000;0.000;0.000;0.000
56;1;1;0.000000;0.000000;1.000000;19618.284595;19618.496673;19618.502541;790191;162711;155789;148654;148654;1859;2378464;100.000;405.405;570.844;612.770;20.591;95.746;18.812;0.000;0.000;1.374;5.868;23.411;212.078;217.946;217.945;32.391;49.114;15.780;10.068;0;0.000;0.000;0.000;0.000
57;1;1;0.000000;0.000000;1.000000;19618.315500;19618.513713;19618.520802;798808;162756;155654;148762;148762;1860;2380192;100.000;335.885;571.259;613.208;20.375;95.636;18.623;0.000;94.488;6.384;7.089;90.056;198.213;205.302;205.299;17.318;17.040;16.294;10.457;0;0.000;0.000;0.000;0.000
58;1;1;0.000000;0.000000;1.000000;19618.348901;19618.561835;19618.571725;797924;163186;156181;149280;149280;1866;2388480;100.000;241.515;573.248;615.332;20.451;95.707;18.709;0.000;0.000;9.021;9.891;91.206;212.934;222.824;222.823;34.908;48.122;14.789;10.727;0;0.000;0.000;0.000;0.000
59;1;1;0.000000;0.000000;1.000000;19618.382868;19618.580368;19618.608334;794477;163385;156786;149798;149798;1873;2396768;100.000;85.706;575.237;617.479;20.565;95.961;18.855;0.000;0.000;10.564;27.966;37.773;197.500;225.466;225.466;38.184;18.533;14.800;10.982;0;0.000;0.000;0.000;0.000
60;1;1;0.000000;0.000000;1.000000;19618.415614;19618.615064;19618.636292;789053;164074;157604;150698;150698;1884;2411168;100.000;113.596;578.693;621.183;20.794;96.057;19.099;0.000;77.255;9.639;21.228;45.410;199.450;220.678;220.676;32.808;34.696;1.363;10.381;0;0.000;0.000;0.000;0.000
61;1;1;0.000000;0.000000;1.000000;19618.449376;19618.648012;19618.677870;783874;186216;162709;149328;149328;1867;2389248;100.000;80.026;573.432;615.539;23.756;87.376;19.050;0.000;0.000;0.960;29.857;3.214;198.636;228.493;228.493;41.053;32.948;0.385;9.756;0;0.000;0.000;0.000;0.000
62;1;1;0.000000;0.000000;1.000000;19618.483011;19618.677964;19618.702876;782785;175811;160606;146986;146986;1838;2351776;100.000;94.409;564.439;605.892;22.460;91.352;18.777;0.000;0.000;0.692;24.912;2.777;194.954;219.865;219.865;32.726;29.952;3.381;9.358;0;0.000;0.000;0.000;0.000
63;1;1;0.000000;0.000000;1.000000;19618.515248;19618.710824;19618.732232;782791;170311;157273;145010;145010;1813;2320160;100.000;108.391;556.851;597.740;21.757;92.345;18.525;0.000;64.288;8.946;21.408;41.789;195.576;216.984;216.982;28.748;32.860;0.474;8.802;0;0.000;0.000;0.000;0.000
64;1;1;0.000000;0.000000;1.000000;19618.549591;19618.746160;19618.754223;782127;165342;154121;143356;143356;1792;2293696;100.000;284.550;550.500;590.915;21.140;93.213;18.329;0.000;0.000;1.521;8.063;18.860;196.569;204.632;204.630;17.406;35.336;2.003;8.377;0;0.000;0.000;0.000;0.000
65;1;1;0.000000;0.000000;1.000000;19618.582261;19618.774301;19618.776382;785507;163256;152932;142428;142428;1781;2278848;100.000;1095.992;546.936;587.103;20.784;93.676;18.132;0.000;118.200;1.497;2.080;71.949;192.041;194.121;194.120;6.231;28.141;5.192;8.178;0;0.000;0.000;0.000;0.000
66;1;1;0.000000;0.000000;1.000000;19618.615980;19618.826038;19618.831353;789017;161188;152020;142296;142296;1779;2276736;100.000;428.535;546.429;586.551;20.429;94.312;18.035;0.001;0.000;3.577;5.315;67.299;210.058;215.373;215.371;27.870;51.737;18.403;8.817;0;0.000;0.000;0.000;0.000
67;1;1;0.000000;0.000000;1.000000;19618.648909;19618.846464;19618.851112;789641;160740;151686;142550;142550;1782;2280800;100.000;490.846;547.404;587.594;20.356;94.367;18.053;0.000;0.000;1.080;4.648;23.244;197.556;202.204;202.202;14.295;20.426;12.907;9.073;0;0.000;0.000;0.000;0.000
68;1;1;0.000000;0.000000;1.000000;19618.682226;19618.878431;19618.904806;784718;159950;152008;142638;142638;1783;2282208;100.000;86.535;547.742;587.954;20.383;95.035;18.177;0.000;91.548;9.709;26.375;36.813;196.206;222.580;222.580;34.656;31.967;1.366;8.591;0;0.000;0.000;0.000;0.000
69;1;1;0.000000;0.000000;1.000000;19618.715876;19618.910786;19618.929272;778159;159288;151492;142942;142942;1787;2287072;100.000;123.736;548.910;589.212;20.470;95.106;18.369;0.000;0.000;2.519;18.486;13.625;194.910;213.396;213.394;25.788;32.355;0.979;8.116;0;0.000;0.000;0.000;0.000
70;1;1;0.000000;0.000000;1.000000;19618.750351;19618.961741;19618.964286;776327;159613;152210;143886;143886;1799;2302176;100.000;905.458;552.535;593.108;20.560;95.362;18.534;0.000;0.000;1.686;2.545;66.240;211.390;213.935;213.933;27.469;50.955;17.622;8.710;0;0.000;0.000;0.000;0.000
71;1;1;0.000000;0.000000;1.000000;19618.782269;19618.978050;19618.979572;786883;160796;153432;145096;145096;1814;2321536;100.000;1526.686;557.181;598.092;20.435;95.420;18.439;0.000;141.317;1.027;1.521;67.499;195.781;197.302;197.302;9.422;16.309;17.024;9.229;0;0.000;0.000;0.000;0.000
72;1;1;0.000000;0.000000;1.000000;19618.815708;19619.034936;19619.036415;787146;161800;154247;146492;146492;1832;2343872;100.000;1585.764;562.542;603.859;20.555;95.332;18.611;0.000;0.000;0.968;1.479;65.457;219.229;220.707;220.707;32.931;56.886;23.552;10.125;0;0.000;0.000;0.000;0.000
73;1;1;0.000000;0.000000;1.000000;19618.848785;19619.050047;19619.051748;781047;163950;156756;148748;148748;1860;2379968;100.000;1399.865;571.205;613.154;20.991;95.612;19.045;0.000;0.000;1.155;1.701;67.889;201.263;202.964;202.963;14.931;15.111;18.222;10.631;0;0.000;0.000;0.000;0.000
74;1;1;0.000000;0.000000;1.000000;19618.882332;19619.082100;19619.098451;782459;164822;157635;150270;150270;1879;2404320;100.000;147.058;577.049;619.427;21.065;95.640;19.205;0.000;140.412;2.351;16.351;14.378;199.768;216.119;216.118;28.301;32.053;1.281;10.046;0;0.000;0.000;0.000;0.000
75;1;1;0.000000;0.000000;1.000000;19618.916039;19619.128303;19619.137245;781579;164842;157615;150762;150762;1885;2412192;100.000;269.794;578.939;621.452;21.091;95.616;19.289;0.000;0.000;4.957;8.942;55.442;212.264;221.206;221.205;33.761;46.203;12.869;10.223;0;0.000;0.000;0.000;0.000
76;1;1;0.000000;0.000000;1.000000;19618.948894;19619.152287;19619.170182;784181;189415;164593;151052;151052;1889;2416832;100.000;135.065;580.052;622.656;24.155;86.895;19.262;0.000;0.000;11.476;17.895;64.133;203.394;221.288;221.288;33.365;23.984;9.349;10.168;0;0.000;0.000;0.000;0.000
77;1;1;0.000000;0.000000;1.000000;19618.982037;19619.184450;19619.197779;782861;180170;164536;150492;150492;1882;2407872;100.000;180.673;577.902;620.347;23.014;91.323;19.223;0.001;0.000;12.353;13.329;92.679;202.413;215.742;215.741;27.629;32.163;1.170;9.606;0;0.000;0.000;0.000;0.000
78;1;1;0.000000;0.000000;1.000000;19619.015954;19619.213416;19619.222245;779451;175479;161871;148910;148910;1862;2382560;100.000;269.907;571.827;613.821;22.513;92.245;19.104;0.001;87.509;8.189;8.830;92.747;197.462;206.291;206.289;18.762;28.965;4.368;9.278;0;0.000;0.000;0.000;0.000
79;1;1;0.000000;0.000000;1.000000;19619.048784;19619.262463;19619.276881;784719;169419;157892;147042;147042;1839;2352672;100.000;163.177;564.654;606.129;21.590;93.196;18.738;0.000;0.000;13.436;14.419;93.180;213.679;228.097;228.097;40.064;49.047;15.714;9.681;0;0.000;0.000;0.000;0.000
80;1;1;0.000000;0.000000;1.000000;19619.082700;19619.276974;19619.278028;780701;166275;156096;146382;146382;1830;2342112;100.000;2223.134;562.119;603.392;21.298;93.878;18.750;0.000;101.698;0.732;1.054;69.467;194.273;195.327;195.327;7.878;14.511;18.822;10.252;0;0.000;0.000;0.000;0.000
81;1;1;0.000000;0.000000;1.000000;19619.115710;19619.312668;19619.336306;785754;164319;154457;145442;145442;1819;2327072;100.000;98.446;558.510;599.534;20.912;93.998;18.510;0.000;0.000;1.282;23.639;5.424;196.958;220.597;220.597;32.823;35.694;2.361;9.759;0;0.000;0.000;0.000;0.000
82;1;1;0.000000;0.000000;1.000000;19619.148440;19619.355659;19619.371041;783308;163778;154859;145720;145720;1822;2331520;100.000;151.585;559.577;600.669;20.909;94.554;18.603;0.000;80.119;6.232;15.382;40.514;207.219;222.600;222.600;34.224;42.991;9.658;9.752;0;0.000;0.000;0.000;0.000
83;1;1;0.000000;0.000000;1.000000;19619.182292;19619.396789;19619.411863;782737;163091;155011;145846;145846;1824;2333536;100.000;154.815;560.061;601.198;20.836;95.046;18.633;0.000;0.000;1.940;15.074;12.871;214.497;229.571;229.570;41.713;41.130;7.797;9.630;0;0.000;0.000;0.000;0.000
84;1;1;0.000000;0.000000;1.000000;19619.215713;19619.412021;19619.413733;781874;163282;155637;146012;146012;1826;2336192;100.000;1365.116;560.699;601.881;20.883;95.318;18.675;0.000;0.000;1.207;1.712;70.514;196.307;198.020;198.019;10.249;15.231;18.102;10.160;0;0.000;0.000;0.000;0.000
85;1;1;0.000000;0.000000;1.000000;19619.249262;19619.437062;19619.438221;780545;163263;155730;146308;146308;1829;2340928;100.000;2020.746;561.835;603.085;20.917;95.386;18.744;0.000;90.515;0.624;1.160;53.835;187.800;188.960;188.958;1.404;25.041;8.293;10.043;0;0.000;0.000;0.000;0.000
86;1;1;0.000000;0.000000;1.000000;19619.282046;19619.501999;19619.506355;778343;162397;154818;146104;146104;1827;2337664;100.000;536.698;561.052;602.256;20.864;95.333;18.771;0.000;0.000;3.887;4.356;89.232;219.953;224.309;224.308;36.205;64.937;31.604;11.391;0;0.000;0.000;0.000;0.000
87;1;1;0.000000;0.000000;1.000000;19619.315597;19619.515206;19619.536105;778458;161543;154284;145634;145634;1821;2330144;100.000;111.502;559.247;600.316;20.752;95.506;18.708;0.000;74.997;6.086;20.899;29.119;199.608;220.507;220.506;32.621;13.207;20.126;11.937;0;0.000;0.000;0.000;0.000
88;1;1;0.000000;0.000000;1.000000;19619.348808;19619.568417;19619.571040;778592;160973;153893;145652;145652;1821;2330432;100.000;888.666;559.316;600.385;20.675;95.602;18.707;0.000;0.000;2.158;2.623;82.277;219.609;222.232;222.232;34.223;53.212;19.878;12.433;0;0.000;0.000;0.000;0.000
89;1;1;0.000000;0.000000;1.000000;19619.383121;19619.579174;19619.588707;779952;161012;153984;146464;146464;1831;2343424;100.000;245.918;562.434;603.729;20.644;95.635;18.779;0.001;90.138;3.712;9.532;38.937;196.053;205.586;205.583;18.556;10.757;22.577;13.067;0;0.000;0.000;0.000;0.000
90;1;1;0.000000;0.000000;1.000000;19619.416993;19619.627292;19619.641212;779674;162890;156228;148650;148650;1859;2378400;100.000;170.872;570.828;612.755;20.892;95.910;19.066;0.000;0.000;12.841;13.920;92.250;210.299;224.219;224.219;37.728;48.118;14.784;13.174;0;0.000;0.000;0.000;0.000
91;1;1;0.000000;0.000000;1.000000;19619.448818;19619.660442;19619.674104;781083;187045;162867;149974;149974;1875;2399584;100.000;175.681;575.913;618.200;23.947;87.074;19.201;0.001;0.000;9.263;13.662;67.801;211.624;225.286;225.283;37.287;33.150;0.183;12.362;0;0.000;0.000;0.000;0.000
92;1;1;0.000000;0.000000;1.000000;19619.482817;19619.674295;19619.679589;780537;179214;162911;150044;150044;1876;2400704;100.000;453.528;576.181;618.492;22.960;90.903;19.223;0.000;91.413;1.573;5.294;29.721;191.478;196.772;196.771;9.439;13.853;19.481;12.807;0;0.000;0.000;0.000;0.000
93;1;1;0.000000;0.000000;1.000000;19619.516068;19619.711202;19619.740591;773046;174305;159747;148126;148126;1852;2370016;100.000;80.649;568.816;610.585;22.548;91.648;19.161;0.000;0.000;1.399;29.389;4.761;195.134;224.523;224.522;37.107;36.907;3.574;12.230;0;0.000;0.000;0.000;0.000
94;1;1;0.000000;0.000000;1.000000;19619.549901;19619.742054;19619.757317;770822;169087;156055;145994;145994;1825;2335904;100.000;153.079;560.629;601.789;21.936;92.293;18.940;0.000;103.782;1.592;15.263;10.430;192.153;207.416;207.413;20.500;30.852;2.482;11.621;0;0.000;0.000;0.000;0.000
95;1;1;0.000000;0.000000;1.000000;19619.582046;19619.787673;19619.803523;778859;164406;152906;143854;143854;1799;2301664;100.000;145.229;552.412;592.985;21.109;93.005;18.470;0.000;0.000;14.778;15.849;93.241;205.627;221.476;221.476;33.372;45.619;12.286;11.662;0;0.000;0.000;0.000;0.000
96;1;1;0.000000;0.000000;1.000000;19619.615980;19619.809692;19619.814993;778333;163593;153224;144278;144278;1804;2308448;100.000;435.533;554.040;594.726;21.018;93.662;18.537;0.000;0.000;4.910;5.301;92.620;193.712;199.013;199.013;11.509;22.018;11.315;11.641;0;0.000;0.000;0.000;0.000
97;1;1;0.000000;0.000000;1.000000;19619.649436;19619.845059;19619.869872;782798;163670;154086;144196;144196;1803;2307136;100.000;92.983;553.725;594.388;20.908;94.144;18.421;0.000;56.357;0.864;24.813;3.483;195.623;220.436;220.436;33.055;35.367;2.033;11.040;0;0.000;0.000;0.000;0.000
98;1;1;0.000000;0.000000;1.000000;19619.682143;19619.895744;19619.898461;781418;163039;154739;144552;144552;1807;2312832;100.000;851.870;555.092;595.846;20.865;94.909;18.499;0.000;0.000;1.809;2.717;66.574;213.601;216.318;216.316;28.311;50.686;17.353;11.435;0;0.000;0.000;0.000;0.000
99;1;1;0.000000;0.000000;1.000000;19619.715350;19619.910941;19619.912362;777382;161417;153676;144056;144056;1801;2304896;100.000;1623.722;553.188;593.806;20.764;95.204;18.531;0.000;93.771;0.988;1.421;69.512;195.592;197.012;197.011;8.879;15.197;18.136;11.854;0;0.000;0.000;0.000;0.000
100;1;1;0.000000;0.000000;1.000000;19619.748731;19619.958064;19619.969594;778267;160876;153203;144366;144366;1805;2309856;100.000;200.360;554.378;595.086;20.671;95.230;18.550;0.000;0.000;1.728;11.529;14.992;209.333;220.862;220.862;32.777;47.123;13.789;11.975;0;0.000;0.000;0.000;0.000
101;1;1;0.000000;0.000000;1.000000;19619.782560;19619.980106;19619.986661;780699;160024;152242;144336;144336;1805;2309376;100.000;352.372;554.263;594.971;20.498;95.137;18.488;0.000;0.000;5.664;6.555;86.402;197.545;204.101;204.099;16.511;22.041;11.292;11.932;0;0.000;0.000;0.000;0.000
102;1;1;0.000000;0.000000;1.000000;19619.815453;19620.005913;19620.007468;780328;160062;152515;144522;144522;1807;2312352;100.000;1487.324;554.977;595.730;20.512;95.285;18.521;0.000;66.520;1.042;1.555;67.017;190.459;192.015;192.014;3.985;25.807;7.526;11.657;0;0.000;0.000;0.000;0.000
103;1;1;0.000000;0.000000;1.000000;19619.849069;19620.049264;19620.068972;782351;160176;152849;144662;144662;1809;2314592;100.000;117.445;555.515;596.313;20.474;95.426;18.491;0.000;92.007;4.988;19.709;25.307;200.195;219.903;219.903;32.156;43.351;10.018;11.554;0;0.000;0.000;0.000;0.000
104;1;1;0.000000;0.000000;1.000000;19619.882533;19620.075843;19620.077137;782164;159956;152924;144698;144698;1809;2315168;100.000;1790.623;555.653;596.451;20.450;95.604;18.500;0.000;0.000;0.751;1.294;58.008;193.310;194.604;194.603;6.986;26.579;6.754;11.254;0;0.000;0.000;0.000;0.000
105;1;1;0.000000;0.000000;1.000000;19619.915261;19620.114425;19620.131582;783021;160799;153785;145744;145744;1822;2331904;100.000;135.931;559.669;600.761;20.536;95.638;18.613;0.000;0.000;1.628;17.157;9.488;199.164;216.322;216.320;28.099;38.582;5.249;10.879;0;0.000;0.000;0.000;0.000
106;1;1;0.000000;0.000000;1.000000;19619.949575;19620.160648;19620.170086;786829;185042;161832;147616;147616;1846;2361856;100.000;250.254;566.858;608.491;23.517;87.457;18.761;0.000;69.942;3.563;9.438;37.751;211.073;220.512;220.511;33.269;46.223;12.890;11.004;0;0.000;0.000;0.000;0.000
107;1;1;0.000000;0.000000;1.000000;19619.984645;19620.179280;19620.201732;789365;177795;162857;150668;150668;1884;2410688;100.000;107.376;578.578;621.068;22.524;91.598;19.087;0.000;0.000;4.934;22.452;21.976;194.635;217.087;217.086;31.582;18.632;14.701;11.236;0;0.000;0.000;0.000;0.000
108;1;1;0.000000;0.000000;1.000000;19620.015416;19620.211630;19620.215552;790807;176552;163787;152486;152486;1907;2439776;100.000;622.153;585.559;628.568;22.326;92.770;19.282;0.000;92.527;3.380;3.922;86.168;196.214;200.136;200.135;12.069;32.350;0.983;10.595;0;0.000;0.000;0.000;0.000
109;1;1;0.000000;0.000000;1.000000;19620.048803;19620.258768;19620.274096;789334;174497;163089;152368;152368;1905;2437888;100.000;159.069;585.106;628.070;22.107;93.462;19.303;0.000;0.000;14.469;15.329;94.396;209.965;225.293;225.291;37.279;47.138;13.804;10.795;0;0.000;0.000;0.000;0.000
110;1;1;0.000000;0.000000;1.000000;19620.082515;19620.280283;19620.288777;783753;171546;161650;151230;151230;1891;2419680;100.000;284.922;580.736;623.384;21.888;94.231;19.296;0.000;0.000;1.828;8.494;21.523;197.769;206.262;206.261;18.627;21.515;11.818;10.859;0;0.000;0.000;0.000;0.000
111;1;1;0.000000;0.000000;1.000000;19620.115962;19620.303850;19620.308364;781240;171779;162376;149404;149404;1868;2390464;100.000;529.700;573.724;615.853;21.988;94.526;19.124;0.000;69.801;3.909;4.514;86.591;187.888;192.402;192.401;4.880;23.567;9.766;10.791;0;0.000;0.000;0.000;0.000
112;1;1;0.000000;0.000000;1.000000;19620.148990;19620.359861;19620.367607;781247;168862;159863;147314;147314;1842;2357024;100.000;304.333;565.698;607.241;21.614;94.671;18.856;0.000;90.602;6.808;7.746;87.891;210.871;218.617;218.616;30.790;56.011;22.678;11.534;0;0.000;0.000;0.000;0.000
113;1;1;0.000000;0.000000;1.000000;19620.183195;19620.378173;19620.381688;783523;167105;159043;145778;145778;1823;2332448;100.000;663.836;559.800;600.914;21.327;95.175;18.605;0.000;0.000;1.140;3.514;32.431;194.979;198.493;198.492;11.537;18.312;15.021;11.752;0;0.000;0.000;0.000;0.000
114;1;1;0.000000;0.000000;1.000000;19620.215185;19620.419219;19620.432520;783046;164530;156735;145016;145016;1813;2320256;100.000;174.485;556.874;597.763;21.012;95.262;18.519;0.001;0.000;4.882;13.300;36.705;204.035;217.335;217.333;29.036;41.046;7.713;11.499;0;0.000;0.000;0.000;0.000
115;1;1;0.000000;0.000000;1.000000;19620.249301;19620.447055;19620.448696;785712;162606;154851;145068;145068;1814;2321088;100.000;1414.725;557.074;597.985;20.695;95.231;18.463;0.000;81.891;1.105;1.641;67.332;197.754;199.395;199.394;11.879;27.836;5.498;11.124;0;0.000;0.000;0.000;0.000
116;1;1;0.000000;0.000000;1.000000;19620.283765;19620.483265;19620.500134;788409;162494;154945;145612;145612;1821;2329792;100.000;138.137;559.163;600.232;20.610;95.354;18.469;0.001;0.000;1.641;16.868;9.731;199.500;216.368;216.366;29.983;36.210;2.877;10.609;0;0.000;0.000;0.000;0.000
117;1;1;0.000000;0.000000;1.000000;19620.315943;19620.511830;19620.513650;785289;162703;155753;145938;145938;1825;2335008;100.000;1283.253;560.414;601.574;20.719;95.728;18.584;0.000;94.305;1.246;1.820;68.475;195.886;197.706;197.706;10.166;28.564;4.769;10.244;0;0.000;0.000;0.000;0.000
118;1;1;0.000000;0.000000;1.000000;19620.348832;19620.559738;19620.576215;784314;162198;155421;145782;145782;1823;2332512;100.000;141.568;559.815;600.930;20.680;95.822;18.587;0.000;0.000;9.678;16.477;58.733;210.906;227.383;227.383;39.398;47.908;14.575;10.515;0;0.000;0.000;0.000;0.000
119;1;1;0.000000;0.000000;1.000000;19620.382246;19620.576777;19620.582039;784830;161667;154675;145890;145890;1824;2334240;100.000;443.638;560.230;601.367;20.599;95.675;18.589;0.000;96.880;4.755;5.262;90.360;194.531;199.794;199.793;11.889;17.039;16.294;10.876;0;0.000;0.000;0.000;0.000
120;1;1;0.000000;0.000000;1.000000;19620.415656;19620.628605;19620.631534;784742;161445;154421;145936;145936;1825;2334976;100.000;797.422;560.407;601.566;20.573;95.649;18.597;0.000;0.000;1.978;2.929;67.532;212.949;215.878;215.877;28.050;51.828;18.495;11.352;0;0.000;0.000;0.000;0.000
121;1;1;0.000000;0.000000;1.000000;19620.448872;19620.644772;19620.646382;787186;185245;160619;147208;147208;1841;2355328;100.000;1463.902;565.291;606.812;23.533;86.706;18.701;0.000;111.781;1.139;1.609;70.798;195.900;197.510;197.509;9.565;16.167;17.166;11.715;0;0.000;0.000;0.000;0.000
122;1;1;0.000000;0.000000;1.000000;19620.482510;19620.678351;19620.698397;792161;177322;160890;148956;148956;1862;2383296;100.000;118.906;572.004;613.998;22.385;90.733;18.804;0.000;0.000;5.706;20.046;28.465;195.841;215.886;215.885;28.247;33.579;0.245;10.998;0;0.000;0.000;0.000;0.000
123;1;1;0.000000;0.000000;1.000000;19620.515306;19620.712059;19620.714606;788290;176070;162769;150544;150544;1882;2408704;100.000;946.487;578.101;620.547;22.336;92.446;19.098;0.000;0.000;1.792;2.547;70.360;196.753;199.299;199.298;11.122;33.708;0.375;10.335;0;0.000;0.000;0.000;0.000
124;1;1;0.000000;0.000000;1.000000;19620.549836;19620.744457;19620.749309;789222;175133;163128;152352;152352;1905;2437632;100.000;502.636;585.044;628.008;22.191;93.145;19.304;0.001;88.763;4.133;4.852;85.181;194.622;199.473;199.472;12.492;32.398;0.935;9.747;0;0.000;0.000;0.000;0.000
125;1;1;0.000000;0.000000;1.000000;19620.581966;19620.797998;19620.814815;787173;171753;160777;151154;151154;1890;2418464;100.000;143.825;580.444;623.070;21.819;93.609;19.202;0.000;0.000;1.669;16.817;9.924;216.032;232.849;232.848;44.665;53.541;20.207;10.401;0;0.000;0.000;0.000;0.000
126;1;1;0.000000;0.000000;1.000000;19620.616240;19620.815000;19620.838431;776279;169783;159524;149098;149098;1864;2385568;100.000;101.816;572.549;614.588;21.871;93.958;19.207;0.000;88.101;13.194;23.431;56.307;198.760;222.191;222.190;34.948;17.002;16.332;10.771;0;0.000;0.000;0.000;0.000
127;1;1;0.000000;0.000000;1.000000;19620.648608;19620.848108;19620.892436;773912;165466;156283;146584;146584;1833;2345344;100.000;52.912;562.895;604.235;21.380;94.450;18.941;0.000;0.000;12.670;44.328;28.583;199.499;243.828;243.826;55.619;33.108;0.226;10.112;0;0.000;0.000;0.000;0.000
128;1;1;0.000000;0.000000;1.000000;19620.682852;19620.892754;19620.904313;773302;162472;154311;144802;144802;1811;2316832;100.000;200.446;556.052;596.896;21.010;94.977;18.725;0.000;0.000;10.749;11.559;92.993;209.902;221.461;221.460;34.162;44.646;11.313;10.187;0;0.000;0.000;0.000;0.000
129;1;1;0.000000;0.000000;1.000000;19620.717898;19620.912259;19620.931131;777001;160201;152488;143780;143780;1798;2300480;100.000;121.915;552.128;592.678;20.618;95.185;18.504;0.001;71.432;1.184;18.872;6.275;194.360;213.232;213.230;27.647;19.505;13.828;10.415;0;0.000;0.000;0.000;0.000
130;1;1;0.000000;0.000000;1.000000;19620.750097;19620.959026;19620.975550;783174;159374;151778;143698;143698;1797;2299168;100.000;139.152;551.813;592.341;20.350;95.234;18.348;0.000;0.000;3.835;16.524;23.207;208.929;225.453;225.452;38.733;46.767;13.434;10.604;0;0.000;0.000;0.000;0.000
131;1;1;0.000000;0.000000;1.000000;19620.782077;19620.975664;19620.978690;786108;160080;152578;144598;144598;1808;2313568;100.000;764.917;555.269;596.045;20.364;95.314;18.394;0.000;94.190;2.619;3.026;86.573;193.587;196.612;196.611;8.539;16.638;16.695;10.984;0;0.000;0.000;0.000;0.000
132;1;1;0.000000;0.000000;1.000000;19620.816140;19621.003279;19621.005245;785622;159574;152217;144478;144478;1806;2311648;100.000;1176.882;554.808;595.539;20.312;95.390;18.390;0.000;0.000;0.854;1.965;43.442;187.139;189.104;189.103;1.761;27.616;5.718;10.655;0;0.000;0.000;0.000;0.000
133;1;1;0.000000;0.000000;1.000000;19620.849218;19621.044118;19621.072967;787265;157812;151021;143954;143954;1800;2303264;100.000;79.841;552.796;593.391;20.046;95.697;18.285;0.000;0.000;13.474;28.849;46.704;194.900;223.749;223.749;36.150;40.838;7.505;10.458;0;0.000;0.000;0.000;0.000
134;1;1;0.000000;0.000000;1.000000;19620.881939;19621.075251;19621.084697;787734;156970;150412;143904;143904;1799;2302464;100.000;243.810;552.604;593.177;19.927;95.822;18.268;0.000;71.536;9.014;9.445;95.429;193.312;202.757;202.756;14.546;31.134;2.199;9.942;0;0.000;0.000;0.000;0.000
135;1;1;0.000000;0.000000;1.000000;19620.915640;19621.120162;19621.135263;786766;156039;149812;143596;143596;1795;2297536;100.000;152.162;551.421;591.904;19.833;96.009;18.251;0.000;0.000;13.710;15.101;90.788;204.522;219.623;219.621;31.779;44.911;11.577;10.044;0;0.000;0.000;0.000;0.000
136;1;1;0.000000;0.000000;1.000000;19620.949839;19621.153647;19621.158446;787622;176546;153233;141136;141136;1765;2258176;100.000;470.854;541.975;581.781;22.415;86.795;17.919;0.000;73.773;3.308;4.799;68.939;203.808;208.607;208.604;21.629;33.485;0.152;9.426;0;0.000;0.000;0.000;0.000
137;1;1;0.000000;0.000000;1.000000;19620.983634;19621.194052;19621.199761;784509;165368;150562;139854;139854;1749;2237664;100.000;392.188;537.052;576.497;21.079;91.047;17.827;0.001;0.000;4.800;5.708;84.089;210.418;216.126;216.124;29.610;40.405;7.072;9.279;0;0.000;0.000;0.000;0.000
138;1;1;0.000000;0.000000;1.000000;19621.015567;19621.208794;19621.227139;782962;162866;151609;141162;141162;1765;2258592;100.000;123.133;542.075;581.880;20.801;93.088;18.029;0.001;119.448;5.365;18.345;29.244;193.227;211.572;211.570;23.655;14.741;18.592;9.861;0;0.000;0.000;0.000;0.000
139;1;1;0.000000;0.000000;1.000000;19621.048809;19621.248047;19621.269641;785441;162821;152291;143262;143262;1791;2292192;100.000;106.154;550.139;590.531;20.730;93.533;18.240;0.000;0.000;1.222;21.594;5.658;199.238;220.832;220.831;32.824;39.253;5.920;9.615;0;0.000;0.000;0.000;0.000
140;1;1;0.000000;0.000000;1.000000;19621.082546;19621.279106;19621.280768;786857;163653;154012;145806;145806;1823;2332896;100.000;1405.229;559.908;601.022;20.798;94.109;18.530;0.000;0.000;1.156;1.661;69.559;196.561;198.222;198.221;10.618;31.059;2.274;9.156;0;0.000;0.000;0.000;0.000
141;1;1;0.000000;0.000000;1.000000;19621.115445;19621.312152;19621.335063;786209;163751;154357;147146;147146;1840;2354336;100.000;102.774;565.053;606.551;20.828;94.263;18.716;0.001;0.000;4.450;22.910;19.426;196.708;219.618;219.616;31.579;33.046;0.287;8.602;0;0.000;0.000;0.000;0.000
142;1;1;0.000000;0.000000;1.000000;19621.148746;19621.346742;19621.376083;785895;163298;155347;147490;147490;1844;2359840;100.000;80.435;566.374;607.962;20.779;95.131;18.767;0.000;91.076;1.191;29.341;4.060;197.996;227.337;227.335;39.266;34.590;1.256;8.143;0;0.000;0.000;0.000;0.000
143;1;1;0.000000;0.000000;1.000000;19621.182554;19621.400395;19621.406220;783109;161136;153355;146146;146146;1827;2338336;100.000;401.501;561.213;602.418;20.576;95.171;18.662;0.000;0.000;5.163;5.825;88.640;217.841;223.666;223.666;36.070;53.653;20.320;8.904;0;0.000;0.000;0.000;0.000
144;1;1;0.000000;0.000000;1.000000;19621.215238;19621.413799;19621.433644;783994;159936;152700;145218;145218;1816;2323488;100.000;117.098;557.650;598.606;20.400;95.476;18.523;0.000;0.000;1.695;19.844;8.542;198.561;218.405;218.404;30.160;13.404;19.929;9.593;0;0.000;0.000;0.000;0.000
145;1;1;0.000000;0.000000;1.000000;19621.248968;19621.445197;19621.447032;785959;159233;151708;144768;144768;1810;2316288;100.000;1263.090;555.922;596.743;20.260;95.274;18.419;0.000;91.118;1.271;1.835;69.278;196.229;198.064;198.063;10.215;31.398;1.935;9.114;0;0.000;0.000;0.000;0.000
146;1;1;0.000000;0.000000;1.000000;19621.282214;19621.482586;19621.499930;789030;159772;152938;145716;145716;1822;2331456;100.000;134.435;559.562;600.654;20.249;95.723;18.468;0.000;0.000;1.438;17.344;8.291;200.373;217.716;217.716;29.780;37.389;4.056;8.798;0;0.000;0.000;0.000;0.000
147;1;1;0.000000;0.000000;1.000000;19621.315889;19621.512794;19621.514382;794594;161190;154325;147238;147238;1841;2355808;100.000;1484.522;565.406;606.927;20.286;95.741;18.530;0.000;97.713;1.103;1.588;69.455;196.904;198.492;198.491;10.898;30.207;3.126;8.444;0;0.000;0.000;0.000;0.000
148;1;1;0.000000;0.000000;1.000000;19621.349284;19621.568774;19621.570171;797998;160800;154144;146864;146864;1836;2349824;100.000;1682.495;563.970;605.378;20.150;95.861;18.404;0.000;0.000;0.924;1.398;66.130;219.490;220.888;220.886;33.354;55.980;22.646;9.331;0;0.000;0.000;0.000;0.000
149;1;1;0.000000;0.000000;1.000000;19621.383025;19621.581627;19621.600748;798639;161813;155104;147738;147738;1847;2363808;100.000;123.642;567.326;608.982;20.261;95.854;18.499;0.000;89.679;1.506;19.121;7.877;198.602;217.723;217.721;30.597;12.853;20.480;10.028;0;0.000;0.000;0.000;0.000
150;1;1;0.000000;0.000000;1.000000;19621.415825;19621.632933;19621.637708;796693;161862;155335;148090;148090;1852;2369440;100.000;496.249;568.678;610.447;20.317;95.968;18.588;0.000;0.000;4.147;4.775;86.846;217.108;221.883;221.883;34.224;51.306;17.973;10.525;0;0.000;0.000;0.000;0.000
151;1;1;0.000000;0.000000;1.000000;19621.448621;19621.652474;19621.655636;794717;182724;160766;147952;147952;1850;2367232;100.000;749.137;568.148;609.872;22.992;87.983;18.617;0.000;0.000;2.203;3.162;69.679;203.853;207.015;207.013;18.819;19.541;13.792;10.729;0;0.000;0.000;0.000;0.000
152;1;1;0.000000;0.000000;1.000000;19621.482637;19621.674036;19621.677851;792861;177426;162397;148152;148152;1852;2370432;100.000;621.506;568.916;610.685;22.378;91.529;18.686;0.000;89.121;3.227;3.815;84.592;191.399;195.214;195.213;7.701;21.562;11.771;10.794;0;0.000;0.000;0.000;0.000
153;1;1;0.000000;0.000000;1.000000;19621.515388;19621.716908;19621.740567;792789;172400;160692;147662;147662;1846;2362592;100.000;99.867;567.035;608.668;21.746;93.209;18.626;0.000;0.000;3.982;23.659;16.831;201.520;225.179;225.178;37.083;42.872;9.538;10.715;0;0.000;0.000;0.000;0.000
154;1;1;0.000000;0.000000;1.000000;19621.549253;19621.744193;19621.746135;792309;170339;159188;147945;147945;1850;2367120;100.000;1219.180;568.121;609.845;21.499;93.454;18.673;0.000;102.530;1.120;1.942;57.676;194.940;196.882;196.882;9.318;27.285;6.048;10.424;0;0.000;0.000;0.000;0.000
155;1;1;0.000000;0.000000;1.000000;19621.582379;19621.779256;19621.801737;791925;168591;158413;147762;147762;1848;2364192;100.000;105.171;567.419;609.097;21.289;93.963;18.659;0.000;0.000;5.002;22.480;22.252;196.877;219.358;219.357;31.586;35.063;1.730;9.880;0;0.000;0.000;0.000;0.000
156;1;1;0.000000;0.000000;1.000000;19621.616735;19621.814356;19621.819798;793795;167879;158079;148592;148592;1858;2377472;100.000;437.010;570.606;612.510;21.149;94.162;18.719;0.000;107.068;4.728;5.442;86.887;197.622;203.063;203.062;16.315;35.100;1.767;9.373;0;0.000;0.000;0.000;0.000
157;1;1;0.000000;0.000000;1.000000;19621.648566;19621.860473;19621.876908;793460;166756;157719;148650;148650;1859;2378400;100.000;144.733;570.828;612.755;21.016;94.581;18.734;0.000;0.000;15.242;16.434;92.742;211.907;228.341;228.340;40.091;46.117;12.784;9.586;0;0.000;0.000;0.000;0.000
158;1;1;0.000000;0.000000;1.000000;19621.682095;19621.877023;19621.883880;795527;165007;157250;147554;147554;1845;2360864;100.000;344.355;566.620;608.231;20.742;95.299;18.548;0.001;0.000;1.774;6.858;25.875;194.928;201.785;201.784;13.730;16.549;16.784;10.036;0;0.000;0.000;0.000;0.000
159;1;1;0.000000;0.000000;1.000000;19621.715926;19621.907184;19621.913936;798776;161999;154480;146024;146024;1826;2336384;100.000;346.081;560.745;601.927;20.281;95.359;18.281;0.000;94.455;1.263;6.752;18.699;191.258;198.010;198.009;10.452;30.162;3.172;9.607;0;0.000;0.000;0.000;0.000
160;1;1;0.000000;0.000000;1.000000;19621.748796;19621.967903;19621.972197;799362;158153;151021;143192;143192;1790;2291072;100.000;533.740;549.870;590.240;19.785;95.490;17.913;0.000;0.000;3.831;4.293;89.241;219.107;223.400;223.400;35.380;60.719;27.386;10.718;0;0.000;0.000;0.000;0.000
161;1;1;0.000000;0.000000;1.000000;19621.782504;19621.977717;19621.982618;789777;156114;149118;141480;141480;1769;2263680;100.000;462.170;543.296;583.192;19.767;95.519;17.914;0.000;0.000;1.265;4.900;25.814;195.213;200.113;200.111;12.467;9.814;23.519;11.518;0;0.000;0.000;0.000;0.000
162;1;1;0.000000;0.000000;1.000000;19621.815308;19622.008149;19622.010271;790930;154224;147472;139820;139820;1748;2237120;100.000;1054.622;536.921;576.344;19.499;95.622;17.678;0.000;69.301;1.447;2.122;68.169;192.841;194.963;194.963;6.787;30.431;2.902;10.980;0;0.000;0.000;0.000;0.000
163;1;1;0.000000;0.000000;1.000000;19621.849576;19622.051308;19622.070035;793734;152207;145442;138532;138532;1732;2216512;100.000;118.368;531.975;571.037;19.176;95.555;17.453;0.000;83.753;4.257;18.727;22.733;201.732;220.459;220.458;33.218;43.159;9.826;10.908;0;0.000;0.000;0.000;0.000
164;1;1;0.000000;0.000000;1.000000;19621.883275;19622.098007;19622.103814;792883;151597;145064;138018;138018;1726;2208288;100.000;380.353;530.002;568.928;19.120;95.691;17.407;0.000;0.000;5.127;5.807;88.290;214.732;220.539;220.538;33.664;46.699;13.365;11.061;0;0.000;0.000;0.000;0.000
165;1;1;0.000000;0.000000;1.000000;19621.915414;19622.112038;19622.113893;791299;151249;144790;138142;138142;1727;2210272;100.000;1192.366;530.478;569.426;19.114;95.730;17.458;0.000;0.000;1.287;1.855;69.381;196.625;198.479;198.478;10.410;14.032;19.302;11.576;0;0.000;0.000;0.000;0.000
166;1;1;0.000000;0.000000;1.000000;19621.949210;19622.146134;19622.167905;789485;172621;150718;138460;138460;1731;2215360;100.000;101.763;531.699;570.738;21.865;87.312;17.538;0.000;60.389;1.062;21.772;4.878;196.924;218.696;218.694;31.088;34.095;0.762;10.900;0;0.000;0.000;0.000;0.000
167;1;1;0.000000;0.000000;1.000000;19621.983559;19622.179195;19622.181439;789977;165456;151144;138716;138716;1734;2219456;100.000;989.722;532.682;571.788;20.944;91.350;17.559;0.000;0.000;1.681;2.244;74.919;195.636;197.881;197.879;11.289;33.061;0.272;10.236;0;0.000;0.000;0.000;0.000
168;1;1;0.000000;0.000000;1.000000;19622.015504;19622.212973;19622.237801;791598;164403;152065;139622;139622;1746;2233952;100.000;89.978;536.161;575.538;20.768;92.495;17.638;0.000;0.000;9.007;24.829;36.278;197.468;222.297;222.297;34.318;33.778;0.444;9.624;0;0.000;0.000;0.000;0.000
169;1;1;0.000000;0.000000;1.000000;19622.049093;19622.243484;19622.244895;795034;164427;153112;139918;139918;1749;2238688;100.000;1587.540;537.298;576.743;20.682;93.119;17.599;0.000;71.623;0.958;1.411;67.920;194.391;195.802;195.802;8.078;30.512;2.822;9.199;0;0.000;0.000;0.000;0.000
170;1;1;0.000000;0.000000;1.000000;19622.083442;19622.273101;19622.279071;794863;162948;152059;140286;140286;1754;2244576;100.000;376.105;538.711;578.268;20.500;93.318;17.649;0.000;107.668;5.524;5.970;92.537;189.660;195.629;195.628;8.921;29.617;3.716;8.856;0;0.000;0.000;0.000;0.000
171;1;1;0.000000;0.000000;1.000000;19622.115254;19622.316534;19622.327812;794885;162113;151953;141226;141226;1766;2259616;100.000;200.393;542.320;582.149;20.395;93.733;17.767;0.001;0.000;7.960;11.278;70.580;201.280;212.558;212.556;24.328;43.432;10.099;8.934;0;0.000;0.000;0.000;0.000
172;1;1;0.000000;0.000000;1.000000;19622.149319;19622.343579;19622.344701;788905;160084;150715;141276;141276;1766;2260416;100.000;2015.629;542.512;582.341;20.292;94.147;17.908;0.000;0.000;0.683;1.122;60.814;194.260;195.382;195.382;7.884;27.045;6.288;8.769;0;0.000;0.000;0.000;0.000
173;1;1;0.000000;0.000000;1.000000;19622.182046;19622.385906;19622.398443;787376;157763;149155;140380;140380;1755;2246080;100.000;179.193;539.072;578.652;20.037;94.544;17.829;0.000;56.461;2.419;12.537;19.298;203.860;216.397;216.395;28.293;42.327;8.994;8.783;0;0.000;0.000;0.000;0.000
174;1;1;0.000000;0.000000;1.000000;19622.215748;19622.410762;19622.412089;791921;155889;148304;138596;138596;1733;2217536;100.000;1671.132;532.221;571.305;19.685;95.134;17.501;0.000;0.000;0.917;1.328;69.080;195.014;196.342;196.341;8.606;24.856;8.478;8.764;0;0.000;0.000;0.000;0.000
175;1;1;0.000000;0.000000;1.000000;19622.249292;19622.438810;19622.440162;785044;153735;146334;137098;137098;1714;2193568;100.000;1623.415;526.469;565.124;19.583;95.186;17.464;0.000;92.908;0.943;1.352;69.737;189.518;190.870;190.869;3.345;28.048;5.285;8.546;0;0.000;0.000;0.000;0.000
176;1;1;0.000000;0.000000;1.000000;19622.282071;19622.500954;19622.502552;785759;152496;145443;136788;136788;1710;2188608;100.000;1369.984;525.278;563.844;19.407;95.375;17.408;0.000;0.000;1.073;1.598;67.161;218.883;220.482;220.481;32.402;62.144;28.811;9.813;0;0.000;0.000;0.000;0.000
177;1;1;0.000000;0.000000;1.000000;19622.315701;19622.516194;19622.517778;782963;151983;144919;136884;136884;1712;2190144;100.000;1383.216;525.647;564.257;19.411;95.352;17.483;0.000;89.991;1.076;1.584;67.951;200.493;202.077;202.076;14.294;15.240;18.094;10.330;0;0.000;0.000;0.000;0.000
178;1;1;0.000000;0.000000;1.000000;19622.348459;19622.551050;19622.571436;783666;153091;145898;138258;138258;1729;2212128;100.000;108.517;530.923;569.917;19.535;95.301;17.642;0.000;0.000;0.802;20.386;3.934;202.591;222.977;222.976;34.619;34.856;1.523;9.780;0;0.000;0.000;0.000;0.000
179;1;1;0.000000;0.000000;1.000000;19622.382669;19622.583141;19622.599504;786714;153196;146333;138600;138600;1733;2217600;100.000;135.538;532.236;571.320;19.473;95.520;17.618;0.000;96.232;1.618;16.363;9.891;200.473;216.835;216.835;29.354;32.091;1.242;9.246;0;0.000;0.000;0.000;0.000
180;1;1;0.000000;0.000000;1.000000;19622.416099;19622.629394;19622.639815;787583;153440;146675;139086;139086;1739;2225376;100.000;213.570;534.103;573.322;19.482;95.591;17.660;0.000;0.000;1.593;10.421;15.287;213.295;223.716;223.715;36.331;46.253;12.920;9.476;0;0.000;0.000;0.000;0.000
181;1;1;0.000000;0.000000;1.000000;19622.448698;19622.643960;19622.645286;793719;175008;151952;139098;139098;1739;2225568;100.000;1679.906;534.149;573.368;22.049;86.826;17.525;0.000;0.000;0.729;1.326;54.984;195.263;196.588;196.587;8.469;14.566;18.767;10.057;0;0.000;0.000;0.000;0.000
182;1;1;0.000000;0.000000;1.000000;19622.482436;19622.677603;19622.678942;792329;166831;152091;139598;139598;1745;2233568;100.000;1669.484;536.069;575.424;21.056;91.165;17.619;0.000;81.143;0.614;1.339;45.853;195.167;196.506;196.505;8.792;33.643;0.309;9.447;0;0.000;0.000;0.000;0.000
183;1;1;0.000000;0.000000;1.000000;19622.515571;19622.715432;19622.739736;801464;166537;153344;141888;141888;1774;2270208;100.000;93.413;544.862;584.871;20.779;92.078;17.704;0.000;0.000;10.961;24.304;45.098;199.861;224.165;224.165;36.253;37.829;4.496;9.138;0;0.000;0.000;0.000;0.000
184;1;1;0.000000;0.000000;1.000000;19622.549204;19622.742376;19622.747664;796948;166858;155236;145036;145036;1813;2320576;100.000;438.921;556.951;597.840;20.937;93.035;18.199;0.000;92.339;1.011;5.288;19.115;193.172;198.460;198.459;10.847;26.943;6.390;8.966;0;0.000;0.000;0.000;0.000
185;1;1;0.000000;0.000000;1.000000;19622.582212;19622.801654;19622.814443;802598;167276;156904;147102;147102;1839;2353632;100.000;184.056;564.884;606.360;20.842;93.799;18.328;0.000;0.000;1.174;12.789;9.183;219.442;232.231;232.230;44.293;59.279;25.945;10.027;0;0.000;0.000;0.000;0.000
186;1;1;0.000000;0.000000;1.000000;19622.616450;19622.814620;19622.825390;797039;168113;158332;149128;149128;1865;2386048;100.000;221.593;572.664;614.726;21.092;94.182;18.710;0.001;97.569;7.983;10.770;74.123;198.170;208.940;208.938;21.906;12.966;20.367;10.674;0;0.000;0.000;0.000;0.000
187;1;1;0.000000;0.000000;1.000000;19622.647927;19622.861813;19622.868612;797511;167079;158342;148974;148974;1863;2383584;100.000;350.630;572.073;614.089;20.950;94.771;18.680;0.000;0.000;5.912;6.799;86.955;213.886;220.685;220.684;31.795;47.193;13.859;10.873;0;0.000;0.000;0.000;0.000
188;1;1;0.000000;0.000000;1.000000;19622.682088;19622.880557;19622.890971;794879;165226;157348;147856;147856;1849;2365696;100.000;227.183;567.780;609.480;20.786;95.232;18.601;0.000;0.000;7.567;10.414;72.659;198.470;208.884;208.883;20.821;18.744;14.589;11.105;0;0.000;0.000;0.000;0.000
189;1;1;0.000000;0.000000;1.000000;19622.715792;19622.911935;19622.931145;793590;163663;156126;145718;145718;1822;2331488;100.000;121.381;559.570;600.661;20.623;95.395;18.362;0.000;72.294;1.782;19.210;9.277;196.143;215.353;215.351;27.661;31.378;1.955;10.533;0;0.000;0.000;0.000;0.000
190;1;1;0.000000;0.000000;1.000000;19622.748607;19622.947135;19622.977797;788938;160205;153145;143848;143848;1799;2301568;100.000;75.065;552.389;592.962;20.306;95.593;18.233;0.000;0.000;13.744;30.662;44.823;198.528;229.190;229.190;40.980;35.200;1.866;9.991;0;0.000;0.000;0.000;0.000
191;1;1;0.000000;0.000000;1.000000;19622.782425;19622.992752;19623.004149;784846;158304;151373;142800;142800;1785;2284800;100.000;200.500;548.364;588.622;20.170;95.622;18.195;0.000;72.380;10.540;11.397;92.481;210.326;221.724;221.722;33.999;45.617;12.284;10.135;0;0.000;0.000;0.000;0.000
192;1;1;0.000000;0.000000;1.000000;19622.815460;19623.010564;19623.024260;788004;157582;151064;142404;142404;1781;2278464;100.000;166.374;546.844;587.011;19.998;95.864;18.071;0.000;0.000;12.776;13.696;93.285;195.104;208.800;208.799;20.777;17.812;15.521;10.471;0;0.000;0.000;0.000;0.000
193;1;1;0.000000;0.000000;1.000000;19622.849330;19623.054228;19623.065010;795964;157368;150939;142560;142560;1782;2280960;100.000;211.586;547.443;587.632;19.771;95.915;17.910;0.000;101.714;2.066;10.782;19.165;204.898;215.680;215.678;28.193;43.664;10.330;10.463;0;0.000;0.000;0.000;0.000
194;1;1;0.000000;0.000000;1.000000;19622.881820;19623.079620;19623.102543;799207;157658;151234;143286;143286;1792;2292576;100.000;100.014;550.231;590.646;19.727;95.925;17.929;0.000;0.000;2.362;22.924;10.304;197.800;220.723;220.723;32.393;25.392;7.941;10.305;0;0.000;0.000;0.000;0.000
195;1;1;0.000000;0.000000;1.000000;19622.915580;19623.112120;19623.114032;799402;158549;152222;144392;144392;1805;2310272;100.000;1209.053;554.478;595.186;19.833;96.009;18.063;0.000;0.000;1.387;1.912;72.549;196.540;198.452;198.451;10.548;32.501;0.833;9.713;0;0.000;0.000;0.000;0.000
196;1;1;0.000000;0.000000;1.000000;19622.948766;19623.147449;19623.167191;800483;179847;157023;145043;145043;1814;2320688;100.000;117.561;556.978;597.889;22.467;87.309;18.119;0.001;81.821;6.494;19.742;32.895;198.683;218.425;218.424;30.374;35.328;1.995;9.231;0;0.000;0.000;0.000;0.000
197;1;1;0.000000;0.000000;1.000000;19622.982296;19623.188744;19623.200597;798336;172853;158004;145944;145944;1825;2335104;100.000;197.023;560.437;601.597;21.652;91.409;18.281;0.000;0.000;2.677;11.853;22.586;206.448;218.301;218.301;30.447;41.295;7.962;9.151;0;0.000;0.000;0.000;0.000
198;1;1;0.000000;0.000000;1.000000;19623.014840;19623.210583;19623.216158;798454;170597;157840;146568;146568;1833;2345088;100.000;420.696;562.834;604.174;21.366;92.522;18.356;0.000;117.908;5.080;5.575;91.116;195.743;201.318;201.317;12.675;21.839;11.494;9.298;0;0.000;0.000;0.000;0.000
199;1;1;0.000000;0.000000;1.000000;19623.048843;19623.259678;19623.268948;800770;169569;157934;147434;147434;1843;2358944;100.000;254.486;566.159;607.725;21.176;93.138;18.412;0.000;0.000;8.420;9.270;90.829;210.835;220.105;220.105;32.131;49.095;15.761;9.702;0;0.000;0.000;0.000;0.000
200;1;1;0.000000;0.000000;1.000000;19623.082860;19623.282211;19623.287057;802378;170033;159668;148866;148866;1861;2381856;100.000;491.575;571.658;613.630;21.191;93.904;18.553;0.000;0.000;1.751;4.846;36.130;199.350;204.197;204.196;16.907;22.533;10.801;9.770;0;0.000;0.000;0.000;0.000
201;1;1;0.000000;0.000000;1.000000;19623.115210;19623.314828;19623.316577;805285;169979;160123;150350;150350;1880;2405600;100.000;1376.202;577.356;619.757;21.108;94.202;18.670;0.000;93.693;1.164;1.749;66.577;199.618;201.367;201.366;13.093;32.617;0.716;9.205;0;0.000;0.000;0.000;0.000
202;1;1;0.000000;0.000000;1.000000;19623.148857;19623.365306;19623.371840;803318;170750;161593;152012;152012;1901;2432192;100.000;372.263;583.739;626.613;21.256;94.637;18.923;0.000;0.000;5.626;6.534;86.106;216.449;222.983;222.983;35.023;50.478;17.145;9.701;0;0.000;0.000;0.000;0.000
203;1;1;0.000000;0.000000;1.000000;19623.182643;19623.377967;19623.382580;802036;170894;162466;152816;152816;1911;2445056;100.000;530.106;586.826;629.926;21.308;95.068;19.054;0.000;142.996;4.137;4.613;89.676;195.324;199.937;199.936;12.430;12.661;20.673;10.387;0;0.000;0.000;0.000;0.000
204;1;1;0.000000;0.000000;1.000000;19623.215201;19623.415063;19623.433418;810228;170034;162351;152942;152942;1912;2447072;100.000;133.339;587.310;630.432;20.986;95.481;18.876;0.001;0.000;1.528;18.354;8.326;199.862;218.217;218.215;29.934;37.097;3.763;9.973;0;0.000;0.000;0.000;0.000
205;1;1;0.000000;0.000000;1.000000;19623.249224;19623.462761;19623.473455;808185;169092;161653;152382;152382;1905;2438112;100.000;228.026;585.159;628.124;20.922;95.601;18.855;0.000;0.000;9.772;10.693;91.390;213.538;224.231;224.230;36.638;47.698;14.365;10.247;0;0.000;0.000;0.000;0.000
206;1;1;0.000000;0.000000;1.000000;19623.282762;19623.487274;19623.501006;815223;166353;159035;150790;150790;1885;2412640;100.000;175.737;579.046;621.559;20.406;95.601;18.497;0.001;153.372;12.551;13.732;91.400;204.512;218.244;218.241;30.855;24.513;8.821;10.158;0;0.000;0.000;0.000;0.000
207;1;1;0.000000;0.000000;1.000000;19623.315213;19623.527830;19623.531590;799426;164092;157341;149044;149044;1864;2384704;100.000;634.546;572.341;614.381;20.526;95.886;18.644;0.000;0.000;2.654;3.760;70.597;212.617;216.377;216.375;28.107;40.556;7.223;9.974;0;0.000;0.000;0.000;0.000
208;1;1;0.000000;0.000000;1.000000;19623.349175;19623.545996;19623.571649;790320;161918;155269;147638;147638;1846;2362208;100.000;92.086;566.942;608.576;20.488;95.894;18.681;0.000;0.000;9.571;25.653;37.309;196.821;222.474;222.473;34.832;18.165;15.168;10.299;0;0.000;0.000;0.000;0.000
209;1;1;0.000000;0.000000;1.000000;19623.381804;19623.585501;19623.597678;795945;159599;153076;145656;145656;1821;2330496;100.000;191.428;559.332;600.401;20.052;95.913;18.300;0.001;0.000;11.186;12.177;91.863;203.697;215.874;215.872;27.528;39.506;6.172;10.041;0;0.000;0.000;0.000;0.000
210;1;1;0.000000;0.000000;1.000000;19623.415905;19623.611502;19623.615609;792891;157708;151413;144144;144144;1802;2306304;100.000;561.743;553.525;594.166;19.890;96.008;18.180;0.000;0.000;0.906;4.107;22.066;195.597;199.704;199.703;12.125;26.000;7.333;9.872;0;0.000;0.000;0.000;0.000
211;1;1;0.000000;0.000000;1.000000;19623.449082;19623.643542;19623.648743;797320;179073;155570;143206;143206;1791;2291296;100.000;440.632;549.924;590.316;22.459;86.875;17.961;0.000;98.296;4.835;5.201;92.967;194.460;199.660;199.660;11.926;32.040;1.293;9.336;0;0.000;0.000;0.000;0.000
212;1;1;0.000000;0.000000;1.000000;19623.482321;19623.679064;19623.701047;805214;167677;153813;142122;142122;1777;2273952;100.000;103.450;545.761;585.838;20.824;91.732;17.650;0.000;0.000;1.604;21.983;7.296;196.743;218.726;218.725;30.896;35.522;2.189;8.889;0;0.000;0.000;0.000;0.000
213;1;1;0.000000;0.000000;1.000000;19623.515705;19623.714164;19623.715812;797126;165634;153826;141596;141596;1770;2265536;100.000;1375.249;543.741;583.660;20.779;92.871;17.763;0.000;103.631;1.109;1.649;67.258;198.459;200.107;200.106;12.329;35.100;1.767;8.444;0;0.000;0.000;0.000;0.000
214;1;1;0.000000;0.000000;1.000000;19623.549367;19623.746850;19623.769639;803136;164584;153253;141814;141814;1773;2269024;100.000;99.576;544.578;584.565;20.493;93.115;17.658;0.000;0.000;7.304;22.789;32.052;197.483;220.272;220.270;32.822;32.686;0.647;7.957;0;0.000;0.000;0.000;0.000
215;1;1;0.000000;0.000000;1.000000;19623.581568;19623.778109;19623.794979;809297;164098;153400;143036;143036;1788;2288576;100.000;135.688;549.271;589.596;20.277;93.481;17.674;0.001;0.000;4.978;16.869;29.510;196.541;213.411;213.408;24.828;31.259;2.074;7.589;0;0.000;0.000;0.000;0.000
216;1;1;0.000000;0.000000;1.000000;19623.615637;19623.814984;19623.820662;808156;164495;154711;144130;144130;1802;2306080;100.000;406.291;553.472;594.112;20.354;94.052;17.834;0.000;91.302;4.928;5.678;86.786;199.347;205.025;205.023;17.178;36.874;3.541;7.336;0;0.000;0.000;0.000;0.000
217;1;1;0.000000;0.000000;1.000000;19623.648748;19623.852508;19623.875732;810355;164617;155714;146106;146106;1827;2337696;100.000;100.662;561.060;602.264;20.314;94.592;18.030;0.000;0.000;1.336;23.224;5.752;203.760;226.984;226.984;38.915;37.524;4.191;7.139;0;0.000;0.000;0.000;0.000
218;1;1;0.000000;0.000000;1.000000;19623.682280;19623.882269;19623.901729;810211;166537;158775;148782;148782;1860;2380512;100.000;122.341;571.335;613.284;20.555;95.339;18.363;0.001;82.575;5.967;19.460;30.664;199.988;219.448;219.447;31.578;29.761;3.573;6.916;0;0.000;0.000;0.000;0.000
219;1;1;0.000000;0.000000;1.000000;19623.715503;19623.912681;19623.936399;808645;167305;159826;150220;150220;1878;2403520;100.000;101.344;576.857;619.212;20.690;95.530;18.577;0.000;0.000;1.241;23.718;5.231;197.177;220.896;220.894;32.916;30.412;2.921;6.667;0;0.000;0.000;0.000;0.000
220;1;1;0.000000;0.000000;1.000000;19623.750437;19623.951282;19623.971573;810783;167015;159584;150188;150188;1878;2403008;100.000;118.438;576.734;619.090;20.599;95.551;18.524;0.000;0.000;5.306;20.290;26.150;200.846;221.136;221.135;34.756;38.602;5.268;6.579;0;0.000;0.000;0.000;0.000
221;1;1;0.000000;0.000000;1.000000;19623.781459;19623.979367;19623.995979;807088;165112;157821;149054;149054;1864;2384864;100.000;143.588;572.380;614.419;20.458;95.584;18.468;0.001;76.777;5.106;16.612;30.736;197.908;214.520;214.518;25.828;28.084;5.249;6.496;0;0.000;0.000;0.000;0.000
222;1;1;0.000000;0.000000;1.000000;19623.815689;19624.013052;19624.036068;809369;162916;155906;147392;147392;1843;2358272;100.000;102.465;565.998;607.563;20.129;95.697;18.211;0.000;0.000;6.102;23.016;26.513;197.363;220.379;220.379;32.585;33.685;0.352;6.112;0;0.000;0.000;0.000;0.000
223;1;1;0.000000;0.000000;1.000000;19623.849217;19624.061075;19624.072490;795354;161109;154353;146064;146064;1826;2337024;100.000;204.748;560.898;602.080;20.256;95.807;18.365;0.000;72.604;10.613;11.415;92.970;211.858;223.273;223.272;35.673;48.023;14.689;6.648;0;0.000;0.000;0.000;0.000
224;1;1;0.000000;0.000000;1.000000;19623.882427;19624.081689;19624.104081;795455;158406;152079;144466;144466;1806;2311456;100.000;103.229;554.762;595.493;19.914;96.006;18.161;0.000;0.000;3.780;22.393;16.881;199.262;221.654;221.654;33.931;20.614;12.720;7.028;0;0.000;0.000;0.000;0.000
225;1;1;0.000000;0.000000;1.000000;19623.916372;19624.128566;19624.140118;795720;157349;150860;143728;143728;1797;2299648;100.000;199.087;551.928;592.456;19.774;95.876;18.063;0.000;0.000;3.960;11.552;34.281;212.194;223.746;223.745;36.635;46.878;13.544;7.435;0;0.000;0.000;0.000;0.000
226;1;1;0.000000;0.000000;1.000000;19623.948404;19624.145180;19624.150146;798723;180302;156126;142930;142930;1787;2286880;100.000;460.646;548.864;589.166;22.574;86.591;17.895;0.000;74.535;0.726;4.966;14.611;196.776;201.742;201.741;13.329;16.613;16.720;8.015;0;0.000;0.000;0.000;0.000
227;1;1;0.000000;0.000000;1.000000;19623.982717;19624.195420;19624.208982;807441;170496;155469;142948;142948;1787;2287168;100.000;168.660;548.933;589.235;21.116;91.186;17.704;0.000;0.000;12.024;13.562;88.655;212.703;226.265;226.264;38.832;50.240;16.906;8.571;0;0.000;0.000;0.000;0.000
228;1;1;0.000000;0.000000;1.000000;19624.015926;19624.211251;19624.226164;803316;169797;157251;143504;143504;1794;2296064;100.000;153.989;551.068;591.528;21.137;92.611;17.864;0.001;68.274;14.260;14.913;95.616;195.324;210.238;210.235;22.680;15.831;17.502;9.129;0;0.000;0.000;0.000;0.000
229;1;1;0.000000;0.000000;1.000000;19624.049241;19624.263037;19624.271961;809074;168788;157757;144280;144280;1804;2308480;100.000;258.706;554.048;594.733;20.862;93.465;17.833;0.000;0.000;8.114;8.924;90.924;213.795;222.720;222.719;35.144;51.786;18.453;9.712;0;0.000;0.000;0.000;0.000
230;1;1;0.000000;0.000000;1.000000;19624.081284;19624.277051;19624.282308;808265;168278;157442;145334;145334;1817;2325344;100.000;442.471;558.095;599.074;20.820;93.561;17.981;0.000;91.698;4.715;5.257;89.694;195.766;201.023;201.022;12.157;14.014;19.319;10.312;0;0.000;0.000;0.000;0.000
231;1;1;0.000000;0.000000;1.000000;19624.116112;19624.334275;19624.338962;818848;170225;160218;147128;147128;1840;2354048;100.000;502.284;564.984;606.482;20.788;94.121;17.968;0.000;0.000;4.128;4.687;88.076;218.162;222.849;222.849;35.478;57.224;23.890;11.161;0;0.000;0.000;0.000;0.000
232;1;1;0.000000;0.000000;1.000000;19624.149096;19624.347222;19624.356428;820617;170076;160590;148796;148796;1860;2380736;100.000;258.689;571.389;613.338;20.725;94.422;18.132;0.001;84.371;8.550;9.206;92.878;198.126;207.332;207.330;19.611;12.947;20.386;11.738;0;0.000;0.000;0.000;0.000
233;1;1;0.000000;0.000000;1.000000;19624.182519;19624.405539;19624.410568;814146;170428;162009;150842;150842;1886;2413472;100.000;480.107;579.246;621.781;20.933;95.060;18.528;0.000;0.000;4.486;5.029;89.195;223.020;228.050;228.047;40.418;58.317;24.984;12.565;0;0.000;0.000;0.000;0.000
234;1;1;0.000000;0.000000;1.000000;19624.215232;19624.410692;19624.427423;814852;171059;163302;152630;152630;1908;2442080;100.000;145.986;586.112;629.144;20.993;95.465;18.731;0.001;87.114;11.814;16.731;70.613;195.460;212.191;212.188;23.939;5.153;28.180;13.541;0;0.000;0.000;0.000;0.000
235;1;1;0.000000;0.000000;1.000000;19624.249530;19624.460498;19624.476267;815725;171090;163574;153174;153174;1915;2450784;100.000;155.433;588.201;631.391;20.974;95.607;18.778;0.000;0.000;2.544;15.769;16.135;210.969;226.738;226.737;39.450;49.807;16.473;13.725;0;0.000;0.000;0.000;0.000
236;1;1;0.000000;0.000000;1.000000;19624.281908;19624.476677;19624.490985;816078;169919;162282;152808;152808;1911;2444928;100.000;170.905;586.795;629.895;20.821;95.506;18.725;0.001;0.000;10.801;14.308;75.494;194.769;209.077;209.076;20.835;16.179;17.154;13.939;0;0.000;0.000;0.000;0.000
237;1;1;0.000000;0.000000;1.000000;19624.315921;19624.507885;19624.514872;810868;168273;160669;151650;151650;1896;2426400;100.000;347.293;582.348;625.110;20.752;95.481;18.702;0.000;79.157;6.391;6.988;91.461;191.963;198.951;198.950;11.389;31.207;2.126;13.201;0;0.000;0.000;0.000;0.000
238;1;1;0.000000;0.000000;1.000000;19624.348390;19624.546671;19624.575505;801907;166068;158826;149972;149972;1875;2399552;100.000;83.224;575.905;618.192;20.709;95.639;18.702;0.000;0.000;9.360;28.834;32.460;198.281;227.116;227.115;38.688;38.787;5.453;12.716;0;0.000;0.000;0.000;0.000
239;1;1;0.000000;0.000000;1.000000;19624.383025;19624.582579;19624.603658;799196;163336;156157;148264;148264;1854;2372224;100.000;112.550;569.346;611.160;20.438;95.605;18.552;0.000;65.787;1.246;21.079;5.911;199.554;220.633;220.631;33.508;35.908;2.575;12.083;0;0.000;0.000;0.000;0.000
240;1;1;0.000000;0.000000;1.000000;19624.415067;19624.631167;19624.639402;799621;161726;154799;146996;146996;1838;2351936;100.000;285.629;564.477;605.930;20.225;95.717;18.383;0.000;0.000;4.562;8.235;55.401;216.100;224.335;224.334;35.918;48.588;15.254;12.281;0;0.000;0.000;0.000;0.000
241;1;1;0.000000;0.000000;1.000000;19624.449878;19624.648924;19624.660253;808174;182380;158734;146062;146062;1826;2336992;100.000;206.331;560.891;602.073;22.567;87.035;18.073;0.000;86.161;6.705;11.329;59.186;199.046;210.375;210.373;23.436;17.757;15.576;12.487;0;0.000;0.000;0.000;0.000
242;1;1;0.000000;0.000000;1.000000;19624.481258;19624.679832;19624.710122;810609;172794;157709;145468;145468;1819;2327488;100.000;76.842;558.610;599.634;21.317;91.270;17.946;0.000;0.000;9.178;30.291;30.300;198.574;228.864;228.864;39.972;30.908;2.425;11.858;0;0.000;0.000;0.000;0.000
243;1;1;0.000000;0.000000;1.000000;19624.515398;19624.714556;19624.718980;809086;170527;157379;145086;145086;1814;2321376;100.000;524.960;557.143;598.054;21.076;92.290;17.932;0.000;96.675;3.827;4.425;86.493;199.158;203.582;203.580;15.497;34.724;1.391;11.204;0;0.000;0.000;0.000;0.000
244;1;1;0.000000;0.000000;1.000000;19624.549415;19624.746424;19624.770603;804105;169610;157509;145538;145538;1820;2328608;100.000;96.309;558.878;599.925;21.093;92.865;18.099;0.000;0.000;4.597;24.179;19.012;197.009;221.189;221.188;33.786;31.868;1.465;10.595;0;0.000;0.000;0.000;0.000
245;1;1;0.000000;0.000000;1.000000;19624.581807;19624.789372;19624.802771;810243;168731;157465;146056;146056;1826;2336896;100.000;174.430;560.868;602.050;20.825;93.323;18.026;0.000;0.000;12.261;13.399;91.507;207.565;220.964;220.963;32.620;42.948;9.615;10.534;0;0.000;0.000;0.000;0.000
246;1;1;0.000000;0.000000;1.000000;19624.616477;19624.811916;19624.829617;808451;168793;158062;146718;146718;1834;2347488;100.000;132.635;563.410;604.772;20.879;93.643;18.148;0.000;86.703;1.348;17.701;7.615;195.439;213.140;213.138;26.134;22.545;10.789;10.550;0;0.000;0.000;0.000;0.000
247;1;1;0.000000;0.000000;1.000000;19624.648452;19624.869676;19624.874012;818595;168816;159649;147758;147758;1847;2364128;100.000;545.258;567.403;609.059;20.623;94.570;18.050;0.000;0.000;3.890;4.337;89.701;221.223;225.560;225.559;37.195;57.759;24.426;11.417;0;0.000;0.000;0.000;0.000
248;1;1;0.000000;0.000000;1.000000;19624.682663;19624.891494;19624.905598;813416;169563;161459;149576;149576;1870;2393216;100.000;169.693;574.384;616.559;20.846;95.221;18.389;0.000;0.000;11.513;14.104;81.628;208.831;222.935;222.934;35.448;21.818;11.515;11.423;0;0.000;0.000;0.000;0.000
249;1;1;0.000000;0.000000;1.000000;19624.715262;19624.916079;19624.934492;816251;171016;162569;151824;151824;1898;2429184;100.000;131.944;583.017;625.823;20.951;95.061;18.600;0.001;66.306;1.964;18.413;10.667;200.816;219.229;219.227;31.008;24.585;8.749;11.256;0;0.000;0.000;0.000;0.000
250;1;1;0.000000;0.000000;1.000000;19624.749812;19624.967809;19624.976636;820584;171901;164313;153370;153370;1918;2453920;100.000;278.016;588.953;632.211;20.949;95.586;18.690;0.000;0.000;8.079;8.827;91.521;217.997;226.824;226.824;39.819;51.730;18.397;11.702;0;0.000;0.000;0.000;0.000
251;1;1;0.000000;0.000000;1.000000;19624.781913;19624.982391;19624.993523;817535;171228;163430;153478;153478;1919;2455648;100.000;220.625;589.368;632.648;20.944;95.446;18.773;0.000;85.431;10.212;11.132;91.730;200.477;211.610;211.608;23.372;14.582;18.752;12.143;0;0.000;0.000;0.000;0.000
252;1;1;0.000000;0.000000;1.000000;19624.816044;19625.013319;19625.031286;812707;169364;162081;152446;152446;1906;2439136;100.000;135.773;585.405;628.392;20.839;95.700;18.758;0.001;0.000;16.954;17.968;94.359;197.275;215.243;215.240;27.803;30.928;2.405;11.534;0;0.000;0.000;0.000;0.000
253;1;1;0.000000;0.000000;1.000000;19624.849240;19625.050463;19625.071855;811017;166821;159511;150768;150768;1885;2412288;100.000;112.772;578.962;621.475;20.569;95.618;18.590;0.000;84.596;5.095;21.392;23.817;201.223;222.615;222.615;35.038;37.144;3.811;11.052;0;0.000;0.000;0.000;0.000
254;1;1;0.000000;0.000000;1.000000;19624.882407;19625.080121;19625.098076;812416;163996;157520;148606;148606;1858;2377696;100.000;132.446;570.660;612.564;20.186;96.051;18.292;0.001;0.000;2.068;17.955;11.518;197.714;215.669;215.667;27.926;29.658;3.675;10.591;0;0.000;0.000;0.000;0.000
255;1;1;0.000000;0.000000;1.000000;19624.916319;19625.113658;19625.115573;815874;162150;155350;147150;147150;1840;2354400;100.000;1230.019;565.068;606.566;19.874;95.806;18.036;0.000;0.000;1.295;1.915;67.639;197.339;199.254;199.253;12.089;33.536;0.203;9.941;0;0.000;0.000;0.000;0.000
256;1;1;0.000000;0.000000;1.000000;19624.949559;19625.155366;19625.165055;811813;184042;159743;146080;146080;1826;2337280;100.000;241.306;560.960;602.142;22.670;86.797;17.994;0.000;69.431;2.171;9.689;22.411;205.807;215.496;215.493;28.238;41.708;8.375;9.843;0;0.000;0.000;0.000;0.000
257;1;1;0.000000;0.000000;1.000000;19624.982257;19625.201203;19625.203090;809323;173085;158574;145366;145366;1818;2325856;100.000;1233.055;558.218;599.220;21.386;91.616;17.961;0.000;0.000;1.246;1.887;66.054;218.946;220.833;220.832;32.940;45.837;12.504;10.010;0;0.000;0.000;0.000;0.000
258;1;1;0.000000;0.000000;1.000000;19625.016269;19625.210821;19625.217952;806066;169441;156661;145058;145058;1814;2320928;100.000;325.494;557.035;597.947;21.021;92.458;17.996;0.000;89.812;1.098;7.132;15.403;194.552;201.684;201.683;14.469;9.618;23.716;10.866;0;0.000;0.000;0.000;0.000
259;1;1;0.000000;0.000000;1.000000;19625.049103;19625.269149;19625.275759;803994;167560;156238;144584;144584;1808;2313344;100.000;350.017;555.215;595.991;20.841;93.243;17.983;0.000;0.000;1.168;6.610;17.669;220.045;226.655;226.655;38.942;58.328;24.995;11.749;0;0.000;0.000;0.000;0.000
260;1;1;0.000000;0.000000;1.000000;19625.083286;19625.275886;19625.287091;804675;166300;156032;144650;144650;1809;2314400;100.000;206.572;555.468;596.267;20.667;93.826;17.976;0.000;0.000;10.597;11.205;94.571;192.600;203.805;203.804;16.941;6.737;26.596;12.677;0;0.000;0.000;0.000;0.000
261;1;1;0.000000;0.000000;1.000000;19625.115345;19625.307550;19625.311352;803023;164676;155368;143952;143952;1800;2303232;100.000;605.980;552.788;593.384;20.507;94.348;17.926;0.000;70.655;3.263;3.801;85.842;192.205;196.007;196.006;7.868;31.664;1.669;11.989;0;0.000;0.000;0.000;0.000
262;1;1;0.000000;0.000000;1.000000;19625.149200;19625.361609;19625.370837;804900;165024;156429;144058;144058;1801;2304928;100.000;249.778;553.195;593.813;20.502;94.792;17.898;0.000;0.000;8.344;9.229;90.415;212.408;221.637;221.636;34.020;54.058;20.725;12.535;0;0.000;0.000;0.000;0.000
263;1;1;0.000000;0.000000;1.000000;19625.182655;19625.381780;19625.398515;801032;164712;156601;144662;144662;1809;2314592;100.000;138.331;555.515;596.313;20.562;95.076;18.059;0.001;60.260;1.740;16.735;10.395;199.125;215.860;215.858;28.365;20.171;13.162;12.574;0;0.000;0.000;0.000;0.000
264;1;1;0.000000;0.000000;1.000000;19625.215254;19625.414737;19625.416465;793638;164430;156575;145976;145976;1825;2335616;100.000;1352.322;560.560;601.720;20.719;95.223;18.393;0.000;116.715;1.163;1.728;67.270;199.483;201.212;201.210;12.982;32.957;0.376;11.812;0;0.000;0.000;0.000;0.000
265;1;1;0.000000;0.000000;1.000000;19625.250093;19625.459452;19625.466185;801156;165807;158491;148478;148478;1856;2375648;100.000;352.977;570.168;612.027;20.696;95.588;18.533;0.001;0.000;4.624;6.733;68.683;209.360;216.092;216.090;29.368;44.715;11.382;11.785;0;0.000;0.000;0.000;0.000
266;1;1;0.000000;0.000000;1.000000;19625.282678;19625.479836;19625.501796;804749;166833;159695;149922;149922;1875;2398752;100.000;109.244;575.713;618.000;20.731;95.721;18.630;0.000;0.000;5.135;21.959;23.382;197.158;219.117;219.116;31.645;20.384;12.950;11.858;0;0.000;0.000;0.000;0.000
267;1;1;0.000000;0.000000;1.000000;19625.315561;19625.507899;19625.509494;805449;167006;159868;150436;150436;1881;2406976;100.000;1510.833;577.687;620.110;20.735;95.726;18.677;0.000;115.962;1.134;1.594;71.162;192.339;193.933;193.932;6.010;28.063;5.270;11.446;0;0.000;0.000;0.000;0.000
268;1;1;0.000000;0.000000;1.000000;19625.348918;19625.558064;19625.575496;805329;165755;158848;149636;149636;1871;2394176;100.000;137.354;574.615;616.812;20.582;95.833;18.581;0.000;0.000;2.334;17.432;13.388;209.146;226.578;226.577;38.679;50.165;16.831;11.783;0;0.000;0.000;0.000;0.000
269;1;1;0.000000;0.000000;1.000000;19625.383315;19625.577865;19625.585387;805419;163916;157065;148420;148420;1856;2374720;100.000;315.736;569.945;611.804;20.352;95.820;18.428;0.000;0.000;7.059;7.522;93.842;194.550;202.073;202.072;15.237;19.801;13.532;11.892;0;0.000;0.000;0.000;0.000
270;1;1;0.000000;0.000000;1.000000;19625.415367;19625.608654;19625.614359;804474;161632;155040;146600;146600;1833;2345600;100.000;411.213;562.956;604.296;20.092;95.922;18.223;0.000;76.368;1.112;5.705;19.486;193.287;198.992;198.991;10.875;30.789;2.545;11.308;0;0.000;0.000;0.000;0.000
271;1;1;0.000000;0.000000;1.000000;19625.449174;19625.661959;19625.678911;796101;181623;158138;145088;145088;1814;2321408;100.000;136.956;557.150;598.062;22.814;87.069;18.225;0.001;0.000;1.015;16.952;5.989;212.786;229.737;229.736;42.094;53.305;19.972;11.849;0;0.000;0.000;0.000;0.000
272;1;1;0.000000;0.000000;1.000000;19625.482902;19625.680133;19625.703469;805073;170832;156020;144742;144742;1810;2315872;100.000;99.245;555.822;596.643;21.219;91.329;17.979;0.001;106.654;2.380;23.337;10.198;197.230;220.567;220.566;33.319;18.174;15.160;12.056;0;0.000;0.000;0.000;0.000
273;1;1;0.000000;0.000000;1.000000;19625.515035;19625.737432;19625.739457;797204;168205;154907;144320;144320;1804;2309120;100.000;1140.984;554.201;594.887;21.099;92.094;18.103;0.000;0.000;0.771;2.025;38.062;222.397;224.422;224.420;35.973;57.299;23.966;12.801;0;0.000;0.000;0.000;0.000
274;1;1;0.000000;0.000000;1.000000;19625.549305;19625.753832;19625.770746;805139;166757;155370;144042;144042;1801;2304672;100.000;136.270;553.134;593.752;20.712;93.172;17.890;0.000;0.000;15.827;16.914;93.573;204.527;221.441;221.440;33.929;16.400;16.933;13.059;0;0.000;0.000;0.000;0.000
275;1;1;0.000000;0.000000;1.000000;19625.582660;19625.787583;19625.801308;808073;164807;154126;144130;144130;1802;2306080;100.000;168.023;553.472;594.112;20.395;93.519;17.836;0.000;0.000;8.566;13.726;62.406;204.923;218.649;218.648;31.158;33.751;0.417;12.269;0;0.000;0.000;0.000;0.000
276;1;1;0.000000;0.000000;1.000000;19625.615644;19625.809761;19625.811499;813584;164589;155029;144164;144164;1803;2306624;100.000;1326.790;553.602;594.265;20.230;94.192;17.720;0.000;138.424;1.191;1.739;68.481;194.117;195.855;195.855;8.016;22.178;11.155;12.199;0;0.000;0.000;0.000;0.000
277;1;1;0.000000;0.000000;1.000000;19625.649171;19625.872741;19625.874131;812306;163613;154352;144334;144334;1805;2309344;100.000;1662.510;554.255;594.963;20.142;94.340;17.768;0.000;0.000;0.934;1.390;67.176;223.570;224.960;224.959;37.314;62.980;29.647;13.290;0;0.000;0.000;0.000;0.000
278;1;1;0.000000;0.000000;1.000000;19625.682425;19625.882405;19625.905179;817500;163242;154942;144850;144850;1811;2317600;100.000;101.767;556.236;597.080;19.968;94.916;17.719;0.000;0.000;5.293;22.775;23.242;199.980;222.754;222.754;35.029;9.664;23.670;13.938;0;0.000;0.000;0.000;0.000
279;1;1;0.000000;0.000000;1.000000;19625.715948;19625.913329;19625.949969;824803;164077;156076;147006;147006;1838;2352096;100.000;64.196;564.516;605.968;19.893;95.124;17.823;0.000;0.000;23.196;36.641;63.306;197.380;234.021;234.020;46.486;30.924;2.409;13.218;0;0.000;0.000;0.000;0.000
280;1;1;0.000000;0.000000;1.000000;19625.748334;19625.950145;19625.970286;813944;166010;158508;149388;149388;1868;2390208;100.000;118.681;573.662;615.792;20.396;95.481;18.354;0.000;74.048;1.234;20.141;6.129;201.811;221.952;221.952;33.469;36.817;3.483;12.609;0;0.000;0.000;0.000;0.000
281;1;1;0.000000;0.000000;1.000000;19625.782525;19626.004068;19626.006472;815307;166093;158776;150146;150146;1877;2402336;100.000;999.369;576.573;618.906;20.372;95.595;18.416;0.000;0.000;0.826;2.405;34.338;221.543;223.948;223.947;36.322;53.922;20.589;13.108;0;0.000;0.000;0.000;0.000
282;1;1;0.000000;0.000000;1.000000;19625.815216;19626.011067;19626.016365;816329;165403;158449;149960;149960;1875;2399360;100.000;453.032;575.859;618.146;20.262;95.796;18.370;0.000;100.307;4.914;5.298;92.757;195.851;201.149;201.148;12.881;6.999;26.334;13.935;0;0.000;0.000;0.000;0.000
283;1;1;0.000000;0.000000;1.000000;19625.848982;19626.049370;19626.071883;813249;163483;156580;148574;148574;1858;2377184;100.000;105.597;570.537;612.441;20.102;95.778;18.269;0.000;0.000;7.699;22.513;34.197;200.388;222.901;222.900;35.066;38.303;4.970;13.374;0;0.000;0.000;0.000;0.000
284;1;1;0.000000;0.000000;1.000000;19625.882272;19626.084739;19626.103356;809333;161338;154507;146866;146866;1836;2349856;100.000;126.230;563.978;605.386;19.935;95.766;18.147;0.000;0.000;1.201;18.617;6.450;202.468;221.085;221.084;33.206;35.369;2.036;12.666;0;0.000;0.000;0.000;0.000
285;1;1;0.000000;0.000000;1.000000;19625.915725;19626.116453;19626.118110;815482;159641;152769;145550;145550;1820;2328800;100.000;1406.068;558.924;599.971;19.576;95.695;17.848;0.000;70.881;1.101;1.657;66.462;200.728;202.385;202.384;14.626;31.714;1.620;11.975;0;0.000;0.000;0.000;0.000
286;1;1;0.000000;0.000000;1.000000;19625.948328;19626.165432;19626.176088;814633;181574;157734;144160;144160;1802;2306560;100.000;216.505;553.587;594.228;22.289;86.870;17.696;0.000;0.000;1.760;10.656;16.515;217.105;227.760;227.759;39.271;48.979;15.646;12.205;0;0.000;0.000;0.000;0.000
287;1;1;0.000000;0.000000;1.000000;19625.982968;19626.179466;19626.190559;814941;172058;156133;142853;142853;1786;2285648;100.000;206.073;548.568;588.848;21.113;90.744;17.529;0.000;66.463;3.058;11.093;27.569;196.499;207.592;207.590;20.409;14.034;19.299;12.648;0;0.000;0.000;0.000;0.000
288;1;1;0.000000;0.000000;1.000000;19626.015075;19626.230370;19626.245233;818847;168427;154557;142468;142468;1781;2279488;100.000;153.386;547.090;587.256;20.569;91.765;17.399;0.000;97.058;1.844;14.863;12.408;215.294;230.157;230.156;41.749;50.903;17.570;12.956;0;0.000;0.000;0.000;0.000
289;1;1;0.000000;0.000000;1.000000;19626.049174;19626.264082;19626.269783;824052;165753;153310;142484;142484;1782;2279744;100.000;399.929;547.151;587.340;20.114;92.493;17.291;0.000;0.000;4.722;5.701;82.827;214.908;220.609;220.608;32.966;33.712;0.379;12.170;0;0.000;0.000;0.000;0.000
290;1;1;0.000000;0.000000;1.000000;19626.082689;19626.295425;19626.300254;835458;164891;153586;143172;143172;1790;2290752;100.000;474.619;549.793;590.163;19.737;93.144;17.137;0.000;0.000;1.857;4.829;38.465;212.736;217.565;217.563;30.104;31.343;1.990;11.534;0;0.000;0.000;0.000;0.000
291;1;1;0.000000;0.000000;1.000000;19626.114778;19626.312764;19626.320525;819605;163535;154112;143314;143314;1792;2293024;100.000;295.518;550.338;590.753;19.953;94.238;17.486;0.000;86.773;6.986;7.761;90.017;197.986;205.747;205.745;17.041;17.339;15.995;11.812;0;0.000;0.000;0.000;0.000
292;1;1;0.000000;0.000000;1.000000;19626.149446;19626.361905;19626.376954;827799;162723;153546;143732;143732;1797;2299712;100.000;152.835;551.943;592.471;19.657;94.360;17.363;0.000;0.000;1.970;15.049;13.087;212.459;227.508;227.506;40.137;49.141;15.807;12.062;0;0.000;0.000;0.000;0.000
293;1;1;0.000000;0.000000;1.000000;19626.182375;19626.377202;19626.385253;830771;161833;153586;144010;144010;1801;2304160;100.000;286.247;553.011;593.629;19.480;94.904;17.335;0.001;0.000;7.373;8.051;91.577;194.827;202.878;202.877;15.103;15.297;18.036;12.435;0;0.000;0.000;0.000;0.000
294;1;1;0.000000;0.000000;1.000000;19626.215926;19626.407126;19626.412221;835004;162450;155112;145768;145768;1823;2332288;100.000;457.820;559.762;600.876;19.455;95.483;17.457;0.000;146.273;3.757;5.095;73.749;191.200;196.295;196.295;8.738;29.925;3.409;11.871;0;0.000;0.000;0.000;0.000
295;1;1;0.000000;0.000000;1.000000;19626.249122;19626.445358;19626.489418;814967;164346;157166;148094;148094;1852;2369504;100.000;53.780;568.693;610.462;20.166;95.631;18.172;0.000;0.000;4.157;44.061;9.435;196.235;240.296;240.295;52.601;38.231;4.898;11.435;0;0.000;0.000;0.000;0.000
296;1;1;0.000000;0.000000;1.000000;19626.282504;19626.489599;19626.491924;818656;165026;157952;149404;149404;1868;2390464;100.000;1028.432;573.724;615.853;20.158;95.713;18.250;0.000;0.000;1.192;2.325;51.287;207.095;209.420;209.419;21.774;44.241;10.908;11.402;0;0.000;0.000;0.000;0.000
297;1;1;0.000000;0.000000;1.000000;19626.315246;19626.513345;19626.514494;819807;164828;157706;149370;149370;1868;2389920;100.000;2080.563;573.593;615.723;20.106;95.679;18.220;0.000;0.000;0.716;1.149;62.333;198.099;199.248;199.248;11.011;23.746;9.587;11.289;0;0.000;0.000;0.000;0.000
298;1;1;0.000000;0.000000;1.000000;19626.349525;19626.533263;19626.534947;814766;162967;156066;148012;148012;1851;2368192;100.000;1407.475;568.379;610.125;20.002;95.765;18.166;0.000;89.805;1.152;1.683;68.408;183.739;185.422;185.421;-1.870;19.918;13.415;11.422;0;0.000;0.000;0.000;0.000
299;1;1;0.000000;0.000000;1.000000;19626.381204;19626.570775;19626.578924;809259;160381;153711;146174;146174;1828;2338784;100.000;287.056;561.321;602.548;19.818;95.841;18.063;0.000;0.000;7.456;8.148;91.503;189.572;197.720;197.719;8.773;37.512;4.179;10.969;0;0.000;0.000;0.000;0.000
300;1;1;0.000000;0.000000;1.000000;19626.415631;19626.610292;19626.612181;812212;158639;151863;144110;144110;1802;2305760;100.000;1221.531;553.395;594.036;19.532;95.729;17.743;0.000;77.177;1.343;1.888;71.127;194.661;196.549;196.549;8.697;39.517;6.184;10.670;0;0.000;0.000;0.000;0.000
