frame_id;selected;tx_complete;current_skip;last_control_frame;temporal_control_ms;camera_send_timestamp;tx_start_timestamp;inter_departure_ms;tx_points;tx_packets;payload_bytes;reference_size_bytes;internal_throughput_mbs;reference_throughput_mbs;logical_bitrate_mbps;network_bitrate_mbps;reference_bitrate_mbps;disk_io_ms;serialization_ms;tx_duration_ms;active_tx_ms;active_process_ms;total_residency_ms;node_efficiency_pct;reference_efficiency_pct;tx_zero_accepts;tx_partial_accepts;tx_resubmit_calls;tx_resubmitted_packets;mbuf_starvation
1;1;1;1;0;0.000;1807.535932;1807.538161;0.000;784142;9802;12546272;12546272;2261.553;2261.553;3011.115;3204.009;3011.115;2.667;2.228;5.548;1.299;10.443;10.443;99.998;78.662;1649;0;1649;52064;0
2;1;1;1;0;0.000;1807.569660;1807.572467;34.307;783406;9793;12534496;12534496;1703.531;1703.531;3008.289;3201.005;3008.289;3.068;2.807;7.358;2.227;13.233;13.233;99.997;78.786;2631;0;2631;82859;0
3;1;1;1;0;0.000;1807.602865;1807.605199;32.732;780200;9753;12483200;12483200;1170.194;1170.194;2995.978;3187.907;2995.978;2.940;2.334;10.668;2.816;15.942;15.942;100.000;85.356;2265;0;2265;72228;0
4;1;1;1;0;0.000;1807.637170;1807.640829;35.630;778467;9731;12455472;12455472;1330.353;1330.353;2989.323;3180.819;2989.323;3.912;3.659;9.363;2.621;16.934;16.934;99.999;78.389;1266;0;1266;39236;0
5;1;1;1;0;0.000;1807.670320;1807.673107;32.278;776427;9706;12422832;12422832;1801.763;1801.763;2981.489;3172.494;2981.489;3.728;2.787;6.895;2.087;13.410;13.410;99.999;79.215;1665;0;1665;52510;0
6;1;1;1;0;0.000;1807.702629;1807.704694;31.587;774893;9687;12398288;12398288;1868.897;1868.897;2975.599;3166.229;2975.599;2.705;2.065;6.634;2.055;11.403;11.403;99.998;81.893;2021;0;2021;64420;0
7;1;1;1;0;0.000;1807.736782;1807.738994;34.300;775949;9700;12415184;12415184;1979.245;1979.245;2979.654;3170.540;2979.654;3.523;2.212;6.273;1.861;12.008;12.008;99.999;81.577;1984;0;1984;62508;0
8;1;1;1;0;0.000;1807.769992;1807.772207;33.213;775463;9694;12407408;12407408;1950.154;1950.154;2977.788;3168.556;2977.788;3.401;2.215;6.362;1.858;11.978;11.978;99.996;81.506;2149;0;2149;68716;0
9;1;1;1;0;0.000;1807.803448;1807.805706;33.499;775698;9697;12411168;12411168;2008.713;2008.713;2978.690;3169.517;2978.690;3.524;2.257;6.179;1.792;11.960;11.960;99.999;81.125;1694;0;1694;53061;0
10;1;1;1;0;0.000;1807.836531;1807.839248;33.542;778020;9726;12448320;12448320;1989.814;1989.814;2987.606;3179.004;2987.606;3.274;2.717;6.256;1.899;12.246;12.247;99.999;77.816;1936;0;1936;61900;0
11;1;1;1;0;0.000;1807.869967;1807.872116;32.868;778554;9732;12456864;12456864;1947.488;1947.488;2989.657;3181.173;2989.657;3.376;2.148;6.396;1.923;11.921;11.921;99.997;81.976;2300;0;2300;72564;0
12;1;1;1;0;0.000;1807.903457;1807.905843;33.727;779986;9750;12479776;12479776;1970.842;1970.842;2995.156;3187.026;2995.156;3.532;2.386;6.332;1.877;12.251;12.251;100.000;80.520;1805;0;1805;57470;0
13;1;1;1;0;0.000;1807.936728;1807.938896;33.053;780926;9762;12494816;12494816;1952.855;1952.855;2998.765;3190.872;2998.765;3.470;2.168;6.398;1.906;12.037;12.037;100.000;81.990;1817;0;1817;57034;0
14;1;1;1;0;0.000;1807.970034;1807.972182;33.286;782770;9785;12524320;12524320;1858.671;1858.671;3005.846;3198.406;3005.846;3.443;2.148;6.738;2.013;12.329;12.329;99.998;82.575;2246;0;2246;71676;0
15;1;1;1;0;0.000;1808.003382;1808.005531;33.349;784474;9806;12551584;12551584;1907.394;1907.394;3012.390;3205.362;3012.390;3.458;2.148;6.581;2.031;12.187;12.187;99.997;82.370;2012;0;2012;63826;0
16;1;1;1;0;0.000;1808.036439;1808.038569;33.038;785193;9815;12563088;12563088;1852.930;1852.930;3015.151;3208.300;3015.151;3.181;2.130;6.780;1.948;12.091;12.091;99.998;82.382;1988;0;1988;63373;0
17;1;1;1;0;0.000;1808.069798;1808.071921;33.352;782720;9784;12523520;12523520;1930.356;1930.356;3005.654;3198.194;3005.654;3.207;2.123;6.488;1.926;11.817;11.817;99.999;82.035;1667;0;1667;53120;0
18;1;1;1;0;0.000;1808.102959;1808.105086;33.165;781613;9771;12505808;12505808;2016.892;2016.892;3001.404;3193.687;3001.404;3.033;2.127;6.201;1.873;11.360;11.361;99.998;81.279;1680;0;1680;53067;0
19;1;1;1;0;0.000;1808.136687;1808.138824;33.737;780006;9751;12480096;12480096;1846.460;1846.460;2995.233;3187.123;2995.233;3.429;2.137;6.759;1.970;12.325;12.325;99.999;82.661;2018;0;2018;64315;0
20;1;1;1;0;0.000;1808.169852;1808.171994;33.171;780302;9754;12484832;12484832;1884.879;1884.879;2996.369;3188.318;2996.369;3.259;2.142;6.624;1.917;12.025;12.025;99.999;82.183;1573;0;1573;50174;0
21;1;1;1;0;0.000;1808.203074;1808.205195;33.200;779066;9739;12465056;12465056;1808.760;1808.760;2991.623;3183.277;2991.623;3.149;2.120;6.892;2.014;12.161;12.161;99.997;82.565;2004;0;2004;63456;0
22;1;1;1;0;0.000;1808.236483;1808.238614;33.420;778280;9729;12452480;12452480;1869.257;1869.257;2988.605;3180.062;2988.605;3.224;2.131;6.662;1.967;12.017;12.017;99.998;82.266;1533;0;1533;47940;0
23;1;1;1;0;0.000;1808.269670;1808.271810;33.195;778907;9737;12462512;12462512;1834.968;1834.968;2991.012;3182.627;2991.012;3.078;2.140;6.792;2.066;12.010;12.010;99.999;82.181;1574;0;1574;49563;0
24;1;1;1;0;0.000;1808.302676;1808.304905;33.096;779289;9742;12468624;12468624;1589.688;1589.688;2992.479;3184.192;2992.479;2.752;2.229;7.843;2.345;12.824;12.824;99.997;82.617;2236;0;2236;70850;0
25;1;1;1;0;0.000;1808.336016;1808.338291;33.385;779739;9747;12475824;12475824;1602.608;1602.608;2994.207;3186.019;2994.207;2.758;2.275;7.785;2.246;12.817;12.818;99.999;82.252;1749;0;1749;55123;0
26;1;1;1;0;0.000;1808.369491;1808.371761;33.470;779364;9743;12469824;12469824;1493.753;1493.753;2992.767;3184.500;2992.767;2.899;2.270;8.348;2.477;13.518;13.518;100.000;83.205;1280;0;1280;40008;0
27;1;1;1;0;0.000;1808.402727;1808.404904;33.143;780025;9751;12480400;12480400;1783.497;1783.497;2995.306;3187.196;2995.306;2.803;2.176;6.998;2.062;11.977;11.977;99.999;81.830;1963;0;1963;62537;0
28;1;1;1;0;0.000;1808.436017;1808.438099;33.196;780373;9755;12485968;12485968;1866.948;1866.948;2996.642;3188.611;2996.642;2.759;2.082;6.688;2.052;11.529;11.529;99.998;81.936;1820;0;1820;58100;0
29;1;1;1;0;0.000;1808.469377;1808.471539;33.440;781651;9771;12506416;12506416;1660.105;1660.105;3001.549;3193.833;3001.549;2.786;2.162;7.534;2.165;12.482;12.482;100.000;82.676;2191;0;2191;69062;0
30;1;1;1;0;0.000;1808.502683;1808.504976;33.437;781375;9768;12502000;12502000;1601.576;1601.576;3000.490;3192.714;3000.490;2.758;2.293;7.806;2.234;12.858;12.858;99.995;82.162;1653;0;1653;51696;0
31;1;1;1;0;0.000;1808.536016;1808.538294;33.317;784392;9805;12550272;12550272;1639.128;1639.128;3012.075;3205.028;3012.075;2.758;2.278;7.657;2.213;12.692;12.692;99.997;82.051;1927;0;1927;60885;0
32;1;1;1;0;0.000;1808.569349;1808.571561;33.267;782671;9784;12522736;12522736;1561.832;1561.832;3005.466;3198.006;3005.466;2.757;2.212;8.018;2.308;12.987;12.987;99.998;82.965;2477;0;2477;79000;0
33;1;1;1;0;0.000;1808.602682;1808.604799;33.238;776999;9713;12431984;12431984;1803.174;1803.174;2983.686;3174.828;2983.686;2.757;2.116;6.895;1.971;11.768;11.769;99.998;82.014;1691;0;1691;53542;0
34;1;1;1;0;0.000;1808.636028;1808.638145;33.346;778650;9734;12458400;12458400;1725.856;1725.856;2990.026;3181.581;2990.026;2.770;2.116;7.219;2.076;12.105;12.105;99.999;82.517;1988;0;1988;62368;0
35;1;1;1;0;0.000;1808.669324;1808.671583;33.439;778007;9726;12448112;12448112;1714.582;1714.582;2987.556;3178.955;2987.556;2.733;2.259;7.260;2.140;12.252;12.253;99.998;81.557;1497;0;1497;47850;0
36;1;1;1;0;0.000;1808.702671;1808.704872;33.289;776483;9707;12423728;12423728;1725.021;1725.021;2981.704;3172.728;2981.704;2.747;2.201;7.202;2.239;12.150;12.150;99.999;81.885;1558;0;1558;49121;0
37;1;1;1;0;0.000;1808.735998;1808.738259;33.387;781287;9767;12500592;12500592;1497.179;1497.179;3000.152;3192.357;3000.152;2.740;2.261;8.349;2.471;13.350;13.351;99.999;83.065;2364;0;2364;74373;0
38;1;1;1;0;0.000;1808.769398;1808.771658;33.399;780329;9755;12485264;12485264;1669.087;1669.087;2996.473;3188.442;2996.473;2.806;2.260;7.480;2.369;12.546;12.547;99.996;81.987;1655;0;1655;52775;0
39;1;1;1;0;0.000;1808.802642;1808.804817;33.160;780785;9760;12492560;12492560;1732.746;1732.746;2998.224;3190.291;2998.224;2.717;2.176;7.210;2.195;12.103;12.103;100.000;82.022;1694;0;1694;54208;0
40;1;1;1;0;0.000;1808.836008;1808.838286;33.469;785430;9818;12566880;12566880;1482.622;1482.622;3016.061;3209.269;3016.061;2.750;2.278;8.476;2.484;13.504;13.504;99.998;83.133;2479;0;2479;78998;0
41;1;1;1;0;0.000;1808.869548;1808.871866;33.581;789479;9869;12631664;12631664;1529.129;1529.129;3031.609;3225.821;3031.609;2.956;2.319;8.261;2.542;13.536;13.536;99.998;82.867;1542;0;1542;48546;0
42;1;1;1;0;0.000;1808.902804;1808.905127;33.261;789348;9867;12629568;12629568;1485.205;1485.205;3031.106;3225.279;3031.106;2.879;2.323;8.504;2.532;13.705;13.706;99.997;83.050;2512;0;2512;79565;0
43;1;1;1;0;0.000;1808.936343;1808.938667;33.540;792714;9909;12683424;12683424;1512.439;1512.439;3044.031;3239.031;3044.031;3.082;2.324;8.386;2.363;13.792;13.792;99.999;83.151;1662;0;1662;52744;0
44;1;1;1;0;0.000;1808.969885;1808.972206;33.539;790865;9886;12653840;12653840;1410.027;1410.027;3036.931;3231.478;3036.931;3.293;2.321;8.974;2.566;14.588;14.588;100.000;84.093;1927;0;1927;61616;0
45;1;1;1;0;0.000;1809.002647;1809.004839;32.633;787976;9850;12607616;12607616;1684.940;1684.940;3025.837;3219.676;3025.837;2.722;2.192;7.483;2.261;12.397;12.398;99.997;82.315;1535;0;1535;48970;0
46;1;1;1;0;0.000;1809.036029;1809.038260;33.420;789717;9872;12635472;12635472;1677.180;1677.180;3032.523;3226.794;3032.523;2.771;2.231;7.534;2.268;12.535;12.536;99.999;82.205;1789;0;1789;56512;0
47;1;1;1;0;0.000;1809.069345;1809.071524;33.264;784950;9812;12559200;12559200;1603.561;1603.561;3014.218;3207.308;3014.218;2.754;2.178;7.832;2.290;12.764;12.765;99.996;82.930;2260;0;2260;71924;0
48;1;1;1;0;0.000;1809.102678;1809.104773;33.249;781130;9765;12498080;12498080;1852.264;1852.264;2999.549;3191.714;2999.549;2.754;2.094;6.747;2.052;11.596;11.596;99.999;81.937;1642;0;1642;51194;0
49;1;1;1;0;0.000;1809.136001;1809.138088;33.315;780468;9756;12487488;12487488;1787.406;1787.406;2997.007;3188.995;2997.007;2.744;2.086;6.986;2.137;11.816;11.817;99.999;82.342;1952;0;1952;62372;0
50;1;1;1;0;0.000;1809.169540;1809.171739;33.651;783376;9793;12534016;12534016;1720.156;1720.156;3008.173;3200.890;3008.173;2.938;2.199;7.287;2.209;12.424;12.424;100.000;82.298;2266;0;2266;70993;0
51;1;1;1;0;0.000;1809.202708;1809.204899;33.160;787237;9841;12595792;12595792;1747.138;1747.138;3023.000;3216.661;3023.000;2.784;2.191;7.209;2.143;12.184;12.184;99.999;82.018;1625;0;1625;51520;0
52;1;1;1;0;0.000;1809.236037;1809.238202;33.303;787734;9847;12603744;12603744;1640.773;1640.773;3024.908;3218.688;3024.908;2.779;2.165;7.682;2.285;12.626;12.626;100.000;82.853;2159;0;2159;68800;0
53;1;1;1;0;0.000;1809.269406;1809.271638;33.436;787059;9839;12592944;12592944;1678.015;1678.015;3022.316;3215.938;3022.316;2.815;2.232;7.505;2.239;12.552;12.552;99.997;82.218;1479;0;1479;46614;0
54;1;1;1;0;0.000;1809.302707;1809.304876;33.237;786051;9826;12576816;12576816;1606.292;1606.292;3018.445;3211.812;3018.445;2.782;2.169;7.830;2.317;12.781;12.781;99.996;83.027;2209;0;2209;69128;0
55;1;1;1;0;0.000;1809.336067;1809.338274;33.398;796213;9953;12739408;12739408;1677.238;1677.238;3057.468;3253.333;3057.468;2.809;2.206;7.595;2.192;12.611;12.611;100.000;82.504;1657;0;1657;51226;0
56;1;1;1;0;0.000;1809.369379;1809.371667;33.393;790191;9878;12643056;12643056;1627.476;1627.476;3034.343;3228.732;3034.343;2.787;2.288;7.769;2.335;12.844;12.844;99.998;82.185;1737;0;1737;55184;0
57;1;1;1;0;0.000;1809.402748;1809.405096;33.429;798808;9986;12780928;12780928;1394.391;1394.391;3067.432;3263.947;3067.432;2.823;2.348;9.166;2.632;14.337;14.337;99.998;83.624;2709;0;2709;85428;0
58;1;1;1;0;0.000;1809.436384;1809.438705;33.609;797924;9975;12766784;12766784;1631.081;1631.081;3064.038;3260.336;3064.038;3.126;2.320;7.827;2.336;13.273;13.274;99.999;82.520;1772;0;1772;56326;0
59;1;1;1;0;0.000;1809.469424;1809.471708;33.003;794477;9931;12711632;12711632;1507.246;1507.246;3050.801;3246.234;3050.801;2.832;2.284;8.434;2.425;13.550;13.550;99.999;83.144;2348;0;2348;74191;0
60;1;1;1;0;0.000;1809.502978;1809.505275;33.567;789053;9864;12624848;12624848;1649.338;1649.338;3029.973;3224.087;3029.973;3.051;2.297;7.655;2.289;13.002;13.003;99.998;82.334;1675;0;1675;52304;0
61;1;1;1;0;0.000;1809.536058;1809.538224;32.950;783874;9799;12541984;12541984;1630.888;1630.888;3010.086;3202.920;3010.086;2.800;2.166;7.690;2.227;12.657;12.657;99.998;82.884;2182;0;2182;68624;0
62;1;1;1;0;0.000;1809.569353;1809.571640;33.416;782785;9785;12524560;12524560;1690.260;1690.260;3005.904;3198.463;3005.904;2.762;2.287;7.410;2.169;12.459;12.459;99.998;81.639;1413;0;1413;45041;0
63;1;1;1;0;0.000;1809.602673;1809.604794;33.154;782791;9785;12524656;12524656;1862.065;1862.065;3005.927;3198.486;3005.927;2.748;2.122;6.726;2.048;11.596;11.596;99.997;81.702;1682;0;1682;53642;0
64;1;1;1;0;0.000;1809.636042;1809.638137;33.342;782127;9777;12514032;12514032;1733.795;1733.795;3003.377;3195.779;3003.377;2.784;2.095;7.218;2.115;12.096;12.097;99.997;82.682;1935;0;1935;61440;0
65;1;1;1;0;0.000;1809.669413;1809.671557;33.420;785507;9819;12568112;12568112;1798.295;1798.295;3016.356;3209.585;3016.356;2.822;2.143;6.989;2.188;11.954;11.954;99.998;82.072;1546;0;1546;49472;0
66;1;1;1;0;0.000;1809.702945;1809.705192;33.636;789017;9863;12624272;12624272;1564.787;1564.787;3029.835;3223.929;3029.835;3.019;2.247;8.068;2.482;13.334;13.334;99.994;83.144;2217;0;2217;70094;0
67;1;1;1;0;0.000;1809.736409;1809.738634;33.442;789641;9871;12634256;12634256;1696.768;1696.768;3032.231;3226.483;3032.231;3.149;2.225;7.446;2.267;12.820;12.820;99.999;82.644;1434;0;1434;45225;0
68;1;1;1;0;0.000;1809.769381;1809.771540;32.906;784718;9809;12555488;12555488;1768.804;1768.804;3013.327;3206.358;3013.327;2.790;2.159;7.098;2.221;12.047;12.047;99.999;82.080;1534;0;1534;48668;0
69;1;1;1;0;0.000;1809.802657;1809.804770;33.230;778159;9727;12450544;12450544;1709.589;1709.589;2988.140;3179.558;2988.140;2.733;2.113;7.283;2.183;12.128;12.128;99.999;82.581;1952;0;1952;62432;0
70;1;1;1;0;0.000;1809.836016;1809.838165;33.395;776327;9705;12421232;12421232;1733.476;1733.476;2981.105;3172.090;2981.105;2.758;2.149;7.166;2.103;12.073;12.073;99.998;82.194;1584;0;1584;49515;0
71;1;1;1;0;0.000;1809.869352;1809.871630;33.465;786883;9837;12590128;12590128;1596.893;1596.893;3021.640;3215.223;3021.640;2.760;2.278;7.884;2.343;12.923;12.923;99.997;82.369;1648;0;1648;52052;0
72;1;1;1;0;0.000;1809.902693;1809.905012;33.382;787146;9840;12594336;12594336;1413.994;1413.994;3022.650;3216.292;3022.650;2.769;2.319;8.907;2.594;13.995;13.995;100.000;83.429;2498;0;2498;79360;0
73;1;1;1;0;0.000;1809.936170;1809.938450;33.438;781047;9764;12496752;12496752;1609.049;1609.049;2999.230;3191.376;2999.230;2.908;2.280;7.767;2.280;12.954;12.954;99.999;82.401;1766;0;1766;54440;0
74;1;1;1;0;0.000;1809.969330;1809.971600;33.150;782459;9781;12519344;12519344;1491.833;1491.833;3004.652;3197.133;3004.652;2.739;2.270;8.392;2.403;13.401;13.401;99.998;83.058;2164;0;2164;68786;0
75;1;1;1;0;0.000;1810.003009;1810.005281;33.680;781579;9770;12505264;12505264;1652.607;1652.607;3001.273;3193.537;3001.273;3.084;2.272;7.567;2.259;12.922;12.923;99.998;82.418;1574;0;1574;49510;0
76;1;1;1;0;0.000;1810.036033;1810.038201;32.920;784181;9803;12546896;12546896;1715.136;1715.136;3011.265;3204.178;3011.265;2.775;2.168;7.315;2.294;12.258;12.258;99.999;82.314;1692;0;1692;53220;0
77;1;1;1;0;0.000;1810.069367;1810.071535;33.334;782861;9786;12525776;12525776;1608.015;1608.015;3006.196;3198.775;3006.196;2.776;2.167;7.790;2.356;12.733;12.734;99.998;82.978;2113;0;2113;67466;0
78;1;1;1;0;0.000;1810.102681;1810.104788;33.253;779451;9744;12471216;12471216;1868.556;1868.556;2993.101;3184.854;2993.101;2.757;2.106;6.674;2.115;11.538;11.538;99.999;81.745;1662;0;1662;52656;0
79;1;1;1;0;0.000;1810.136026;1810.138128;33.341;784719;9809;12555504;12555504;1737.138;1737.138;3013.331;3206.362;3013.331;2.768;2.102;7.228;2.118;12.098;12.098;99.998;82.624;1906;0;1906;60497;0
80;1;1;1;0;0.000;1810.169463;1810.171782;33.654;780701;9759;12491216;12491216;1693.209;1693.209;2997.901;3189.949;2997.901;2.871;2.319;7.377;2.259;12.567;12.567;99.999;81.545;1406;0;1406;44967;0
81;1;1;1;0;0.000;1810.202705;1810.204966;33.183;785754;9822;12572064;12572064;1651.524;1651.524;3017.305;3210.592;3017.305;2.780;2.261;7.612;2.334;12.653;12.654;99.998;82.131;1538;0;1538;49148;0
82;1;1;1;0;0.000;1810.236014;1810.238227;33.261;783308;9792;12532928;12532928;1529.558;1529.558;3007.912;3200.609;3007.912;2.756;2.213;8.194;2.416;13.163;13.163;100.000;83.187;2211;0;2211;70752;0
83;1;1;1;0;0.000;1810.269448;1810.271715;33.487;782737;9785;12523792;12523792;1652.364;1652.364;3005.720;3198.279;3005.720;2.856;2.266;7.579;2.250;12.702;12.702;99.999;82.156;1548;0;1548;49389;0
84;1;1;1;0;0.000;1810.302697;1810.304947;33.233;781874;9774;12509984;12509984;1528.970;1528.970;3002.406;3194.748;3002.406;2.773;2.250;8.182;2.412;13.204;13.205;99.998;82.961;2048;0;2048;65050;0
85;1;1;1;0;0.000;1810.336252;1810.338472;33.525;780545;9757;12488720;12488720;1683.199;1683.199;2997.302;3189.311;2997.302;2.992;2.220;7.420;2.227;12.632;12.633;99.998;82.423;1374;0;1374;43878;0
86;1;1;1;0;0.000;1810.369349;1810.371501;33.029;778343;9730;12453488;12453488;1734.580;1734.580;2988.847;3180.324;2988.847;2.758;2.152;7.180;2.081;12.089;12.090;99.999;82.198;1577;0;1577;49174;0
87;1;1;1;0;0.000;1810.402696;1810.404873;33.372;778458;9731;12455328;12455328;1620.654;1620.654;2989.288;3180.785;2989.288;2.771;2.176;7.685;2.241;12.633;12.633;99.999;82.771;2037;0;2037;63821;0
88;1;1;1;0;0.000;1810.436013;1810.438197;33.324;778592;9733;12457472;12457472;1675.908;1675.908;2989.803;3181.339;2989.803;2.756;2.183;7.433;2.182;12.372;12.372;99.998;82.351;1516;0;1516;47162;0
89;1;1;1;0;0.000;1810.469324;1810.471509;33.313;779952;9750;12479232;12479232;1695.717;1695.717;2995.025;3186.896;2995.025;2.733;2.185;7.359;2.146;12.277;12.278;99.998;82.201;1502;0;1502;47774;0
90;1;1;1;0;0.000;1810.502675;1810.504847;33.338;779674;9746;12474784;12474784;1679.520;1679.520;2993.958;3185.749;2993.958;2.750;2.172;7.428;2.301;12.350;12.350;99.998;82.411;1269;0;1269;40146;0
91;1;1;1;0;0.000;1810.535998;1810.538275;33.427;781083;9764;12497328;12497328;1561.834;1561.834;2999.368;3191.514;2999.368;2.740;2.276;8.002;2.415;13.018;13.018;99.999;82.514;1568;0;1568;48692;0
92;1;1;1;0;0.000;1810.569341;1810.571615;33.341;780537;9757;12488592;12488592;1487.649;1487.649;2997.272;3189.280;2997.272;2.750;2.274;8.395;2.448;13.419;13.419;99.998;83.049;2215;0;2215;70763;0
93;1;1;1;0;0.000;1810.602959;1810.605075;33.460;773046;9664;12368736;12368736;1835.608;1835.608;2968.506;3158.684;2968.506;3.033;2.116;6.738;2.043;11.887;11.887;99.997;82.201;1491;0;1491;47712;0
94;1;1;1;0;0.000;1810.635993;1810.638054;32.979;770822;9636;12333152;12333152;1870.756;1870.756;2959.966;3149.593;2959.966;2.735;2.062;6.593;2.007;11.389;11.389;99.998;81.895;1593;0;1593;50024;0
95;1;1;1;0;0.000;1810.669534;1810.671672;33.617;778859;9736;12461744;12461744;1673.964;1673.964;2990.828;3182.423;2990.828;2.941;2.138;7.444;2.274;12.523;12.523;99.994;82.926;1861;0;1861;58616;0
96;1;1;1;0;0.000;1810.702683;1810.704911;33.240;778333;9730;12453328;12453328;1659.045;1659.045;2988.808;3180.285;2988.808;2.759;2.228;7.506;2.349;12.493;12.493;99.998;82.165;1620;0;1620;51840;0
97;1;1;1;0;0.000;1810.735999;1810.738243;33.332;782798;9785;12524768;12524768;1515.528;1515.528;3005.954;3198.513;3005.954;2.742;2.244;8.264;2.448;13.249;13.250;99.998;83.064;1954;0;1954;62388;0
98;1;1;1;0;0.000;1810.769635;1810.771920;33.677;781418;9768;12502688;12502688;1596.783;1596.783;3000.655;3192.879;3000.655;3.043;2.285;7.830;2.357;13.158;13.158;100.000;82.632;1416;0;1416;44328;0
99;1;1;1;0;0.000;1810.802935;1810.805119;33.199;777382;9718;12438112;12438112;1721.562;1721.562;2985.156;3176.397;2985.156;3.011;2.184;7.225;2.161;12.419;12.419;99.998;82.416;1576;0;1576;50052;0
100;1;1;1;0;0.000;1810.835998;1810.838137;33.018;778267;9729;12452272;12452272;1599.550;1599.550;2988.555;3180.012;2988.555;2.741;2.139;7.785;2.305;12.664;12.664;99.999;83.112;2167;0;2167;67949;0
101;1;1;1;0;0.000;1810.869344;1810.871589;33.452;780699;9759;12491184;12491184;1635.821;1635.821;2997.894;3189.941;2997.894;2.753;2.245;7.636;2.287;12.634;12.634;100.000;82.233;1596;0;1596;51041;0
102;1;1;1;0;0.000;1810.902675;1810.904994;33.405;780328;9755;12485248;12485248;1539.328;1539.328;2996.469;3188.438;2996.469;2.751;2.319;8.111;2.328;13.181;13.181;100.000;82.405;1679;0;1679;53518;0
103;1;1;1;0;0.000;1810.936074;1810.938337;33.343;782351;9780;12517616;12517616;1490.055;1490.055;3004.237;3196.698;3004.237;2.816;2.263;8.401;2.538;13.480;13.480;99.998;83.208;2170;0;2170;69044;0
104;1;1;1;0;0.000;1810.969697;1810.972011;33.674;782164;9778;12514624;12514624;1566.179;1566.179;3003.519;3195.941;3003.519;3.105;2.314;7.991;2.376;13.410;13.410;99.998;82.746;1384;0;1384;43686;0
105;1;1;1;0;0.000;1811.002706;1811.004887;32.876;783021;9788;12528336;12528336;1565.429;1565.429;3006.810;3199.428;3006.810;2.781;2.181;8.003;2.371;12.965;12.965;99.999;83.179;2186;0;2186;69808;0
106;1;1;1;0;0.000;1811.036057;1811.038294;33.408;786829;9836;12589264;12589264;1645.500;1645.500;3021.433;3214.996;3021.433;2.799;2.237;7.651;2.268;12.687;12.687;99.998;82.363;1626;0;1626;51332;0
107;1;1;1;0;0.000;1811.069337;1811.071562;33.267;789365;9868;12629840;12629840;1647.642;1647.642;3031.171;3225.364;3031.171;2.746;2.224;7.665;2.322;12.636;12.636;99.997;82.395;1698;0;1698;53696;0
108;1;1;1;0;0.000;1811.102729;1811.104886;33.324;790807;9886;12652912;12652912;1727.321;1727.321;3036.708;3231.255;3036.708;2.805;2.156;7.325;2.225;12.285;12.286;99.995;82.450;2105;0;2105;67296;0
109;1;1;1;0;0.000;1811.136067;1811.138185;33.300;789334;9867;12629344;12629344;1809.302;1809.302;3031.052;3225.225;3031.052;2.809;2.118;6.980;2.099;11.908;11.908;100.000;82.211;1668;0;1668;52704;0
110;1;1;1;0;0.000;1811.169661;1811.171851;33.665;783753;9797;12540048;12540048;1642.447;1642.447;3009.621;3202.416;3009.621;3.069;2.190;7.635;2.280;12.894;12.894;100.000;83.016;1995;0;1995;62409;0
111;1;1;1;0;0.000;1811.202700;1811.204794;32.943;781240;9766;12499840;12499840;1790.583;1790.583;2999.971;3192.156;2999.971;2.775;2.093;6.981;2.176;11.850;11.850;99.997;82.332;1552;0;1552;49378;0
112;1;1;1;0;0.000;1811.236037;1811.238162;33.369;781247;9766;12499952;12499952;1831.881;1831.881;2999.998;3192.183;2999.998;2.779;2.125;6.824;2.047;11.728;11.728;99.997;81.877;1662;0;1662;52326;0
113;1;1;1;0;0.000;1811.269600;1811.271797;33.634;783523;9795;12536368;12536368;1580.511;1580.511;3008.738;3201.494;3008.738;3.008;2.197;7.932;2.361;13.137;13.137;99.998;83.277;2139;0;2139;66766;0
114;1;1;1;0;0.000;1811.302700;1811.304886;33.089;783046;9789;12528736;12528736;1683.136;1683.136;3006.906;3199.544;3006.906;2.775;2.186;7.444;2.229;12.405;12.405;99.999;82.378;1608;0;1608;51384;0
115;1;1;1;0;0.000;1811.336062;1811.338234;33.349;785712;9822;12571392;12571392;1605.628;1605.628;3017.144;3210.431;3017.144;2.804;2.172;7.830;2.323;12.806;12.806;99.998;83.036;2039;0;2039;65206;0
116;1;1;1;0;0.000;1811.369381;1811.371643;33.408;788409;9856;12614544;12614544;1618.589;1618.589;3027.500;3221.457;3027.500;2.790;2.261;7.794;2.327;12.845;12.845;99.999;82.396;1655;0;1655;52960;0
117;1;1;1;0;0.000;1811.402703;1811.404912;33.269;785289;9817;12564624;12564624;1625.281;1625.281;3015.519;3208.708;3015.519;2.778;2.209;7.731;2.281;12.718;12.718;99.999;82.630;1582;0;1582;50442;0
118;1;1;1;0;0.000;1811.436030;1811.438189;33.277;784314;9804;12549024;12549024;1587.396;1587.396;3011.775;3204.708;3011.775;2.772;2.159;7.905;2.398;12.836;12.836;100.000;83.179;2167;0;2167;68684;0
119;1;1;1;0;0.000;1811.469379;1811.471616;33.427;784830;9811;12557280;12557280;1642.142;1642.142;3013.757;3206.828;3013.757;2.787;2.238;7.647;2.314;12.672;12.672;100.000;82.340;1645;0;1645;52237;0
120;1;1;1;0;0.000;1811.502698;1811.504941;33.325;784742;9810;12555872;12555872;1509.076;1509.076;3013.419;3206.470;3013.419;2.773;2.243;8.320;2.471;13.337;13.337;99.999;83.180;2160;0;2160;68784;0
121;1;1;1;0;0.000;1811.536306;1811.538621;33.680;787186;9840;12594976;12594976;1598.505;1598.505;3022.804;3216.445;3022.804;3.047;2.315;7.879;2.326;13.241;13.242;99.999;82.517;1589;0;1589;50096;0
122;1;1;1;0;0.000;1811.569405;1811.571607;32.986;792161;9903;12674576;12674576;1677.171;1677.171;3041.908;3236.789;3041.908;2.814;2.202;7.557;2.296;12.573;12.573;99.999;82.485;1677;0;1677;53103;0
123;1;1;1;0;0.000;1811.602703;1811.604846;33.239;788290;9854;12612640;12612640;1730.615;1730.615;3027.043;3220.960;3027.043;2.778;2.143;7.288;2.236;12.210;12.210;100.000;82.444;2001;0;2001;63992;0
124;1;1;1;0;0.000;1811.636091;1811.638222;33.376;789222;9866;12627552;12627552;1838.902;1838.902;3030.622;3224.775;3030.622;2.833;2.131;6.867;2.066;11.831;11.831;99.999;81.984;1637;0;1637;51658;0
125;1;1;1;0;0.000;1811.669820;1811.671951;33.729;787173;9840;12594768;12594768;1722.045;1722.045;3022.754;3216.396;3022.754;3.227;2.131;7.314;2.137;12.673;12.673;99.999;83.179;1907;0;1907;60512;0
126;1;1;1;0;0.000;1811.703054;1811.705236;33.284;776279;9704;12420464;12420464;1748.309;1748.309;2980.921;3171.886;2980.921;3.129;2.182;7.104;2.165;12.415;12.415;99.999;82.426;1509;0;1509;47112;0
127;1;1;1;0;0.000;1811.735995;1811.738071;32.835;773912;9674;12382592;12382592;1808.129;1808.129;2971.832;3162.206;2971.832;2.737;2.076;6.848;2.116;11.661;11.661;99.997;82.197;1508;0;1508;47420;0
128;1;1;1;0;0.000;1811.769368;1811.771504;33.434;773302;9667;12372832;12372832;1612.068;1612.068;2969.489;3159.726;2969.489;2.777;2.136;7.675;2.264;12.588;12.588;99.999;83.028;1988;0;1988;62369;0
129;1;1;1;0;0.000;1811.802634;1811.804757;33.253;777001;9713;12432016;12432016;1749.993;1749.993;2983.693;3174.836;2983.693;2.710;2.122;7.104;2.155;11.936;11.936;99.995;82.216;1492;0;1492;47294;0
130;1;1;1;0;0.000;1811.836007;1811.838160;33.403;783174;9790;12530784;12530784;1598.147;1598.147;3007.398;3200.055;3007.398;2.749;2.153;7.841;2.345;12.742;12.743;99.998;83.105;2010;0;2010;64274;0
131;1;1;1;0;0.000;1811.869379;1811.871560;33.401;786108;9827;12577728;12577728;1681.290;1681.290;3018.664;3212.050;3018.664;2.788;2.181;7.481;2.286;12.450;12.451;99.998;82.482;1431;0;1431;44313;0
132;1;1;1;0;0.000;1811.902693;1811.904956;33.396;785622;9821;12569952;12569952;1612.516;1612.516;3016.798;3210.066;3016.798;2.768;2.263;7.795;2.383;12.827;12.827;99.998;82.353;1604;0;1604;51220;0
133;1;1;1;0;0.000;1811.936177;1811.938447;33.491;787265;9841;12596240;12596240;1477.966;1477.966;3023.107;3216.768;3023.107;2.918;2.271;8.523;2.563;13.712;13.712;100.000;83.439;2395;0;2395;76085;0
134;1;1;1;0;0.000;1811.969844;1811.972087;33.640;787734;9847;12603744;12603744;1673.069;1673.069;3024.908;3218.688;3024.908;3.252;2.243;7.533;2.234;13.028;13.029;99.999;82.786;1558;0;1558;49541;0
135;1;1;1;0;0.000;1812.002733;1812.004913;32.826;786766;9835;12588256;12588256;1574.235;1574.235;3021.191;3214.734;3021.191;2.809;2.180;7.996;2.421;12.985;12.985;100.000;83.212;2129;0;2129;67435;0
136;1;1;1;0;0.000;1812.036037;1812.038228;33.315;787622;9846;12601952;12601952;1653.583;1653.583;3024.478;3218.238;3024.478;2.779;2.191;7.621;2.281;12.591;12.592;99.998;82.595;1515;0;1515;48130;0
137;1;1;1;0;0.000;1812.069372;1812.071656;33.428;784509;9807;12552144;12552144;1555.030;1555.030;3012.524;3205.516;3012.524;2.781;2.283;8.072;2.392;13.136;13.137;99.996;82.616;1574;0;1574;49450;0
138;1;1;1;0;0.000;1812.102786;1812.104927;33.271;782962;9788;12527392;12527392;1620.236;1620.236;3006.584;3199.202;3006.584;2.861;2.140;7.732;2.320;12.733;12.733;99.998;83.191;2017;0;2017;64416;0
139;1;1;1;0;0.000;1812.136042;1812.138203;33.277;785441;9819;12567056;12567056;1736.034;1736.034;3016.103;3209.331;3016.103;2.784;2.161;7.239;2.217;12.184;12.184;99.997;82.265;1559;0;1559;49763;0
140;1;1;1;0;0.000;1812.169362;1812.171705;33.502;786857;9836;12589712;12589712;1474.378;1474.378;3021.540;3215.103;3021.540;2.771;2.343;8.539;2.611;13.653;13.653;99.999;82.840;2300;0;2300;72800;0
141;1;1;1;0;0.000;1812.202909;1812.205231;33.526;786209;9828;12579344;12579344;1559.357;1559.357;3019.052;3212.458;3019.052;2.983;2.322;8.067;2.382;13.372;13.372;99.999;82.634;1512;0;1512;48384;0
142;1;1;1;0;0.000;1812.236492;1812.238756;33.525;785895;9824;12574320;12574320;1639.440;1639.440;3017.846;3211.173;3017.846;3.233;2.264;7.670;2.287;13.167;13.167;99.999;82.805;1590;0;1590;50880;0
143;1;1;1;0;0.000;1812.269361;1812.271491;32.735;783109;9789;12529744;12529744;1638.135;1638.135;3007.148;3199.786;3007.148;2.770;2.130;7.649;2.292;12.549;12.549;99.999;83.026;2034;0;2034;65016;0
144;1;1;1;0;0.000;1812.302716;1812.304851;33.360;783994;9800;12543904;12543904;1737.773;1737.773;3010.547;3203.401;3010.547;2.792;2.135;7.218;2.233;12.145;12.145;100.000;82.418;1603;0;1603;50240;0
145;1;1;1;0;0.000;1812.336110;1812.338263;33.412;785959;9825;12575344;12575344;1584.402;1584.402;3018.092;3211.439;3018.092;2.853;2.153;7.937;2.350;12.942;12.943;99.997;83.366;2091;0;2091;65641;0
146;1;1;1;0;0.000;1812.369480;1812.371746;33.483;789030;9863;12624480;12624480;1601.958;1601.958;3029.885;3223.979;3029.885;2.889;2.266;7.881;2.407;13.036;13.036;99.999;82.617;1559;0;1559;48813;0
147;1;1;1;0;0.000;1812.402810;1812.405120;33.374;794594;9933;12713504;12713504;1529.449;1529.449;3051.251;3246.722;3051.251;2.886;2.310;8.312;2.410;13.508;13.508;99.994;82.897;1649;0;1649;51818;0
148;1;1;1;0;0.000;1812.436420;1812.438777;33.657;797998;9975;12767968;12767968;1440.139;1440.139;3064.322;3260.620;3064.322;3.162;2.356;8.866;2.632;14.384;14.385;99.994;83.614;2485;0;2485;79106;0
149;1;1;1;0;0.000;1812.470089;1812.472407;33.630;798639;9983;12778224;12778224;1630.701;1630.701;3066.783;3263.239;3066.783;3.498;2.318;7.836;2.353;13.651;13.652;100.000;83.022;1785;0;1785;57093;0
150;1;1;1;0;0.000;1812.502907;1812.505082;32.675;796693;9959;12747088;12747088;1620.539;1620.539;3059.311;3255.294;3059.311;2.933;2.174;7.866;2.361;12.974;12.974;99.995;83.236;1983;0;1983;62281;0
151;1;1;1;0;0.000;1812.536208;1812.538186;33.104;794717;9934;12715472;12715472;1735.055;1735.055;3051.723;3247.214;3051.723;2.950;1.977;7.329;2.265;12.256;12.257;99.993;83.862;1623;0;1623;51144;0
152;1;1;1;0;0.000;1812.569469;1812.571670;33.484;792861;9911;12685776;12685776;1514.459;1514.459;3044.596;3239.635;3044.596;2.878;2.201;8.376;2.523;13.455;13.455;99.998;83.644;2293;0;2293;73034;0
153;1;1;1;0;0.000;1812.603266;1812.605490;33.820;792789;9910;12684624;12684624;1669.856;1669.856;3044.319;3239.339;3044.319;3.342;2.224;7.596;2.327;13.162;13.162;100.000;83.105;1545;0;1545;49030;0
154;1;1;1;0;0.000;1812.636136;1812.638267;32.777;792309;9904;12676944;12676944;1785.899;1785.899;3042.476;3237.377;3042.476;2.878;2.131;7.098;2.170;12.107;12.107;99.995;82.396;1603;0;1603;50800;0
155;1;1;1;0;0.000;1812.669489;1812.671724;33.457;791925;9900;12670800;12670800;1579.693;1579.693;3041.002;3235.824;3041.002;2.898;2.235;8.021;2.483;13.154;13.155;99.998;83.006;2146;0;2146;67752;0
156;1;1;1;0;0.000;1812.702811;1812.705063;33.338;793795;9923;12700720;12700720;1622.366;1622.366;3048.182;3243.457;3048.182;2.887;2.252;7.829;2.361;12.967;12.967;99.997;82.634;1696;0;1696;53141;0
157;1;1;1;0;0.000;1812.736149;1812.738339;33.276;793460;9919;12695360;12695360;1572.480;1572.480;3046.896;3242.092;3046.896;2.892;2.190;8.073;2.436;13.155;13.155;99.999;83.354;2142;0;2142;68516;0
158;1;1;1;0;0.000;1812.769521;1812.771858;33.519;795527;9945;12728432;12728432;1580.522;1580.522;3054.833;3250.541;3054.833;2.930;2.337;8.053;2.403;13.320;13.320;99.999;82.452;1640;0;1640;52263;0
159;1;1;1;0;0.000;1812.803125;1812.805496;33.638;798776;9985;12780416;12780416;1389.893;1389.893;3067.309;3263.805;3067.309;3.199;2.371;9.195;2.712;14.766;14.766;99.998;83.940;2327;0;2327;72542;0
160;1;1;1;0;0.000;1812.836091;1812.838332;32.836;799362;9993;12789792;12789792;1601.810;1601.810;3069.560;3266.212;3069.560;2.833;2.241;7.985;2.386;13.059;13.059;99.999;82.841;1690;0;1690;53183;0
161;1;1;1;0;0.000;1812.869467;1812.871664;33.332;789777;9873;12636432;12636432;1656.573;1656.573;3032.753;3227.044;3032.753;2.876;2.196;7.628;2.280;12.701;12.701;99.999;82.706;1686;0;1686;53277;0
162;1;1;1;0;0.000;1812.902796;1812.905064;33.400;790930;9887;12654880;12654880;1454.304;1454.304;3037.181;3231.747;3037.181;2.872;2.267;8.702;2.521;13.841;13.841;99.998;83.617;2366;0;2366;75674;0
163;1;1;1;0;0.000;1812.936625;1812.938965;33.901;793734;9922;12699744;12699744;1550.508;1550.508;3047.948;3243.204;3047.948;3.365;2.340;8.191;2.414;13.896;13.896;99.998;83.161;1570;0;1570;48860;0
164;1;1;1;0;0.000;1812.970061;1812.972388;33.423;792883;9912;12686128;12686128;1472.600;1472.600;3044.680;3239.739;3044.680;3.469;2.327;8.615;2.587;14.411;14.411;99.999;83.854;2387;0;2387;76160;0
165;1;1;1;0;0.000;1813.003419;1813.005646;33.258;791299;9892;12660784;12660784;1692.751;1692.751;3038.598;3233.263;3038.598;3.495;2.227;7.479;2.285;13.201;13.202;99.996;83.130;1621;0;1621;50416;0
166;1;1;1;0;0.000;1813.036136;1813.038297;32.652;789485;9869;12631760;12631760;1570.396;1570.396;3031.632;3225.844;3031.632;2.878;2.161;8.044;2.436;13.083;13.083;99.998;83.481;2268;0;2268;71911;0
167;1;1;1;0;0.000;1813.069433;1813.071623;33.326;789977;9875;12639632;12639632;1645.387;1645.387;3033.521;3227.852;3033.521;2.842;2.191;7.682;2.328;12.714;12.714;99.998;82.769;1438;0;1438;45639;0
168;1;1;1;0;0.000;1813.102768;1813.104894;33.270;791598;9895;12665568;12665568;1779.750;1779.750;3039.746;3234.470;3039.746;2.844;2.125;7.117;2.184;12.086;12.086;99.998;82.415;1712;0;1712;54309;0
169;1;1;1;0;0.000;1813.136125;1813.138244;33.350;795034;9938;12720544;12720544;1678.947;1678.947;3052.940;3248.510;3052.940;2.867;2.119;7.577;2.338;12.562;12.562;99.999;83.134;1988;0;1988;63154;0
170;1;1;1;0;0.000;1813.169454;1813.171658;33.414;794863;9936;12717808;12717808;1699.653;1699.653;3052.284;3247.814;3052.284;2.862;2.204;7.483;2.257;12.549;12.549;99.999;82.433;1642;0;1642;52000;0
171;1;1;1;0;0.000;1813.202808;1813.205128;33.471;794885;9937;12718160;12718160;1409.770;1409.770;3052.368;3247.919;3052.368;2.883;2.320;9.021;2.658;14.225;14.226;99.998;83.686;2210;0;2210;70090;0
172;1;1;1;0;0.000;1813.236543;1813.238795;33.667;788905;9862;12622480;12622480;1600.685;1600.685;3029.405;3223.479;3029.405;3.284;2.252;7.886;2.405;13.422;13.422;100.000;83.218;1678;0;1678;52318;0
173;1;1;1;0;0.000;1813.269462;1813.271646;32.851;787376;9843;12598016;12598016;1676.923;1676.923;3023.533;3217.234;3023.533;2.870;2.184;7.513;2.268;12.567;12.568;99.997;82.617;1609;0;1609;50942;0
174;1;1;1;0;0.000;1813.302773;1813.304972;33.326;791921;9900;12670736;12670736;1491.969;1491.969;3040.986;3235.809;3040.986;2.849;2.199;8.493;2.507;13.541;13.541;100.000;83.759;2461;0;2461;77832;0
175;1;1;1;0;0.000;1813.336326;1813.338606;33.633;785044;9814;12560704;12560704;1574.235;1574.235;3014.579;3207.708;3014.579;3.068;2.279;7.979;2.489;13.326;13.326;99.999;82.897;1531;0;1531;48602;0
176;1;1;1;0;0.000;1813.369597;1813.371936;33.331;785759;9822;12572144;12572144;1451.906;1451.906;3017.324;3210.612;3017.324;3.007;2.339;8.659;2.533;14.004;14.004;99.999;83.300;2210;0;2210;70612;0
177;1;1;1;0;0.000;1813.403174;1813.405411;33.474;782963;9788;12527408;12527408;1650.651;1650.651;3006.588;3199.206;3006.588;3.248;2.237;7.589;2.253;13.074;13.074;99.997;82.890;1484;0;1484;47396;0
178;1;1;1;0;0.000;1813.436120;1813.438257;32.847;783666;9796;12538656;12538656;1733.888;1733.888;3009.287;3202.063;3009.287;2.862;2.137;7.232;2.173;12.231;12.231;99.998;82.526;1506;0;1506;47100;0
179;1;1;1;0;0.000;1813.469449;1813.471580;33.323;786714;9834;12587424;12587424;1696.474;1696.474;3020.991;3214.515;3020.991;2.857;2.131;7.420;2.200;12.409;12.409;99.998;82.821;1353;0;1353;42130;0
180;1;1;1;0;0.000;1813.502795;1813.504952;33.372;787583;9845;12601328;12601328;1711.113;1711.113;3024.328;3218.068;3024.328;2.871;2.157;7.364;2.216;12.392;12.392;100.000;82.594;1555;0;1555;49474;0
181;1;1;1;0;0.000;1813.536115;1813.538249;33.297;793719;9922;12699504;12699504;1598.341;1598.341;3047.891;3243.146;3047.891;2.857;2.134;7.945;2.379;12.937;12.937;99.998;83.502;1994;0;1994;62278;0
182;1;1;1;0;0.000;1813.569476;1813.571639;33.390;792329;9905;12677264;12677264;1701.377;1701.377;3042.553;3237.474;3042.553;2.885;2.163;7.451;2.263;12.499;12.499;99.997;82.694;1567;0;1567;49709;0
183;1;1;1;0;0.000;1813.602822;1813.604964;33.325;801464;10019;12823424;12823424;1725.854;1725.854;3077.631;3274.796;3077.631;2.898;2.142;7.430;2.275;12.470;12.470;99.999;82.822;2163;0;2163;68201;0
184;1;1;1;0;0.000;1813.636206;1813.638365;33.401;796948;9962;12751168;12751168;1828.925;1828.925;3060.290;3256.332;3060.290;2.948;2.158;6.972;2.134;12.078;12.078;99.998;82.128;1631;0;1631;51554;0
185;1;1;1;0;0.000;1813.669925;1813.672108;33.743;802598;10033;12841568;12841568;1620.690;1620.690;3081.986;3279.426;3081.986;3.334;2.183;7.924;2.319;13.440;13.440;100.000;83.760;2182;0;2182;61724;0
186;1;1;1;0;0.000;1813.702863;1813.705009;32.901;797039;9963;12752624;12752624;1744.216;1744.216;3060.639;3256.702;3060.639;2.938;2.146;7.311;2.201;12.395;12.395;99.999;82.687;1355;0;1355;42646;0
187;1;1;1;0;0.000;1813.736089;1813.738304;33.295;797511;9969;12760176;12760176;1754.904;1754.904;3062.452;3258.632;3062.452;2.831;2.215;7.271;2.219;12.318;12.318;99.999;82.013;1573;0;1573;50231;0
188;1;1;1;0;0.000;1813.769392;1813.771638;33.334;794879;9936;12718064;12718064;1583.958;1583.958;3052.345;3247.876;3052.345;2.801;2.245;8.029;2.478;13.076;13.076;99.998;82.826;2084;0;2084;66160;0
189;1;1;1;0;0.000;1813.802725;1813.804986;33.348;793590;9920;12697440;12697440;1665.486;1665.486;3047.395;3242.611;3047.395;2.800;2.261;7.624;2.312;12.685;12.685;100.000;82.175;1686;0;1686;53952;0
190;1;1;1;0;0.000;1813.836059;1813.838278;33.292;788938;9862;12623008;12623008;1590.838;1590.838;3029.532;3223.606;3029.532;2.801;2.219;7.935;2.334;12.955;12.955;99.998;82.871;2143;0;2143;67536;0
191;1;1;1;0;0.000;1813.869362;1813.871580;33.303;784846;9811;12557536;12557536;1727.884;1727.884;3013.818;3206.889;3013.818;2.771;2.218;7.268;2.210;12.257;12.257;100.000;81.904;1456;0;1456;46176;0
192;1;1;1;0;0.000;1813.902734;1813.905054;33.474;788004;9851;12608064;12608064;1610.975;1610.975;3025.945;3219.803;3025.945;2.809;2.321;7.826;2.309;12.956;12.956;99.999;82.087;1546;0;1546;49347;0
193;1;1;1;0;0.000;1813.936083;1813.938476;33.422;795964;9950;12735424;12735424;1436.866;1436.866;3056.511;3252.318;3056.511;2.825;2.393;8.863;2.591;14.082;14.082;99.999;83.006;2427;0;2427;77598;0
194;1;1;1;0;0.000;1813.969778;1813.972234;33.758;799207;9991;12787312;12787312;1459.551;1459.551;3068.964;3265.578;3068.964;3.187;2.456;8.761;2.534;14.404;14.404;99.999;82.950;1533;0;1533;47231;0
195;1;1;1;0;0.000;1814.003394;1814.005794;33.560;799402;9993;12790432;12790432;1437.333;1437.333;3069.713;3266.366;3069.713;3.468;2.400;8.899;2.682;14.768;14.768;99.998;83.743;2363;0;2363;74604;0
196;1;1;1;0;0.000;1814.036615;1814.039092;33.298;800483;10007;12807728;12807728;1566.424;1566.424;3073.864;3270.792;3073.864;3.358;2.477;8.176;2.437;14.011;14.011;99.999;82.322;1739;0;1739;55432;0
197;1;1;1;0;0.000;1814.070053;1814.072422;33.330;798336;9980;12773376;12773376;1522.115;1522.115;3065.620;3262.017;3065.620;3.462;2.369;8.392;2.527;14.223;14.223;99.998;83.341;2275;0;2275;72692;0
198;1;1;1;0;0.000;1814.103409;1814.105671;33.249;798454;9981;12775264;12775264;1808.104;1808.104;3066.073;3262.489;3066.073;3.485;2.262;7.066;2.200;12.812;12.813;99.997;82.345;1681;0;1681;53717;0
199;1;1;1;0;0.000;1814.136398;1814.138633;32.962;800770;10010;12812320;12812320;1733.278;1733.278;3074.966;3271.954;3074.966;3.138;2.235;7.392;2.209;12.766;12.766;99.996;82.486;2023;0;2023;64568;0
200;1;1;1;0;0.000;1814.169999;1814.172292;33.659;802378;10030;12838048;12838048;1687.115;1687.115;3081.141;3278.522;3081.141;3.407;2.293;7.609;2.271;13.310;13.310;99.999;82.771;1463;0;1463;46114;0
201;1;1;1;0;0.000;1814.202928;1814.205195;32.903;805285;10067;12884560;12884560;1692.222;1692.222;3092.304;3290.413;3092.304;3.002;2.267;7.614;2.365;12.883;12.883;99.999;82.401;1775;0;1775;56267;0
202;1;1;1;0;0.000;1814.236115;1814.238344;33.149;803318;10042;12853088;12853088;1606.194;1606.194;3084.751;3282.368;3084.751;2.858;2.229;8.002;2.404;13.088;13.089;99.998;82.972;2126;0;2126;67858;0
203;1;1;1;0;0.000;1814.269521;1814.271811;33.467;802036;10026;12832576;12832576;1647.271;1647.271;3079.828;3277.130;3079.828;2.929;2.290;7.790;2.325;13.009;13.009;99.999;82.398;1798;0;1798;56480;0
204;1;1;1;0;0.000;1814.302796;1814.305044;33.233;810228;10128;12963648;12963648;1602.846;1602.846;3111.285;3310.595;3111.285;2.872;2.248;8.088;2.428;13.208;13.208;100.000;82.980;2162;0;2162;68704;0
205;1;1;1;0;0.000;1814.336225;1814.338559;33.515;808185;10103;12930960;12930960;1621.938;1621.938;3103.440;3302.257;3103.440;2.966;2.334;7.973;2.374;13.272;13.273;99.999;82.416;1785;0;1785;56805;0
206;1;1;1;0;0.000;1814.369504;1814.371875;33.316;815223;10191;13043568;13043568;1465.992;1465.992;3130.466;3331.015;3130.466;2.913;2.371;8.897;2.674;14.181;14.181;99.999;83.283;2446;0;2446;77694;0
207;1;1;1;0;0.000;1814.403408;1814.405895;34.019;799426;9993;12790816;12790816;1483.259;1483.259;3069.805;3266.458;3069.805;3.482;2.487;8.623;2.551;14.592;14.593;99.999;82.959;1493;0;1493;46787;0
208;1;1;1;0;0.000;1814.436671;1814.439109;33.214;790320;9879;12645120;12645120;1516.813;1516.813;3034.838;3229.248;3034.838;3.413;2.438;8.337;2.541;14.188;14.188;99.999;82.818;2203;0;2203;70163;0
209;1;1;1;0;0.000;1814.470103;1814.472477;33.369;795945;9950;12735120;12735120;1624.435;1624.435;3056.438;3252.245;3056.438;3.512;2.374;7.840;2.403;13.726;13.726;99.999;82.703;1555;0;1555;49714;0
210;1;1;1;0;0.000;1814.502986;1814.505234;32.757;792891;9912;12686256;12686256;1593.634;1593.634;3044.711;3239.770;3044.711;3.061;2.248;7.961;2.420;13.269;13.269;99.999;83.058;2104;0;2104;62616;0
211;1;1;1;0;0.000;1814.536121;1814.538357;33.123;797320;9967;12757120;12757120;1722.056;1722.056;3061.718;3257.859;3061.718;2.863;2.236;7.408;2.235;12.507;12.507;99.998;82.119;1388;0;1388;43889;0
212;1;1;1;0;0.000;1814.569477;1814.571714;33.357;805214;10066;12883424;12883424;1766.235;1766.235;3092.031;3290.121;3092.031;2.886;2.237;7.294;2.228;12.417;12.417;99.998;81.984;1682;0;1682;53404;0
213;1;1;1;0;0.000;1814.603211;1814.605467;33.753;797126;9965;12754016;12754016;1609.202;1609.202;3060.973;3257.075;3060.973;3.286;2.255;7.926;2.359;13.466;13.467;99.994;83.252;2165;0;2165;68577;0
214;1;1;1;0;0.000;1814.636717;1814.639011;33.544;803136;10040;12850176;12850176;1776.677;1776.677;3084.052;3281.629;3084.052;3.459;2.294;7.233;2.175;12.986;12.986;99.999;82.333;1676;0;1676;53528;0
215;1;1;1;0;0.000;1814.670134;1814.672445;33.434;809297;10117;12948752;12948752;1580.243;1580.243;3107.710;3306.803;3107.710;3.542;2.311;8.194;2.458;14.048;14.048;99.998;83.547;2119;0;2119;66161;0
216;1;1;1;0;0.000;1814.703098;1814.705396;32.951;808156;10102;12930496;12930496;1667.541;1667.541;3103.329;3302.126;3103.329;3.172;2.298;7.754;2.374;13.225;13.225;99.999;82.623;1672;0;1672;53254;0
217;1;1;1;0;0.000;1814.736159;1814.738342;32.946;810355;10130;12965680;12965680;1624.218;1624.218;3111.773;3311.122;3111.773;2.901;2.183;7.983;2.432;13.067;13.067;99.998;83.294;2100;0;2100;66724;0
218;1;1;1;0;0.000;1814.769510;1814.771699;33.357;810211;10128;12963376;12963376;1716.541;1716.541;3111.220;3310.529;3111.220;2.919;2.188;7.552;2.341;12.659;12.660;99.996;82.713;1659;0;1659;52576;0
219;1;1;1;0;0.000;1814.802789;1814.805019;33.321;808645;10109;12938320;12938320;1527.393;1527.393;3105.206;3304.142;3105.206;2.864;2.230;8.471;2.574;13.565;13.566;99.999;83.559;2258;0;2258;72184;0
220;1;1;1;0;0.000;1814.836149;1814.838372;33.353;810783;10135;12972528;12972528;1649.380;1649.380;3113.416;3312.864;3113.416;2.892;2.223;7.865;2.402;12.980;12.980;100.000;82.875;1742;0;1742;55501;0
221;1;1;1;0;0.000;1814.869493;1814.871701;33.329;807088;10089;12913408;12913408;1553.119;1553.119;3099.228;3297.769;3099.228;2.902;2.208;8.315;2.559;13.424;13.424;99.997;83.552;2221;0;2221;70175;0
222;1;1;1;0;0.000;1814.902788;1814.905007;33.306;809369;10118;12949904;12949904;1645.085;1645.085;3107.987;3307.099;3107.987;2.863;2.219;7.872;2.423;12.954;12.954;99.999;82.867;1682;0;1682;52836;0
223;1;1;1;0;0.000;1814.936100;1814.938250;33.243;795354;9942;12725664;12725664;1582.228;1582.228;3054.169;3249.818;3054.169;2.842;2.150;8.043;2.478;13.035;13.035;99.998;83.503;1931;0;1931;61542;0
224;1;1;1;0;0.000;1814.969426;1814.971570;33.320;795455;9944;12727280;12727280;1716.854;1716.854;3054.557;3250.245;3054.557;2.835;2.144;7.413;2.212;12.392;12.392;100.000;82.699;1292;0;1292;41136;0
225;1;1;1;0;0.000;1815.002739;1815.004951;33.382;795720;9947;12731520;12731520;1652.273;1652.273;3055.574;3251.322;3055.574;2.815;2.212;7.705;2.353;12.732;12.732;99.997;82.626;1524;0;1524;48643;0
226;1;1;1;0;0.000;1815.036105;1815.038319;33.367;798723;9985;12779568;12779568;1497.722;1497.722;3067.106;3263.601;3067.106;2.846;2.214;8.533;2.490;13.593;13.594;99.999;83.710;2279;0;2279;71068;0
227;1;1;1;0;0.000;1815.069833;1815.072201;33.882;807441;10094;12919056;12919056;1534.415;1534.415;3100.583;3299.223;3100.583;3.242;2.367;8.420;2.541;14.028;14.029;99.993;83.123;1741;0;1741;54704;0
228;1;1;1;0;0.000;1815.103374;1815.105623;33.422;803316;10042;12853056;12853056;1619.722;1619.722;3084.743;3282.360;3084.743;3.449;2.249;7.935;2.416;13.634;13.634;99.997;83.502;2148;0;2148;68568;0
229;1;1;1;0;0.000;1815.136409;1815.138603;32.980;809074;10114;12945184;12945184;1767.036;1767.036;3106.854;3305.888;3106.854;3.149;2.194;7.326;2.149;12.669;12.669;99.998;82.680;1558;0;1558;48746;0
230;1;1;1;0;0.000;1815.170038;1815.172413;33.810;808265;10104;12932240;12932240;1486.999;1486.999;3103.747;3302.584;3103.747;3.446;2.375;8.697;2.668;14.518;14.518;99.999;83.640;2413;0;2413;77016;0
231;1;1;1;0;0.000;1815.203287;1815.205636;33.223;818848;10236;13101568;13101568;1618.538;1618.538;3144.386;3345.821;3144.386;3.362;2.350;8.095;2.440;13.807;13.807;99.998;82.980;1780;0;1780;56880;0
232;1;1;1;0;0.000;1815.236592;1815.238917;33.281;820617;10258;13129872;13129872;1468.997;1468.997;3151.179;3353.047;3151.179;3.333;2.325;8.938;2.613;14.597;14.597;99.998;84.068;2240;0;2240;71316;0
233;1;1;1;0;0.000;1815.270045;1815.272436;33.519;814146;10177;13026336;13026336;1554.260;1554.260;3126.330;3326.604;3126.330;3.454;2.392;8.381;2.508;14.227;14.227;99.998;83.187;1739;0;1739;53447;0
234;1;1;1;0;0.000;1815.303422;1815.305802;33.366;814852;10186;13037632;13037632;1448.551;1448.551;3129.041;3329.492;3129.041;3.498;2.380;9.000;2.683;14.878;14.879;99.996;84.002;2311;0;2311;72280;0
235;1;1;1;0;0.000;1815.336017;1815.338240;32.438;815725;10197;13051600;13051600;1682.417;1682.417;3132.394;3333.061;3132.394;2.759;2.223;7.758;2.399;12.740;12.740;99.999;82.546;1639;0;1639;52107;0
236;1;1;1;0;0.000;1815.369501;1815.371793;33.553;816078;10201;13057248;13057248;1486.388;1486.388;3133.749;3334.495;3133.749;2.910;2.292;8.785;2.605;13.987;13.987;99.998;83.611;2154;0;2154;68928;0
237;1;1;1;0;0.000;1815.403408;1815.405816;34.023;810868;10136;12973888;12973888;1522.483;1522.483;3113.743;3313.210;3113.743;3.482;2.408;8.522;2.490;14.412;14.412;99.998;83.288;1369;0;1369;43448;0
238;1;1;1;0;0.000;1815.436727;1815.438954;33.138;801907;10024;12830512;12830512;1504.710;1504.710;3079.332;3276.595;3079.332;3.470;2.226;8.527;2.517;14.223;14.224;99.998;84.346;1994;0;1994;62944;0
239;1;1;1;0;0.000;1815.469956;1815.472185;33.231;799196;9990;12787136;12787136;1665.834;1665.834;3068.922;3265.516;3068.922;3.365;2.229;7.676;2.269;13.270;13.270;99.998;83.201;1548;0;1548;48236;0
240;1;1;1;0;0.000;1815.502803;1815.504964;32.779;799621;9996;12793936;12793936;1745.737;1745.737;3070.554;3267.266;3070.554;2.878;2.162;7.329;2.231;12.368;12.368;100.000;82.524;1598;0;1598;50476;0
241;1;1;1;0;0.000;1815.536162;1815.538345;33.381;808174;10103;12930784;12930784;1592.134;1592.134;3103.398;3302.215;3103.398;2.905;2.183;8.122;2.430;13.209;13.209;99.999;83.475;2039;0;2039;64996;0
242;1;1;1;0;0.000;1815.569478;1815.571673;33.328;810609;10133;12969744;12969744;1699.137;1699.137;3112.748;3312.156;3112.748;2.887;2.194;7.633;2.335;12.715;12.715;99.997;82.739;1578;0;1578;50155;0
243;1;1;1;0;0.000;1815.602823;1815.605005;33.332;809086;10114;12945376;12945376;1745.635;1745.635;3106.900;3305.934;3106.900;2.898;2.182;7.416;2.229;12.496;12.496;100.000;82.537;2058;0;2058;64716;0
244;1;1;1;0;0.000;1815.636277;1815.638451;33.446;804105;10052;12865680;12865680;1821.026;1821.026;3087.773;3285.587;3087.773;3.018;2.174;7.065;2.122;12.256;12.257;99.998;82.263;1597;0;1597;50124;0
245;1;1;1;0;0.000;1815.670116;1815.672341;33.890;810243;10129;12963888;12963888;1690.193;1690.193;3111.343;3310.672;3111.343;3.525;2.225;7.670;2.269;13.420;13.420;99.997;83.420;1840;0;1840;58460;0
246;1;1;1;0;0.000;1815.703334;1815.705539;33.198;808451;10106;12935216;12935216;1824.339;1824.339;3104.461;3303.338;3104.461;3.408;2.204;7.090;2.173;12.703;12.703;99.999;82.646;1562;0;1562;49834;0
247;1;1;1;0;0.000;1815.736851;1815.739117;33.578;818595;10233;13097520;13097520;1726.195;1726.195;3143.414;3344.790;3143.414;3.593;2.266;7.588;2.261;13.447;13.447;100.000;83.148;1971;0;1971;62897;0
248;1;1;1;0;0.000;1815.770213;1815.772457;33.340;813416;10168;13014656;13014656;1720.455;1720.455;3123.527;3323.624;3123.527;3.621;2.244;7.565;2.268;13.430;13.430;100.000;83.288;1502;0;1502;47832;0
249;1;1;1;0;0.000;1815.803126;1815.805351;32.894;816251;10204;13060016;13060016;1660.007;1660.007;3134.413;3335.219;3134.413;3.200;2.225;7.867;2.323;13.293;13.293;100.000;83.260;1896;0;1896;60576;0
250;1;1;1;0;0.000;1815.836416;1815.838637;33.286;820584;10258;13129344;13129344;1672.272;1672.272;3151.052;3352.920;3151.052;3.157;2.221;7.851;2.400;13.230;13.230;99.999;83.211;1635;0;1635;51732;0
251;1;1;1;0;0.000;1815.869587;1815.871797;33.160;817535;10220;13080560;13080560;1611.216;1611.216;3139.344;3340.464;3139.344;2.995;2.209;8.118;2.559;13.322;13.323;99.995;83.415;2005;0;2005;63340;0
252;1;1;1;0;0.000;1815.903070;1815.905318;33.521;812707;10159;13003312;13003312;1653.163;1653.163;3120.804;3320.724;3120.804;3.144;2.248;7.866;2.372;13.258;13.259;99.998;83.040;1606;0;1606;50882;0
253;1;1;1;0;0.000;1815.936163;1815.938359;33.040;811017;10138;12976272;12976272;1614.326;1614.326;3114.315;3313.821;3114.315;2.905;2.195;8.038;2.467;13.139;13.139;99.998;83.289;1927;0;1927;61436;0
254;1;1;1;0;0.000;1815.969647;1815.971875;33.517;812416;10156;12998656;12998656;1684.156;1684.156;3119.687;3319.548;3119.687;3.056;2.228;7.718;2.424;13.002;13.002;99.998;82.863;1593;0;1593;50296;0
255;1;1;1;0;0.000;1816.002843;1816.005043;33.168;815874;10199;13053984;13053984;1616.656;1616.656;3132.966;3333.672;3132.966;2.918;2.199;8.075;2.494;13.192;13.193;99.997;83.327;1923;0;1923;61275;0
256;1;1;1;0;0.000;1816.036361;1816.038561;33.518;811813;10148;12989008;12989008;1718.830;1718.830;3117.372;3317.075;3117.372;3.103;2.199;7.557;2.279;12.859;12.860;99.997;82.897;1522;0;1522;47052;0
257;1;1;1;0;0.000;1816.069495;1816.071685;33.124;809323;10117;12949168;12949168;1636.944;1636.944;3107.810;3306.903;3107.810;2.904;2.190;7.911;2.379;13.004;13.004;99.996;83.158;1938;0;1938;60585;0
258;1;1;1;0;0.000;1816.102941;1816.105121;33.436;806066;10076;12897056;12897056;1780.062;1780.062;3095.303;3293.589;3095.303;3.017;2.180;7.245;2.220;12.442;12.442;99.997;82.476;1618;0;1618;51672;0
259;1;1;1;0;0.000;1816.136261;1816.138444;33.323;803994;10050;12863904;12863904;1744.892;1744.892;3087.347;3285.121;3087.347;3.002;2.183;7.372;2.206;12.557;12.557;99.998;82.614;1807;0;1807;56804;0
260;1;1;1;0;0.000;1816.169881;1816.172114;33.670;804675;10059;12874800;12874800;1684.903;1684.903;3089.962;3287.913;3089.962;3.289;2.233;7.641;2.295;13.163;13.163;100.000;83.038;1526;0;1526;48076;0
261;1;1;1;0;0.000;1816.202814;1816.205146;33.032;803023;10038;12848368;12848368;1421.868;1421.868;3083.618;3281.156;3083.618;2.889;2.332;9.036;2.648;14.257;14.257;99.999;83.641;2140;0;2140;68180;0
262;1;1;1;0;0.000;1816.236630;1816.239018;33.872;804900;10062;12878400;12878400;1452.327;1452.327;3090.826;3288.836;3090.826;3.371;2.388;8.867;2.656;14.627;14.627;99.998;83.670;1661;0;1661;52054;0
263;1;1;1;0;0.000;1816.270073;1816.272500;33.482;801032;10013;12816512;12816512;1469.539;1469.539;3075.972;3273.019;3075.972;3.482;2.428;8.721;2.548;14.631;14.631;99.996;83.404;1321;0;1321;42194;0
264;1;1;1;0;0.000;1816.303355;1816.305643;33.143;793638;9921;12698208;12698208;1464.512;1464.512;3047.580;3242.815;3047.580;3.431;2.288;8.671;2.694;14.389;14.389;99.998;84.100;2255;0;2255;70734;0
265;1;1;1;0;0.000;1816.336679;1816.338971;33.327;801156;10015;12818496;12818496;1627.237;1627.237;3076.449;3273.534;3076.449;3.420;2.292;7.877;2.384;13.589;13.590;99.999;83.133;1597;0;1597;51079;0
266;1;1;1;0;0.000;1816.369528;1816.371700;32.729;804749;10060;12875984;12875984;1627.082;1627.082;3090.246;3288.217;3090.246;2.937;2.172;7.914;2.362;13.022;13.022;99.999;83.321;1892;0;1892;59864;0
267;1;1;1;0;0.000;1816.402893;1816.405094;33.394;805449;10069;12887184;12887184;1678.385;1678.385;3092.934;3291.082;3092.934;2.968;2.200;7.678;2.361;12.846;12.847;99.994;82.868;1491;0;1491;47382;0
268;1;1;1;0;0.000;1816.436133;1816.438302;33.208;805329;10067;12885264;12885264;1618.817;1618.817;3092.473;3290.582;3092.473;2.875;2.169;7.960;2.389;13.004;13.004;99.997;83.317;1913;0;1913;60826;0
269;1;1;1;0;0.000;1816.469500;1816.471722;33.421;805419;10068;12886704;12886704;1716.433;1716.433;3092.819;3290.947;3092.819;2.908;2.222;7.508;2.309;12.638;12.639;99.997;82.413;1532;0;1532;48652;0
270;1;1;1;0;0.000;1816.502808;1816.505036;33.314;804474;10056;12871584;12871584;1520.812;1520.812;3089.190;3287.082;3089.190;2.883;2.228;8.464;2.509;13.575;13.575;99.998;83.584;2102;0;2102;66496;0
271;1;1;1;0;0.000;1816.536682;1816.538958;33.922;796101;9952;12737616;12737616;1635.251;1635.251;3057.037;3252.883;3057.037;3.423;2.276;7.789;2.415;13.489;13.489;99.997;83.123;1453;0;1453;46496;0
272;1;1;1;0;0.000;1816.569659;1816.571880;32.922;805073;10064;12881168;12881168;1546.206;1546.206;3091.490;3289.540;3091.490;3.068;2.220;8.331;2.392;13.619;13.619;99.999;83.695;2187;0;2187;59872;0
273;1;1;1;0;0.000;1816.602848;1816.605005;33.125;797204;9966;12755264;12755264;1796.963;1796.963;3061.273;3257.394;3061.273;2.923;2.157;7.098;2.182;12.178;12.178;99.997;82.287;1382;0;1382;43612;0
274;1;1;1;0;0.000;1816.636218;1816.638393;33.388;805139;10065;12882224;12882224;1822.614;1822.614;3091.743;3289.813;3091.743;2.959;2.175;7.068;2.190;12.202;12.202;99.999;82.174;1560;0;1560;49440;0
275;1;1;1;0;0.000;1816.670087;1816.672255;33.862;808073;10101;12929168;12929168;1599.921;1599.921;3103.010;3301.788;3103.010;3.495;2.168;8.081;2.400;13.745;13.745;99.998;84.223;1802;0;1802;57334;0
276;1;1;1;0;0.000;1816.703278;1816.705504;33.248;813584;10170;13017344;13017344;1686.566;1686.566;3124.172;3324.308;3124.172;3.353;2.225;7.718;2.385;13.296;13.297;99.993;83.260;1587;0;1587;50652;0
277;1;1;1;0;0.000;1816.736283;1816.738475;32.971;812306;10154;12996896;12996896;1594.248;1594.248;3119.265;3319.086;3119.265;3.025;2.191;8.152;2.507;13.369;13.369;99.999;83.608;1961;0;1961;62048;0
278;1;1;1;0;0.000;1816.769661;1816.771879;33.405;817500;10219;13080000;13080000;1703.851;1703.851;3139.210;3340.310;3139.210;3.070;2.218;7.677;2.439;12.965;12.965;99.998;82.892;1665;0;1665;52587;0
279;1;1;1;0;0.000;1816.802873;1816.805140;33.261;824803;10311;13196848;13196848;1536.078;1536.078;3167.253;3370.164;3167.253;2.949;2.268;8.591;2.612;13.807;13.807;100.000;83.577;2198;0;2198;69361;0
280;1;1;1;0;0.000;1816.836442;1816.838682;33.541;813944;10175;13023104;13023104;1659.643;1659.643;3125.555;3325.789;3125.555;3.180;2.240;7.847;2.392;13.267;13.267;99.999;83.118;1630;0;1630;52139;0
281;1;1;1;0;0.000;1816.869553;1816.871751;33.070;815307;10192;13044912;13044912;1583.395;1583.395;3130.788;3331.357;3130.788;2.961;2.197;8.239;2.501;13.397;13.397;99.997;83.595;2154;0;2154;68416;0
282;1;1;1;0;0.000;1816.902889;1816.905092;33.341;816329;10205;13061264;13061264;1701.760;1701.760;3134.713;3335.538;3134.713;2.965;2.202;7.675;2.320;12.842;12.842;100.000;82.851;1643;0;1643;52498;0
283;1;1;1;0;0.000;1816.936200;1816.938393;33.301;813249;10166;13011984;13011984;1596.459;1596.459;3122.886;3322.943;3122.886;2.941;2.193;8.151;2.410;13.284;13.285;99.998;83.493;1967;0;1967;62634;0
284;1;1;1;0;0.000;1816.969558;1816.971746;33.354;809333;10117;12949328;12949328;1698.531;1698.531;3107.848;3306.941;3107.848;2.966;2.188;7.624;2.292;12.778;12.778;99.998;82.877;1689;0;1689;52995;0
285;1;1;1;0;0.000;1817.002847;1817.005107;33.361;815482;10194;13047712;13047712;1517.181;1517.181;3131.460;3332.069;3131.460;2.921;2.260;8.600;2.631;13.781;13.781;99.999;83.600;2291;0;2291;72822;0
286;1;1;1;0;0.000;1817.036785;1817.039127;34.020;814633;10183;13034128;13034128;1568.320;1568.320;3128.200;3328.592;3128.200;3.526;2.342;8.311;2.475;14.180;14.180;99.997;83.479;1681;0;1681;52867;0
287;1;1;1;0;0.000;1817.070066;1817.072367;33.240;814941;10187;13039056;13039056;1533.762;1533.762;3129.383;3329.854;3129.383;3.475;2.301;8.501;2.477;14.277;14.278;99.997;83.883;2235;0;2235;70575;0
288;1;1;1;0;0.000;1817.103406;1817.105699;33.332;818847;10236;13101552;13101552;1704.195;1704.195;3144.382;3345.817;3144.382;3.482;2.293;7.688;2.396;13.463;13.463;99.999;82.968;1803;0;1803;57604;0
289;1;1;1;0;0.000;1817.136456;1817.138712;33.013;824052;10301;13184832;13184832;1652.382;1652.382;3164.369;3367.083;3164.369;3.196;2.256;7.979;2.354;13.432;13.432;99.998;83.201;2050;0;2050;65519;0
290;1;1;1;0;0.000;1817.169877;1817.172138;33.426;835458;10444;13367328;13367328;1673.207;1673.207;3208.168;3413.697;3208.168;3.285;2.261;7.989;2.405;13.535;13.535;99.996;83.294;1766;0;1766;55452;0
291;1;1;1;0;0.000;1817.203190;1817.205406;33.267;819605;10246;13113680;13113680;1613.640;1613.640;3147.293;3348.924;3147.293;3.265;2.216;8.127;2.399;13.608;13.608;99.999;83.718;2067;0;2067;65130;0
292;1;1;1;0;0.000;1817.236652;1817.238896;33.490;827799;10348;13244784;13244784;1689.380;1689.380;3178.758;3382.397;3178.758;3.393;2.243;7.840;2.335;13.476;13.477;99.997;83.354;1751;0;1751;55432;0
293;1;1;1;0;0.000;1817.269864;1817.272120;33.225;830771;10385;13292336;13292336;1619.006;1619.006;3190.170;3394.537;3190.170;3.272;2.256;8.210;2.486;13.738;13.738;99.998;83.578;2088;0;2088;66306;0
294;1;1;1;0;0.000;1817.303305;1817.305600;33.480;835004;10438;13360064;13360064;1710.568;1710.568;3206.425;3411.835;3206.425;3.381;2.294;7.810;2.386;13.485;13.486;99.995;82.984;1681;0;1681;53350;0
295;1;1;1;0;0.000;1817.336578;1817.338783;33.183;814967;10188;13039472;13039472;1585.927;1585.927;3129.483;3329.973;3129.483;3.318;2.205;8.222;2.455;13.745;13.745;99.999;83.958;2162;0;2162;68544;0
296;1;1;1;0;0.000;1817.369837;1817.372055;33.273;818656;10234;13098496;13098496;1712.996;1712.996;3143.649;3345.044;3143.649;3.245;2.218;7.647;2.409;13.110;13.110;99.999;83.080;1666;0;1666;53174;0
297;1;1;1;0;0.000;1817.402991;1817.405241;33.185;819807;10248;13116912;13116912;1539.402;1539.402;3148.068;3349.740;3148.068;3.064;2.250;8.521;2.644;13.834;13.835;99.994;83.735;2240;0;2240;70696;0
298;1;1;1;0;0.000;1817.436409;1817.438662;33.422;814766;10185;13036256;13036256;1652.644;1652.644;3128.711;3329.142;3128.711;3.150;2.252;7.888;2.465;13.290;13.292;99.992;83.046;1681;0;1681;52688;0
299;1;1;1;0;0.000;1817.469485;1817.471677;33.015;809259;10116;12948144;12948144;1567.962;1567.962;3107.564;3306.637;3107.564;2.893;2.193;8.258;2.515;13.344;13.344;99.999;83.566;2116;0;2116;66144;0
300;1;1;1;0;0.000;1817.502890;1817.505085;33.407;812212;10153;12995392;12995392;1742.760;1742.760;3118.904;3318.705;3118.904;2.963;2.195;7.457;2.192;12.615;12.616;99.998;82.598;1554;0;1554;48900;0
