frame_id;rx_complete;tx_complete;current_skip;camera_send_timestamp;recv_start_timestamp;node_exit_timestamp;original_points;rx_points;tx_points;rx_packets;tx_packets;payload_bytes;reference_size_bytes;data_integrity_pct;internal_throughput_mbs;reference_throughput_mbs;logical_bitrate_mbps;network_bitrate_mbps;reference_bitrate_mbps;tx_duration_ms;active_tx_ms;active_process_ms;geometry_aggregation_ms;max_r_ms;cycle_ms;header_wait_ms;total_residency_ms;node_efficiency_pct;cycle_occupancy_pct;camera_node_ms;schedule_delay_ms;inter_arrival_ms;instant_jitter_ms;desynced_jitter_ms;eth_errors;ipv4_errors;udp_errors;nsh_errors;tx_zero_accepts;tx_partial_accepts;tx_resubmit_calls;tx_resubmitted_packets
1;1;1;1;1118.683294;1118.685470;1118.691475;784142;784142;784142;9802;9802;12546272;12546312;100.000;2089.717;2089.717;3011.115;3382.797;3011.115;6.002;0.715;0.966;0.000;0.000;6.005;0.000;6.005;16.086;100.000;2.176;6.005;0.000;0.000;0.000;0;0;0;0;0;0;0;0
2;1;1;1;1118.715740;1118.718426;1118.726718;783406;783406;783406;9793;9793;12534496;12534536;100.000;1511.684;1511.684;3008.289;3379.630;3008.289;8.289;1.388;1.607;0.000;0.000;35.243;26.951;8.292;19.381;23.528;2.686;7.915;32.956;0.377;0.024;0;0;0;0;0;0;0;0
3;1;1;1;1118.749851;1118.752519;1118.759746;780200;780200;780200;9753;9753;12483200;12483240;100.000;1727.551;1727.551;2995.978;3365.802;2995.978;7.224;1.070;1.313;0.000;0.000;33.028;25.801;7.227;18.166;21.881;2.669;7.610;34.094;0.760;0.070;0;0;0;0;0;0;0;0
4;1;1;1;1118.784325;1118.787938;1118.795964;778467;778467;778467;9731;9731;12455472;12455512;100.000;1552.211;1552.211;2989.323;3358.313;2989.323;8.021;1.605;1.849;0.000;0.000;36.217;28.192;8.025;23.045;22.159;3.613;10.494;35.419;2.086;0.196;0;0;0;0;0;0;0;0
5;1;1;1;1118.817751;1118.820987;1118.828139;776427;776427;776427;9706;9706;12422832;12422872;100.000;1737.129;1737.129;2981.489;3349.531;2981.489;7.149;1.340;1.599;0.000;0.000;32.176;25.023;7.153;22.350;22.230;3.236;9.336;33.048;0.285;0.201;0;0;0;0;0;0;0;0
6;1;1;1;1118.850667;1118.853398;1118.860425;774893;774893;774893;9687;9687;12398288;12398328;100.000;1764.640;1764.640;2975.599;3342.920;2975.599;7.023;1.224;1.455;0.000;0.000;32.286;25.259;7.027;20.706;21.764;2.731;8.288;32.412;0.922;0.246;0;0;0;0;0;0;0;0
7;1;1;1;1118.883915;1118.886814;1118.894391;775949;775949;775949;9700;9700;12415184;12415224;100.000;1638.580;1638.580;2979.654;3347.468;2979.654;7.574;1.209;1.462;0.000;0.000;33.966;26.388;7.577;19.299;22.309;2.898;8.921;33.415;0.082;0.236;0;0;0;0;0;0;0;0
8;1;1;1;1118.917198;1118.920632;1118.928283;775463;775463;775463;9694;9694;12407408;12407448;100.000;1622.320;1622.320;2977.788;3345.374;2977.788;7.635;1.532;1.799;0.000;0.000;33.893;26.242;7.651;23.512;22.575;3.434;9.480;33.819;0.486;0.252;0;0;0;0;0;0;0;0
9;1;1;1;1118.950825;1118.954706;1118.963597;775698;775698;775698;9697;9697;12411168;12411208;100.000;1395.981;1395.981;2978.690;3346.391;2978.690;8.887;1.620;1.856;0.000;0.000;35.314;26.423;8.891;20.878;25.177;3.881;11.461;34.074;0.740;0.282;0;0;0;0;0;0;0;0
10;1;1;1;1118.985039;1118.988462;1118.997511;778020;778020;778020;9726;9726;12448320;12448360;100.000;1376.620;1376.620;2987.606;3356.407;2987.606;9.044;1.713;1.966;0.000;0.000;33.914;24.865;9.048;21.729;26.680;3.424;12.041;33.756;0.423;0.291;0;0;0;0;0;0;0;0
11;1;1;1;1119.019052;1119.022394;1119.031213;778554;778554;778554;9732;9732;12456864;12456904;100.000;1412.586;1412.586;2989.657;3358.685;2989.657;8.815;1.520;1.770;0.000;0.000;33.702;24.883;8.819;20.073;26.168;3.342;12.410;33.931;0.598;0.310;0;0;0;0;0;0;0;0
12;1;1;1;1119.051458;1119.055336;1119.064283;779986;779986;779986;9750;9750;12479776;12479816;100.000;1395.584;1395.584;2995.156;3364.866;2995.156;8.943;1.639;1.883;0.000;0.000;33.070;24.123;8.947;21.047;27.055;3.877;12.146;32.942;0.392;0.315;0;0;0;0;0;0;0;0
13;1;1;1;1119.085821;1119.089316;1119.098293;780926;780926;780926;9762;9762;12494816;12494856;100.000;1391.874;1391.874;2998.765;3368.931;2998.765;8.975;1.663;1.916;0.000;0.000;34.011;25.033;8.978;21.346;26.397;3.495;12.823;33.980;0.647;0.336;0;0;0;0;0;0;0;0
14;1;1;1;1119.119864;1119.123357;1119.132026;782770;782770;782770;9785;9785;12524320;12524360;100.000;1445.178;1445.178;3005.846;3376.884;3005.846;8.665;1.543;1.789;0.000;0.000;33.733;25.063;8.669;20.637;25.700;3.493;13.223;34.041;0.708;0.359;0;0;0;0;0;0;0;0
15;1;1;1;1119.151528;1119.155166;1119.163779;784474;784474;784474;9806;9806;12551584;12551624;100.000;1457.847;1457.847;3012.390;3384.224;3012.390;8.609;1.611;1.864;0.000;0.000;31.752;23.140;8.612;21.641;27.124;3.638;11.642;31.809;1.524;0.432;0;0;0;0;0;0;0;0
16;1;1;1;1119.186668;1119.190034;1119.198634;785193;785193;785193;9815;9815;12563088;12563128;100.000;1461.685;1461.685;3015.151;3387.326;3015.151;8.596;1.514;1.762;0.000;0.000;34.855;26.256;8.600;20.491;24.672;3.366;13.164;34.868;1.535;0.501;0;0;0;0;0;0;0;0
17;1;1;1;1119.220202;1119.223793;1119.232245;782720;782720;782720;9784;9784;12523520;12523560;100.000;1482.357;1482.357;3005.654;3376.654;3005.654;8.449;1.636;1.901;0.000;0.000;33.611;25.159;8.452;22.496;25.146;3.591;13.442;33.759;0.426;0.496;0;0;0;0;0;0;0;0
18;1;1;1;1119.250477;1119.254160;1119.262502;781613;781613;781613;9771;9771;12505808;12505848;100.000;1499.571;1499.571;3001.404;3371.910;3001.404;8.338;1.571;1.842;0.000;0.000;30.257;21.915;8.342;22.078;27.571;3.683;10.366;30.367;2.966;0.651;0;0;0;0;0;0;0;0
19;1;1;1;1119.286262;1119.289717;1119.298141;780006;780006;780006;9751;9751;12480096;12480136;100.000;1482.103;1482.103;2995.233;3364.981;2995.233;8.421;1.540;1.793;0.000;0.000;35.639;27.214;8.425;21.279;23.639;3.454;12.671;35.556;2.223;0.749;0;0;0;0;0;0;0;0
20;1;1;1;1119.319300;1119.322907;1119.331663;780302;780302;780302;9754;9754;12484832;12484872;100.000;1426.540;1426.540;2996.369;3366.231;2996.369;8.753;1.545;1.797;0.000;0.000;33.522;24.765;8.757;20.523;26.122;3.606;12.860;33.190;0.143;0.711;0;0;0;0;0;0;0;0
21;1;1;1;1119.351166;1119.354460;1119.364094;779066;779066;779066;9739;9739;12465056;12465096;100.000;1294.133;1294.133;2991.623;3360.916;2991.623;9.630;1.747;1.987;0.000;0.000;32.430;22.796;9.634;20.630;29.706;3.293;11.957;31.553;1.780;0.778;0;0;0;0;0;0;0;0
22;1;1;1;1119.386196;1119.389900;1119.398851;778280;778280;778280;9729;9729;12452480;12452520;100.000;1391.325;1391.325;2988.605;3357.519;2988.605;8.947;1.608;1.857;0.000;0.000;34.757;25.807;8.951;20.751;25.751;3.704;13.381;35.441;2.107;0.861;0;0;0;0;0;0;0;0
23;1;1;1;1119.419128;1119.422582;1119.431933;778907;778907;778907;9737;9737;12462512;12462552;100.000;1332.845;1332.845;2991.012;3360.230;2991.012;9.348;1.663;1.906;0.000;0.000;33.082;23.731;9.352;20.386;28.267;3.454;13.130;32.681;0.652;0.848;0;0;0;0;0;0;0;0
24;1;1;1;1119.451553;1119.454916;1119.464261;779289;779289;779289;9742;9742;12468624;12468664;100.000;1334.543;1334.543;2992.479;3361.886;2992.479;9.325;1.741;1.976;0.000;0.000;32.327;22.982;9.345;21.146;28.908;3.363;12.124;32.334;1.000;0.857;0;0;0;0;0;0;0;0
25;1;1;1;1119.485361;1119.488892;1119.497969;779739;779739;779739;9747;9747;12475824;12475864;100.000;1374.977;1374.977;2994.207;3363.804;2994.207;9.073;1.658;1.903;0.000;0.000;33.708;24.631;9.077;20.968;26.927;3.531;12.499;33.976;0.643;0.844;0;0;0;0;0;0;0;0
26;1;1;1;1119.518744;1119.522116;1119.531975;779364;779364;779364;9743;9743;12469824;12469864;100.000;1265.143;1265.143;2992.767;3362.212;2992.767;9.855;1.697;1.978;0.000;0.000;34.006;24.148;9.859;20.068;28.991;3.373;13.172;33.224;0.109;0.798;0;0;0;0;0;0;0;0
27;1;1;1;1119.551015;1119.554247;1119.563446;780025;780025;780025;9751;9751;12480400;12480440;100.000;1357.199;1357.199;2995.306;3365.054;2995.306;9.196;1.654;1.911;0.000;0.000;31.471;22.272;9.199;20.768;29.231;3.232;11.310;32.131;1.203;0.823;0;0;0;0;0;0;0;0
28;1;1;1;1119.584653;1119.588330;1119.597792;780373;780373;780373;9755;9755;12485968;12486008;100.000;1320.334;1320.334;2996.642;3366.542;2996.642;9.457;1.689;1.937;0.000;0.000;34.345;24.884;9.461;20.470;27.548;3.677;12.322;34.083;0.750;0.819;0;0;0;0;0;0;0;0
29;1;1;1;1119.619029;1119.622338;1119.631624;781651;781651;781651;9771;9771;12506416;12506456;100.000;1347.075;1347.075;3001.549;3372.056;3001.549;9.282;1.709;1.953;0.000;0.000;33.833;24.547;9.286;21.037;27.447;3.309;12.821;34.008;0.675;0.810;0;0;0;0;0;0;0;0
30;1;1;1;1119.651321;1119.654703;1119.664556;781375;781375;781375;9768;9768;12502000;12502040;100.000;1269.148;1269.148;3000.490;3370.883;3000.490;9.849;1.790;2.018;0.000;0.000;32.931;23.079;9.853;20.485;29.919;3.382;12.419;32.365;0.969;0.820;0;0;0;0;0;0;0;0
31;1;1;1;1119.684987;1119.687858;1119.695692;784392;784392;784392;9805;9805;12550272;12550312;100.000;1602.504;1602.504;3012.075;3383.871;3012.075;7.830;1.291;1.540;0.000;0.000;31.137;23.303;7.834;19.665;25.159;2.871;10.222;33.155;0.178;0.780;0;0;0;0;0;0;0;0
32;1;1;1;1119.718033;1119.721127;1119.729295;782671;782671;782671;9784;9784;12522736;12522776;100.000;1533.868;1533.868;3005.466;3376.466;3005.466;8.164;1.580;1.822;0.000;0.000;33.603;25.434;8.168;22.311;24.309;3.094;10.492;33.268;0.065;0.735;0;0;0;0;0;0;0;0
33;1;1;1;1119.750685;1119.753928;1119.763187;776999;776999;776999;9713;9713;12431984;12432024;100.000;1343.214;1343.214;2983.686;3351.993;2983.686;9.255;1.650;1.909;0.000;0.000;33.892;24.633;9.258;20.618;27.318;3.243;11.050;32.802;0.532;0.722;0;0;0;0;0;0;0;0
34;1;1;1;1119.785075;1119.789268;1119.795620;778650;778650;778650;9734;9734;12458400;12458440;100.000;1961.465;1961.465;2990.026;3359.129;2990.026;6.349;1.270;1.520;0.000;0.000;32.434;26.081;6.353;23.931;19.586;4.193;10.150;35.340;2.006;0.802;0;0;0;0;0;0;0;0
35;1;1;1;1119.819620;1119.824073;1119.832392;778007;778007;778007;9726;9726;12448112;12448152;100.000;1497.591;1497.591;2987.556;3356.357;2987.556;8.315;1.675;1.933;0.000;0.000;36.771;28.453;8.319;23.234;22.623;4.453;13.588;34.805;1.472;0.844;0;0;0;0;0;0;0;0
36;1;1;1;1119.849986;1119.852657;1119.861658;776483;776483;776483;9707;9707;12423728;12423768;100.000;1380.468;1380.468;2981.704;3349.784;2981.704;8.998;1.647;1.901;0.000;0.000;29.267;20.265;9.002;21.123;30.757;2.671;9.522;28.584;4.750;1.088;0;0;0;0;0;0;0;0
37;1;1;1;1119.886580;1119.890564;1119.899610;781287;781287;781287;9767;9767;12500592;12500632;100.000;1381.968;1381.968;3000.152;3370.507;3000.152;9.043;1.661;1.914;0.000;0.000;37.952;28.905;9.047;21.155;23.837;3.983;14.141;37.907;4.574;1.306;0;0;0;0;0;0;0;0
38;1;1;1;1119.920285;1119.923946;1119.933061;780329;780329;780329;9755;9755;12485264;12485304;100.000;1370.899;1370.899;2996.473;3366.373;2996.473;9.111;1.779;2.036;0.000;0.000;33.450;24.336;9.114;22.337;27.247;3.662;14.257;33.383;0.049;1.228;0;0;0;0;0;0;0;0
39;1;1;1;1119.950609;1119.954312;1119.963299;780785;780785;780785;9760;9760;12492560;12492600;100.000;1391.013;1391.013;2998.224;3368.314;2998.224;8.973;1.694;1.941;0.000;0.000;30.239;21.252;8.987;21.596;29.721;3.703;11.163;30.366;2.968;1.336;0;0;0;0;0;0;0;0
40;1;1;1;1119.986089;1119.989710;1119.998857;785430;785430;785430;9818;9818;12566880;12566920;100.000;1374.573;1374.573;3016.061;3388.350;3016.061;9.143;1.764;2.018;0.000;0.000;35.557;26.411;9.146;22.062;25.723;3.622;13.387;35.398;2.065;1.382;0;0;0;0;0;0;0;0
41;1;1;1;1120.019321;1120.022619;1120.032102;789479;789479;789479;9869;9869;12631664;12631704;100.000;1332.300;1332.300;3031.609;3405.832;3031.609;9.480;1.763;2.028;0.000;0.000;33.245;23.762;9.483;21.383;28.525;3.298;13.299;32.909;0.425;1.322;0;0;0;0;0;0;0;0
42;1;1;1;1120.051033;1120.054337;1120.063502;789348;789348;789348;9867;9867;12629568;12629608;100.000;1378.157;1378.157;3031.106;3405.253;3031.106;9.162;1.800;2.041;0.000;0.000;31.400;22.235;9.166;22.266;29.190;3.304;11.366;31.718;1.616;1.340;0;0;0;0;0;0;0;0
43;1;1;1;1120.085161;1120.088549;1120.098169;792714;792714;792714;9909;9909;12683424;12683464;100.000;1318.910;1318.910;3044.031;3419.771;3044.031;9.616;1.741;1.988;0.000;0.000;34.667;25.047;9.620;20.670;27.750;3.388;12.699;34.213;0.879;1.312;0;0;0;0;0;0;0;0
44;1;1;1;1120.118537;1120.121914;1120.131515;790865;790865;790865;9886;9886;12653840;12653880;100.000;1318.553;1318.553;3036.931;3411.799;3036.931;9.597;1.732;1.979;0.000;0.000;33.346;23.745;9.601;20.611;28.791;3.377;12.712;33.365;0.032;1.232;0;0;0;0;0;0;0;0
45;1;1;1;1120.150964;1120.154274;1120.163839;787976;787976;787976;9850;9850;12607616;12607656;100.000;1318.766;1318.766;3025.837;3399.340;3025.837;9.561;1.701;1.932;0.000;0.000;32.324;22.759;9.565;20.201;29.591;3.310;11.703;32.360;0.973;1.215;0;0;0;0;0;0;0;0
46;1;1;1;1120.184024;1120.186877;1120.194342;789717;789717;789717;9872;9872;12635472;12635512;100.000;1692.651;1692.651;3032.523;3406.860;3032.523;7.462;1.462;1.706;0.000;0.000;30.502;23.037;7.465;22.854;24.475;2.853;8.872;32.602;0.731;1.185;0;0;0;0;0;0;0;0
47;1;1;1;1120.217298;1120.220541;1120.227771;784950;784950;784950;9812;9812;12559200;12559240;100.000;1737.415;1737.415;3014.218;3386.279;3014.218;7.225;1.200;1.456;0.000;0.000;33.429;26.199;7.229;20.134;21.626;3.243;8.967;33.665;0.331;1.132;0;0;0;0;0;0;0;0
48;1;1;1;1120.250652;1120.254009;1120.262122;781130;781130;781130;9765;9765;12498080;12498120;100.000;1540.606;1540.606;2999.549;3369.828;2999.549;8.110;1.588;1.826;0.000;0.000;34.351;26.239;8.113;22.502;23.617;3.357;9.985;33.468;0.135;1.070;0;0;0;0;0;0;0;0
49;1;1;1;1120.283276;1120.285976;1120.292679;780468;780468;780468;9756;9756;12487488;12487528;100.000;1863.088;1863.088;2997.007;3366.945;2997.007;6.700;1.139;1.383;0.000;0.000;30.557;23.854;6.703;20.635;21.936;2.700;7.209;31.967;1.367;1.088;0;0;0;0;0;0;0;0
50;1;1;1;1120.317175;1120.320501;1120.328127;783376;783376;783376;9793;9793;12534016;12534056;100.000;1643.628;1643.628;3008.173;3379.514;3008.173;7.623;1.236;1.481;0.000;0.000;35.448;27.822;7.626;19.417;21.513;3.326;9.324;34.525;1.192;1.095;0;0;0;0;0;0;0;0
51;1;1;1;1120.350570;1120.354046;1120.363744;787237;787237;787237;9841;9841;12595792;12595832;100.000;1299.296;1299.296;3023.000;3396.161;3023.000;9.694;1.799;2.042;0.000;0.000;35.617;25.919;9.698;21.058;27.229;3.476;11.608;33.545;0.212;1.039;0;0;0;0;0;0;0;0
52;1;1;1;1120.384098;1120.386886;1120.394714;787734;787734;787734;9847;9847;12603744;12603784;100.000;1610.365;1610.365;3024.908;3398.297;3024.908;7.824;1.495;1.745;0.000;0.000;30.970;23.142;7.827;22.291;25.274;2.789;9.244;32.840;0.493;1.005;0;0;0;0;0;0;0;0
53;1;1;1;1120.417877;1120.421330;1120.429313;787059;787059;787059;9839;9839;12592944;12592984;100.000;1577.534;1577.534;3022.316;3395.401;3022.316;7.980;1.435;1.696;0.000;0.000;34.600;26.616;7.983;21.239;23.073;3.453;10.510;34.444;1.110;1.012;0;0;0;0;0;0;0;0
54;1;1;1;1120.450503;1120.454044;1120.462755;786051;786051;786051;9826;9826;12576816;12576856;100.000;1443.895;1443.895;3018.445;3391.038;3018.445;8.707;1.546;1.787;0.000;0.000;33.441;24.731;8.711;20.512;26.047;3.541;10.618;32.714;0.619;0.987;0;0;0;0;0;0;0;0
55;1;1;1;1120.483740;1120.486494;1120.494121;796213;796213;796213;9953;9953;12739408;12739448;100.000;1670.455;1670.455;3057.468;3434.876;3057.468;7.615;1.534;1.776;0.000;0.000;31.366;23.739;7.627;23.282;24.315;2.754;8.651;32.450;0.883;0.981;0;0;0;0;0;0;0;0
56;1;1;1;1120.517276;1120.520530;1120.528192;790191;790191;790191;9878;9878;12643056;12643096;100.000;1650.184;1650.184;3034.343;3408.907;3034.343;7.659;1.232;1.482;0.000;0.000;34.072;26.410;7.662;19.337;22.488;3.254;9.389;34.036;0.703;0.963;0;0;0;0;0;0;0;0
57;1;1;1;1120.550808;1120.553993;1120.563612;798808;798808;798808;9986;9986;12780928;12780968;100.000;1328.773;1328.773;3067.432;3446.092;3067.432;9.616;1.392;1.621;0.000;0.000;35.420;25.801;9.619;16.850;27.156;3.186;11.476;33.463;0.130;0.911;0;0;0;0;0;0;0;0
58;1;1;1;1120.583938;1120.586718;1120.594593;797924;797924;797924;9975;9975;12766784;12766824;100.000;1621.295;1621.295;3064.038;3442.280;3064.038;7.872;1.532;1.780;0.000;0.000;30.981;23.106;7.875;22.606;25.419;2.780;9.123;32.725;0.609;0.892;0;0;0;0;0;0;0;0
59;1;1;1;1120.617306;1120.620566;1120.629679;794477;794477;794477;9931;9931;12711632;12711672;100.000;1395.010;1395.010;3050.801;3427.375;3050.801;9.110;1.708;1.970;0.000;0.000;35.086;25.973;9.113;21.613;25.973;3.261;10.876;33.848;0.515;0.869;0;0;0;0;0;0;0;0
60;1;1;1;1120.650629;1120.653951;1120.663264;789053;789053;789053;9864;9864;12624848;12624888;100.000;1355.672;1355.672;3029.973;3404.006;3029.973;9.310;1.591;1.829;0.000;0.000;33.585;24.272;9.313;19.641;27.730;3.322;11.127;33.385;0.052;0.818;0;0;0;0;0;0;0;0
61;1;1;1;1120.683903;1120.686775;1120.693682;783874;783874;783874;9799;9799;12541984;12542024;100.000;1815.765;1815.765;3010.086;3381.654;3010.086;6.904;1.246;1.486;0.000;0.000;30.418;23.511;6.908;21.506;22.709;2.872;8.212;32.824;0.510;0.798;0;0;0;0;0;0;0;0
62;1;1;1;1120.717369;1120.720816;1120.728243;782785;782785;782785;9785;9785;12524560;12524600;100.000;1686.725;1686.725;3005.904;3376.942;3005.904;7.423;1.248;1.499;0.000;0.000;34.560;27.134;7.426;20.187;21.488;3.447;9.439;34.042;0.708;0.793;0;0;0;0;0;0;0;0
63;1;1;1;1120.750507;1120.753919;1120.763053;782791;782791;782791;9785;9785;12524656;12524696;100.000;1371.260;1371.260;3005.927;3376.965;3005.927;9.130;1.671;1.897;0.000;0.000;34.811;25.676;9.134;20.765;26.240;3.411;10.917;33.102;0.231;0.758;0;0;0;0;0;0;0;0
64;1;1;1;1120.783367;1120.786097;1120.793116;782127;782127;782127;9777;9777;12514032;12514072;100.000;1783.120;1783.120;3003.377;3374.112;3003.377;7.016;1.203;1.445;0.000;0.000;30.063;23.044;7.019;20.592;23.346;2.730;7.646;32.179;1.155;0.783;0;0;0;0;0;0;0;0
65;1;1;1;1120.817446;1120.821099;1120.829672;785507;785507;785507;9819;9819;12568112;12568152;100.000;1466.235;1466.235;3016.356;3388.683;3016.356;8.569;1.749;2.023;0.000;0.000;36.556;27.984;8.572;23.597;23.450;3.653;10.869;35.002;1.669;0.838;0;0;0;0;0;0;0;0
66;1;1;1;1120.850665;1120.854214;1120.862933;789017;789017;789017;9863;9863;12624272;12624312;100.000;1448.245;1448.245;3029.835;3403.830;3029.835;8.715;1.178;1.439;0.000;0.000;33.261;24.542;8.719;16.510;26.213;3.550;10.796;33.115;0.218;0.799;0;0;0;0;0;0;0;0
67;1;1;1;1120.883323;1120.886053;1120.894202;789641;789641;789641;9871;9871;12634256;12634296;100.000;1550.591;1550.591;3032.231;3406.530;3032.231;8.145;1.606;1.848;0.000;0.000;31.269;23.120;8.149;22.683;26.060;2.730;8.732;31.839;1.495;0.843;0;0;0;0;0;0;0;0
68;1;1;1;1120.917698;1120.921082;1120.928869;784718;784718;784718;9809;9809;12555488;12555528;100.000;1612.402;1612.402;3013.327;3385.274;3013.327;7.784;1.339;1.578;0.000;0.000;34.667;26.880;7.787;20.260;22.463;3.384;10.066;35.029;1.695;0.896;0;0;0;0;0;0;0;0
69;1;1;1;1120.950580;1120.953788;1120.962880;778159;778159;778159;9727;9727;12450544;12450584;100.000;1369.524;1369.524;2988.140;3356.978;2988.140;9.089;1.550;1.782;0.000;0.000;34.011;24.919;9.092;19.599;26.732;3.208;10.744;32.707;0.627;0.879;0;0;0;0;0;0;0;0
70;1;1;1;1120.983299;1120.985977;1120.993515;776327;776327;776327;9705;9705;12421232;12421272;100.000;1647.998;1647.998;2981.105;3349.109;2981.105;7.534;1.536;1.772;0.000;0.000;30.634;23.097;7.538;23.511;24.605;2.678;8.045;32.189;1.145;0.896;0;0;0;0;0;0;0;0
71;1;1;1;1121.017205;1121.020568;1121.028264;786883;786883;786883;9837;9837;12590128;12590168;100.000;1636.041;1636.041;3021.640;3394.650;3021.640;7.685;1.364;1.619;0.000;0.000;34.750;27.053;7.696;21.035;22.147;3.363;9.461;34.591;1.258;0.918;0;0;0;0;0;0;0;0
72;1;1;1;1121.050746;1121.054086;1121.063448;787146;787146;787146;9840;9840;12594336;12594376;100.000;1345.676;1345.676;3022.650;3395.773;3022.650;9.357;1.786;2.037;0.000;0.000;35.184;25.822;9.362;21.760;26.608;3.341;11.311;33.518;0.185;0.873;0;0;0;0;0;0;0;0
73;1;1;1;1121.084094;1121.086824;1121.094608;781047;781047;781047;9764;9764;12496752;12496792;100.000;1605.345;1605.345;2999.230;3369.471;2999.230;7.782;1.526;1.773;0.000;0.000;31.160;23.376;7.785;22.771;24.983;2.730;9.139;32.738;0.596;0.855;0;0;0;0;0;0;0;0
74;1;1;1;1121.117294;1121.120404;1121.128659;782459;782459;782459;9781;9781;12519344;12519384;100.000;1516.701;1516.701;3004.652;3375.538;3004.652;8.251;1.547;1.788;0.000;0.000;34.051;25.796;8.255;21.663;24.243;3.110;9.856;33.581;0.247;0.817;0;0;0;0;0;0;0;0
75;1;1;1;1121.150609;1121.153904;1121.163482;781579;781579;781579;9770;9770;12505264;12505304;100.000;1305.966;1305.966;3001.273;3371.742;3001.273;9.574;1.563;1.795;0.000;0.000;34.822;25.245;9.578;18.743;27.505;3.294;11.345;33.500;0.166;0.777;0;0;0;0;0;0;0;0
76;1;1;1;1121.184049;1121.186795;1121.194545;784181;784181;784181;9803;9803;12546896;12546936;100.000;1618.889;1618.889;3011.265;3382.985;3011.265;7.747;1.539;1.785;0.000;0.000;31.064;23.313;7.751;23.024;24.951;2.745;9.075;32.891;0.442;0.756;0;0;0;0;0;0;0;0
77;1;1;1;1121.217748;1121.221266;1121.230452;782861;782861;782861;9786;9786;12525776;12525816;100.000;1364.254;1364.254;3006.196;3377.271;3006.196;9.182;1.384;1.633;0.000;0.000;35.907;26.720;9.186;17.781;25.584;3.518;11.649;34.471;1.138;0.780;0;0;0;0;0;0;0;0
78;1;1;1;1121.251033;1121.254298;1121.263465;779451;779451;779451;9744;9744;12471216;12471256;100.000;1360.969;1360.969;2993.101;3362.584;2993.101;9.164;1.703;1.951;0.000;0.000;33.014;23.846;9.167;21.277;27.769;3.265;11.329;33.032;0.301;0.750;0;0;0;0;0;0;0;0
79;1;1;1;1121.284589;1121.287347;1121.295142;784719;784719;784719;9809;9809;12555504;12555544;100.000;1610.699;1610.699;3013.331;3385.278;3013.331;7.792;1.540;1.789;0.000;0.000;31.677;23.881;7.796;22.953;24.610;2.758;9.673;33.049;0.285;0.721;0;0;0;0;0;0;0;0
80;1;1;1;1121.318224;1121.321580;1121.330690;780701;780701;780701;9759;9759;12491216;12491256;100.000;1371.987;1371.987;2997.901;3367.953;2997.901;9.106;1.449;1.697;0.000;0.000;35.548;26.438;9.110;18.630;25.628;3.356;11.887;34.233;0.900;0.732;0;0;0;0;0;0;0;0
81;1;1;1;1121.350594;1121.353992;1121.363754;785754;785754;785754;9822;9822;12572064;12572104;100.000;1288.555;1288.555;3017.305;3389.746;3017.305;9.758;1.851;2.086;0.000;0.000;33.064;23.302;9.762;21.363;29.526;3.398;11.618;32.412;0.921;0.744;0;0;0;0;0;0;0;0
82;1;1;1;1121.384273;1121.387465;1121.395178;783308;783308;783308;9792;9792;12532928;12532968;100.000;1625.033;1625.033;3007.912;3379.215;3007.912;7.709;1.539;1.777;0.000;0.000;31.424;23.710;7.713;23.042;24.546;3.192;9.708;33.473;0.139;0.706;0;0;0;0;0;0;0;0
83;1;1;1;1121.417724;1121.421134;1121.428846;782737;782737;782737;9785;9785;12523792;12523832;100.000;1624.028;1624.028;3005.720;3376.757;3005.720;7.709;1.526;1.777;0.000;0.000;33.668;25.956;7.712;23.036;22.907;3.410;10.043;33.669;0.336;0.683;0;0;0;0;0;0;0;0
84;1;1;1;1121.450889;1121.454175;1121.463586;781874;781874;781874;9774;9774;12509984;12510024;100.000;1329.450;1329.450;3002.406;3373.026;3002.406;9.406;1.703;1.955;0.000;0.000;34.739;25.329;9.410;20.771;27.089;3.286;11.449;33.041;0.292;0.658;0;0;0;0;0;0;0;0
85;1;1;1;1121.484004;1121.487254;1121.495639;780545;780545;780545;9757;9757;12488720;12488760;100.000;1490.327;1490.327;2997.302;3367.278;2997.302;8.382;1.307;1.550;0.000;0.000;32.054;23.668;8.386;18.480;26.162;3.249;10.170;33.079;0.255;0.633;0;0;0;0;0;0;0;0
86;1;1;1;1121.517457;1121.520864;1121.530664;778343;778343;778343;9730;9730;12453488;12453528;100.000;1270.854;1270.854;2988.847;3357.799;2988.847;9.787;1.755;2.003;0.000;0.000;35.024;25.224;9.800;20.442;27.980;3.406;11.860;33.610;0.277;0.611;0;0;0;0;0;0;0;0
87;1;1;1;1121.551113;1121.554421;1121.564986;778458;778458;778458;9731;9731;12455328;12455368;100.000;1179.054;1179.054;2989.288;3358.278;2989.288;10.561;1.853;2.094;0.000;0.000;34.322;23.757;10.565;19.817;30.782;3.308;12.849;33.557;0.224;0.587;0;0;0;0;0;0;0;0
88;1;1;1;1121.584827;1121.587826;1121.595616;778592;778592;778592;9733;9733;12457472;12457512;100.000;1599.177;1599.177;2989.803;3358.869;2989.803;7.787;1.487;1.740;0.000;0.000;30.630;22.840;7.790;22.335;25.433;2.999;10.146;33.405;0.072;0.554;0;0;0;0;0;0;0;0
89;1;1;1;1121.618046;1121.621284;1121.629972;779952;779952;779952;9750;9750;12479232;12479272;100.000;1437.078;1437.078;2995.025;3364.736;2995.025;8.685;1.475;1.736;0.000;0.000;34.356;25.668;8.688;19.987;25.289;3.238;11.169;33.458;0.125;0.528;0;0;0;0;0;0;0;0
90;1;1;1;1121.650749;1121.654173;1121.663771;779674;779674;779674;9746;9746;12474784;12474824;100.000;1300.102;1300.102;2993.958;3363.516;2993.958;9.594;1.812;2.055;0.000;0.000;33.798;24.200;9.598;21.409;28.398;3.424;11.634;32.889;0.445;0.522;0;0;0;0;0;0;0;0
91;1;1;1;1121.683982;1121.686783;1121.694800;781083;781083;781083;9764;9764;12497328;12497368;100.000;1558.978;1558.978;2999.368;3369.610;2999.368;8.013;1.622;1.862;0.000;0.000;31.029;23.012;8.017;23.230;25.836;2.801;9.330;32.611;0.723;0.535;0;0;0;0;0;0;0;0
92;1;1;1;1121.717465;1121.720703;1121.730332;780537;780537;780537;9757;9757;12488592;12488632;100.000;1297.711;1297.711;2997.272;3367.248;2997.272;9.626;1.439;1.686;0.000;0.000;35.532;25.903;9.629;17.508;27.100;3.237;11.529;33.920;0.586;0.538;0;0;0;0;0;0;0;0
93;1;1;1;1121.750538;1121.753774;1121.762871;773046;773046;773046;9664;9664;12368736;12368776;100.000;1360.772;1360.772;2968.506;3334.956;2968.506;9.094;1.761;1.994;0.000;0.000;32.539;23.442;9.097;21.917;27.959;3.236;10.735;33.071;0.262;0.521;0;0;0;0;0;0;0;0
94;1;1;1;1121.784351;1121.787361;1121.795495;770822;770822;770822;9636;9636;12333152;12333192;100.000;1516.387;1516.387;2959.966;3325.354;2959.966;8.131;1.400;1.637;0.000;0.000;32.624;24.490;8.134;20.124;24.933;3.010;10.025;33.587;0.254;0.504;0;0;0;0;0;0;0;0
95;1;1;1;1121.817469;1121.820610;1121.828848;778859;778859;778859;9736;9736;12461744;12461784;100.000;1512.949;1512.949;2990.828;3360.008;2990.828;8.235;1.554;1.805;0.000;0.000;33.353;25.115;8.238;21.905;24.699;3.141;10.045;33.249;0.084;0.478;0;0;0;0;0;0;0;0
96;1;1;1;1121.850901;1121.854140;1121.863342;778333;778333;778333;9730;9730;12453328;12453368;100.000;1353.550;1353.550;2988.808;3357.760;2988.808;9.197;1.863;2.099;0.000;0.000;34.494;25.292;9.201;22.813;26.675;3.239;11.205;33.530;0.197;0.460;0;0;0;0;0;0;0;0
97;1;1;1;1121.883933;1121.887162;1121.894934;782798;782798;782798;9785;9785;12524768;12524808;100.000;1611.695;1611.695;3005.954;3376.992;3005.954;7.769;1.547;1.789;0.000;0.000;31.592;23.820;7.772;23.019;24.601;3.229;9.464;33.022;0.312;0.451;0;0;0;0;0;0;0;0
98;1;1;1;1121.917450;1121.920772;1121.928339;781418;781418;781418;9768;9768;12502688;12502728;100.000;1652.490;1652.490;3000.655;3371.048;3000.655;7.562;1.449;1.695;0.000;0.000;33.405;25.839;7.566;22.397;22.650;3.322;9.536;33.611;0.277;0.440;0;0;0;0;0;0;0;0
99;1;1;1;1121.950675;1121.953927;1121.962973;777382;777382;777382;9718;9718;12438112;12438152;100.000;1376.037;1376.037;2985.156;3353.653;2985.156;9.041;1.606;1.854;0.000;0.000;34.634;25.588;9.046;20.491;26.119;3.252;10.837;33.155;0.179;0.424;0;0;0;0;0;0;0;0
100;1;1;1;1121.983590;1121.986363;1121.994292;778267;778267;778267;9729;9729;12452272;12452312;100.000;1570.521;1570.521;2988.555;3357.469;2988.555;7.926;1.553;1.792;0.000;0.000;31.319;23.390;7.929;22.602;25.317;2.773;8.822;32.436;0.897;0.453;0;0;0;0;0;0;0;0
101;1;1;1;1122.017321;1122.020433;1122.029694;780699;780699;780699;9759;9759;12491184;12491224;100.000;1348.896;1348.896;2997.894;3367.945;2997.894;9.257;1.885;2.131;0.000;0.000;35.402;26.141;9.261;23.008;26.160;3.112;10.891;34.070;0.736;0.471;0;0;0;0;0;0;0;0
102;1;1;1;1122.050821;1122.054035;1122.061906;780328;780328;780328;9755;9755;12485248;12485288;100.000;1587.140;1587.140;2996.469;3366.369;2996.469;7.855;1.478;1.712;0.000;0.000;32.212;24.341;7.871;21.746;24.434;3.214;9.770;33.602;0.269;0.459;0;0;0;0;0;0;0;0
103;1;1;1;1122.083942;1122.086740;1122.094881;782351;782351;782351;9780;9780;12517616;12517656;100.000;1537.603;1537.603;3004.237;3375.085;3004.237;8.138;1.559;1.798;0.000;0.000;32.975;24.834;8.142;22.080;24.690;2.797;9.411;32.704;0.629;0.469;0;0;0;0;0;0;0;0
104;1;1;1;1122.117565;1122.120816;1122.129080;782164;782164;782164;9778;9778;12514624;12514664;100.000;1514.400;1514.400;3003.519;3374.292;3003.519;8.261;1.598;1.847;0.000;0.000;34.199;25.934;8.264;22.353;24.166;3.251;10.277;34.076;0.743;0.486;0;0;0;0;0;0;0;0
105;1;1;1;1122.150621;1122.153940;1122.161996;783021;783021;783021;9788;9788;12528336;12528376;100.000;1555.165;1555.165;3006.810;3377.962;3006.810;8.050;1.451;1.691;0.000;0.000;32.917;24.860;8.057;20.994;24.477;3.318;9.860;33.124;0.209;0.469;0;0;0;0;0;0;0;0
106;1;1;1;1122.184641;1122.187409;1122.194695;786829;786829;786829;9836;9836;12589264;12589304;100.000;1728.323;1728.323;3021.433;3394.404;3021.433;7.282;1.216;1.459;0.000;0.000;32.699;25.413;7.286;20.027;22.282;2.768;9.225;33.470;0.136;0.448;0;0;0;0;0;0;0;0
107;1;1;1;1122.217190;1122.220424;1122.229722;789365;789365;789365;9868;9868;12629840;12629880;100.000;1358.617;1358.617;3031.171;3405.356;3031.171;9.295;1.692;1.928;0.000;0.000;35.027;25.728;9.299;20.738;26.547;3.234;10.919;33.014;0.319;0.440;0;0;0;0;0;0;0;0
108;1;1;1;1122.250502;1122.253994;1122.264571;790807;790807;790807;9886;9886;12652912;12652952;100.000;1196.816;1196.816;3036.708;3411.576;3036.708;10.573;2.031;2.266;0.000;0.000;34.849;24.272;10.577;21.428;30.351;3.492;12.435;33.571;0.237;0.427;0;0;0;0;0;0;0;0
109;1;1;1;1122.284697;1122.287801;1122.295750;789334;789334;789334;9867;9867;12629344;12629384;100.000;1588.888;1588.888;3031.052;3405.199;3031.052;7.946;1.547;1.800;0.000;0.000;31.179;23.230;7.949;22.639;25.495;3.104;10.280;33.807;0.474;0.430;0;0;0;0;0;0;0;0
110;1;1;1;1122.317940;1122.321158;1122.330810;783753;783753;783753;9797;9797;12540048;12540088;100.000;1299.405;1299.405;3009.621;3381.114;3009.621;9.648;1.604;1.872;0.000;0.000;35.059;25.408;9.651;19.396;27.529;3.218;12.006;33.357;0.024;0.405;0;0;0;0;0;0;0;0
111;1;1;1;1122.350534;1122.354273;1122.363982;781240;781240;781240;9766;9766;12499840;12499880;100.000;1287.584;1287.584;2999.971;3370.288;2999.971;9.705;1.880;2.117;0.000;0.000;33.173;23.464;9.709;21.805;29.268;3.739;11.846;33.115;0.218;0.393;0;0;0;0;0;0;0;0
112;1;1;1;1122.384071;1122.386942;1122.394858;781247;781247;781247;9766;9766;12499952;12499992;100.000;1579.284;1579.284;2999.998;3370.315;2999.998;7.912;1.596;1.843;0.000;0.000;30.875;22.960;7.915;23.279;25.636;2.871;9.388;32.669;0.664;0.410;0;0;0;0;0;0;0;0
113;1;1;1;1122.417875;1122.421076;1122.429975;783523;783523;783523;9795;9795;12536368;12536408;100.000;1408.920;1408.920;3008.738;3380.155;3008.738;8.895;1.550;1.801;0.000;0.000;35.117;26.219;8.899;20.244;25.339;3.202;11.172;34.134;0.801;0.435;0;0;0;0;0;0;0;0
114;1;1;1;1122.450597;1122.453862;1122.463802;783046;783046;783046;9789;9789;12528736;12528776;100.000;1261.026;1261.026;3006.906;3378.096;3006.906;9.937;1.869;2.107;0.000;0.000;33.827;23.887;9.940;21.195;29.385;3.264;11.665;32.785;0.548;0.442;0;0;0;0;0;0;0;0
115;1;1;1;1122.483836;1122.487197;1122.495604;785712;785712;785712;9822;9822;12571392;12571432;100.000;1495.481;1495.481;3017.144;3389.584;3017.144;8.404;1.655;1.888;0.000;0.000;31.803;23.395;8.407;22.462;26.436;3.361;10.134;33.335;0.002;0.414;0;0;0;0;0;0;0;0
116;1;1;1;1122.517295;1122.520403;1122.529370;788409;788409;788409;9856;9856;12614544;12614584;100.000;1406.852;1406.852;3027.500;3401.230;3027.500;8.964;1.768;2.016;0.000;0.000;33.766;24.798;8.968;22.478;26.558;3.108;10.567;33.205;0.128;0.396;0;0;0;0;0;0;0;0
117;1;1;1;1122.550242;1122.554086;1122.563494;785289;785289;785289;9817;9817;12564624;12564664;100.000;1336.173;1336.173;3015.519;3387.770;3015.519;9.393;1.576;1.815;0.000;0.000;34.124;24.716;9.408;19.294;27.569;3.844;11.357;33.684;0.350;0.393;0;0;0;0;0;0;0;0
118;1;1;1;1122.583751;1122.587268;1122.595195;784314;784314;784314;9804;9804;12549024;12549064;100.000;1583.162;1583.162;3011.775;3383.533;3011.775;7.924;1.581;1.818;0.000;0.000;31.701;23.774;7.927;22.934;25.006;3.517;9.725;33.182;0.152;0.378;0;0;0;0;0;0;0;0
119;1;1;1;1122.617520;1122.620730;1122.629663;784830;784830;784830;9811;9811;12557280;12557320;100.000;1406.209;1406.209;3013.757;3385.780;3013.757;8.929;1.521;1.767;0.000;0.000;34.468;25.535;8.933;19.782;25.917;3.210;10.860;33.462;0.128;0.363;0;0;0;0;0;0;0;0
120;1;1;1;1122.651211;1122.654580;1122.664753;784742;784742;784742;9810;9810;12555872;12555912;100.000;1234.676;1234.676;3013.419;3385.404;3013.419;10.169;1.892;2.148;0.000;0.000;35.090;24.917;10.173;21.119;28.991;3.369;12.616;33.850;0.517;0.372;0;0;0;0;0;0;0;0
121;1;1;1;1122.682529;1122.685798;1122.693948;787186;787186;787186;9840;9840;12594976;12595016;100.000;1545.481;1545.481;3022.804;3395.927;3022.804;8.147;1.601;1.840;0.000;0.000;29.195;21.045;8.150;22.582;27.916;3.269;8.478;31.218;2.115;0.481;0;0;0;0;0;0;0;0
122;1;1;1;1122.717233;1122.720888;1122.730179;792161;792161;792161;9903;9903;12674576;12674616;100.000;1364.307;1364.307;3041.908;3417.420;3041.908;9.287;1.829;2.086;0.000;0.000;36.231;26.940;9.291;22.457;25.643;3.656;11.376;35.090;1.757;0.561;0;0;0;0;0;0;0;0
123;1;1;1;1122.750575;1122.753911;1122.763743;788290;788290;788290;9854;9854;12612640;12612680;100.000;1283.534;1283.534;3027.043;3400.697;3027.043;9.829;1.617;1.856;0.000;0.000;33.564;23.732;9.832;18.880;29.295;3.336;11.607;33.022;0.311;0.545;0;0;0;0;0;0;0;0
124;1;1;1;1122.784181;1122.787228;1122.795852;789222;789222;789222;9866;9866;12627552;12627592;100.000;1464.252;1464.252;3030.622;3404.731;3030.622;8.620;1.704;1.941;0.000;0.000;32.109;23.484;8.624;22.504;26.860;3.047;10.382;33.317;0.016;0.512;0;0;0;0;0;0;0;0
125;1;1;1;1122.817672;1122.820919;1122.830159;787173;787173;787173;9840;9840;12594768;12594808;100.000;1363.540;1363.540;3022.754;3395.877;3022.754;9.236;1.371;1.623;0.000;0.000;34.307;25.067;9.240;17.567;26.933;3.246;11.355;33.691;0.358;0.503;0;0;0;0;0;0;0;0
126;1;1;1;1122.850875;1122.854487;1122.864106;776279;776279;776279;9704;9704;12420464;12420504;100.000;1291.529;1291.529;2980.921;3348.887;2980.921;9.615;1.693;1.922;0.000;0.000;33.947;24.328;9.619;19.986;28.335;3.612;11.969;33.568;0.235;0.486;0;0;0;0;0;0;0;0
127;1;1;1;1122.883716;1122.887224;1122.895127;773912;773912;773912;9674;9674;12382592;12382632;100.000;1566.908;1566.908;2971.832;3338.660;2971.832;7.899;1.642;1.878;0.000;0.000;31.021;23.118;7.903;23.765;25.476;3.508;9.657;32.737;0.596;0.493;0;0;0;0;0;0;0;0
128;1;1;1;1122.917190;1122.920461;1122.928763;773302;773302;773302;9667;9667;12372832;12372872;100.000;1490.431;1490.431;2969.489;3336.052;2969.489;8.298;1.393;1.632;0.000;0.000;33.635;25.334;8.302;19.657;24.682;3.271;9.959;33.237;0.097;0.468;0;0;0;0;0;0;0;0
129;1;1;1;1122.950539;1122.953748;1122.963087;777001;777001;777001;9713;9713;12432016;12432056;100.000;1331.721;1331.721;2983.693;3352.001;2983.693;9.335;1.563;1.813;0.000;0.000;34.324;24.985;9.339;19.413;27.207;3.209;10.950;33.287;0.046;0.442;0;0;0;0;0;0;0;0
130;1;1;1;1122.983834;1122.986587;1122.994520;783174;783174;783174;9790;9790;12530784;12530824;100.000;1579.823;1579.823;3007.398;3378.625;3007.398;7.929;1.575;1.817;0.000;0.000;31.433;23.501;7.933;22.906;25.236;2.753;9.050;32.839;0.494;0.445;0;0;0;0;0;0;0;0
131;1;1;1;1123.017194;1123.020383;1123.028888;786108;786108;786108;9827;9827;12577728;12577768;100.000;1478.938;1478.938;3018.664;3391.295;3018.664;8.502;1.712;1.970;0.000;0.000;34.368;25.863;8.505;23.165;24.747;3.189;10.085;33.796;0.462;0.446;0;0;0;0;0;0;0;0
132;1;1;1;1123.050755;1123.054081;1123.063693;785622;785622;785622;9821;9821;12569952;12569992;100.000;1308.379;1308.379;3016.798;3389.201;3016.798;9.609;1.767;2.016;0.000;0.000;34.805;25.193;9.612;20.973;27.617;3.326;11.557;33.698;0.365;0.441;0;0;0;0;0;0;0;0
133;1;1;1;1123.083958;1123.086776;1123.094846;787265;787265;787265;9841;9841;12596240;12596280;100.000;1560.967;1560.967;3023.107;3396.268;3023.107;8.057;1.628;1.881;0.000;0.000;31.153;23.082;8.070;23.311;25.905;2.818;9.376;32.695;0.639;0.453;0;0;0;0;0;0;0;0
134;1;1;1;1123.117553;1123.120989;1123.130203;787734;787734;787734;9847;9847;12603744;12603784;100.000;1368.682;1368.682;3024.908;3398.297;3024.908;9.210;1.329;1.571;0.000;0.000;35.357;26.143;9.214;17.048;26.059;3.436;11.399;34.213;0.880;0.480;0;0;0;0;0;0;0;0
135;1;1;1;1123.150673;1123.154062;1123.163988;786766;786766;786766;9835;9835;12588256;12588296;100.000;1268.441;1268.441;3021.191;3394.125;3021.191;9.923;1.843;2.079;0.000;0.000;33.786;23.859;9.927;20.940;29.382;3.389;11.852;33.073;0.261;0.466;0;0;0;0;0;0;0;0
136;1;1;1;1123.183721;1123.186555;1123.194509;787622;787622;787622;9846;9846;12601952;12601992;100.000;1584.553;1584.553;3024.478;3397.829;3024.478;7.950;1.597;1.836;0.000;0.000;30.520;22.567;7.954;23.085;26.060;2.834;9.039;32.493;0.840;0.490;0;0;0;0;0;0;0;0
137;1;1;1;1123.217267;1123.221045;1123.229340;784509;784509;784509;9807;9807;12552144;12552184;100.000;1513.356;1513.356;3012.524;3384.396;3012.524;8.291;1.422;1.673;0.000;0.000;34.831;26.536;8.295;20.164;23.814;3.778;10.536;34.490;1.157;0.531;0;0;0;0;0;0;0;0
138;1;1;1;1123.250592;1123.253897;1123.262936;782962;782962;782962;9788;9788;12527392;12527432;100.000;1386.709;1386.709;3006.584;3377.735;3006.584;9.036;1.814;2.073;0.000;0.000;33.597;24.558;9.039;22.936;26.905;3.305;10.800;32.852;0.481;0.528;0;0;0;0;0;0;0;0
139;1;1;1;1123.283706;1123.286486;1123.294306;785441;785441;785441;9819;9819;12567056;12567096;100.000;1607.238;1607.238;3016.103;3388.430;3016.103;7.817;1.556;1.797;0.000;0.000;31.370;23.550;7.820;22.985;24.928;2.781;8.837;32.589;0.744;0.542;0;0;0;0;0;0;0;0
140;1;1;1;1123.317652;1123.321081;1123.330240;786857;786857;786857;9836;9836;12589712;12589752;100.000;1375.031;1375.031;3021.540;3394.512;3021.540;9.155;1.275;1.546;0.000;0.000;35.933;26.775;9.158;16.878;25.487;3.430;11.436;34.595;1.262;0.587;0;0;0;0;0;0;0;0
141;1;1;1;1123.350634;1123.353973;1123.363638;786209;786209;786209;9828;9828;12579344;12579384;100.000;1301.669;1301.669;3019.052;3391.720;3019.052;9.661;1.828;2.073;0.000;0.000;33.398;23.733;9.665;21.453;28.938;3.339;11.501;32.891;0.442;0.578;0;0;0;0;0;0;0;0
142;1;1;1;1123.384224;1123.387069;1123.395214;785895;785895;785895;9824;9824;12574320;12574360;100.000;1543.929;1543.929;3017.846;3390.363;3017.846;8.142;1.679;1.933;0.000;0.000;31.577;23.431;8.145;23.735;25.796;2.845;9.744;33.096;0.237;0.556;0;0;0;0;0;0;0;0
143;1;1;1;1123.417323;1123.421022;1123.429614;783109;783109;783109;9789;9789;12529744;12529784;100.000;1458.587;1458.587;3007.148;3378.337;3007.148;8.587;1.440;1.677;0.000;0.000;34.399;25.808;8.591;19.526;24.975;3.699;10.810;33.954;0.620;0.560;0;0;0;0;0;0;0;0
144;1;1;1;1123.450741;1123.454065;1123.462716;783994;783994;783994;9800;9800;12543904;12543944;100.000;1450.324;1450.324;3010.547;3382.153;3010.547;8.647;1.509;1.752;0.000;0.000;33.102;24.452;8.650;20.249;26.133;3.325;10.579;33.043;0.291;0.543;0;0;0;0;0;0;0;0
145;1;1;1;1123.484227;1123.487269;1123.495299;785959;785959;785959;9825;9825;12575344;12575384;100.000;1566.017;1566.017;3018.092;3390.647;3018.092;8.027;1.615;1.859;0.000;0.000;32.584;24.553;8.031;23.154;24.646;3.042;9.829;33.204;0.130;0.518;0;0;0;0;0;0;0;0
146;1;1;1;1123.517436;1123.520808;1123.529069;789030;789030;789030;9863;9863;12624480;12624520;100.000;1528.172;1528.172;3029.885;3403.880;3029.885;8.257;1.542;1.792;0.000;0.000;33.770;25.509;8.261;21.689;24.464;3.372;10.266;33.539;0.206;0.498;0;0;0;0;0;0;0;0
147;1;1;1;1123.551571;1123.555067;1123.564877;794594;794594;794594;9933;9933;12713504;12713544;100.000;1296.244;1296.244;3051.251;3427.900;3051.251;9.807;1.790;2.055;0.000;0.000;35.808;25.997;9.810;20.950;27.398;3.496;12.741;34.259;0.925;0.525;0;0;0;0;0;0;0;0
148;1;1;1;1123.583317;1123.586587;1123.594875;797998;797998;797998;9975;9975;12767968;12768008;100.000;1540.740;1540.740;3064.322;3442.564;3064.322;8.276;1.591;1.829;0.000;0.000;29.998;21.710;8.288;22.069;27.628;3.270;9.405;31.520;1.813;0.605;0;0;0;0;0;0;0;0
149;1;1;1;1123.617561;1123.620831;1123.630028;798639;798639;798639;9983;9983;12778224;12778264;100.000;1389.556;1389.556;3066.783;3445.329;3066.783;9.193;1.851;2.106;0.000;0.000;35.153;25.956;9.197;22.898;26.162;3.270;11.224;34.244;0.911;0.624;0;0;0;0;0;0;0;0
150;1;1;1;1123.651009;1123.654375;1123.663349;796693;796693;796693;9959;9959;12747088;12747128;100.000;1420.752;1420.752;3059.311;3436.946;3059.311;8.969;1.683;1.933;0.000;0.000;33.321;24.348;8.973;21.540;26.930;3.367;11.212;33.544;0.211;0.599;0;0;0;0;0;0;0;0
151;1;1;1;1123.684431;1123.687458;1123.695645;794717;794717;794717;9934;9934;12715472;12715512;100.000;1553.331;1553.331;3051.723;3428.411;3051.723;8.183;1.615;1.865;0.000;0.000;32.296;24.110;8.186;22.783;25.348;3.027;10.175;33.083;0.250;0.577;0;0;0;0;0;0;0;0
152;1;1;1;1123.717652;1123.720946;1123.730041;792861;792861;792861;9911;9911;12685776;12685816;100.000;1394.902;1394.902;3044.596;3420.411;3044.596;9.092;1.860;2.115;0.000;0.000;34.396;25.301;9.095;23.256;26.442;3.293;11.238;33.487;0.154;0.550;0;0;0;0;0;0;0;0
153;1;1;1;1123.751484;1123.754946;1123.763997;792789;792789;792789;9910;9910;12684624;12684664;100.000;1402.223;1402.223;3044.319;3420.097;3044.319;9.047;1.509;1.761;0.000;0.000;33.956;24.905;9.051;19.452;26.656;3.462;11.861;34.000;0.667;0.558;0;0;0;0;0;0;0;0
154;1;1;1;1123.784825;1123.787687;1123.795582;792309;792309;792309;9904;9904;12676944;12676984;100.000;1605.869;1605.869;3042.476;3418.026;3042.476;7.891;1.572;1.817;0.000;0.000;31.585;23.690;7.895;23.020;24.995;2.863;10.112;32.742;0.592;0.560;0;0;0;0;0;0;0;0
155;1;1;1;1123.817867;1123.821369;1123.829852;791925;791925;791925;9900;9900;12670800;12670840;100.000;1493.705;1493.705;3041.002;3416.400;3041.002;8.479;1.566;1.813;0.000;0.000;34.270;25.787;8.483;21.374;24.754;3.502;11.049;33.681;0.348;0.547;0;0;0;0;0;0;0;0
156;1;1;1;1123.850878;1123.854088;1123.862679;793795;793795;793795;9923;9923;12700720;12700760;100.000;1478.407;1478.407;3048.182;3424.453;3048.182;8.586;1.402;1.642;0.000;0.000;32.827;24.236;8.591;19.110;26.171;3.211;10.543;32.719;0.614;0.551;0;0;0;0;0;0;0;0
157;1;1;1;1123.884086;1123.887447;1123.896102;793460;793460;793460;9919;9919;12695360;12695400;100.000;1467.060;1467.060;3046.896;3423.015;3046.896;8.650;1.931;2.214;0.000;0.000;33.423;24.768;8.655;25.585;25.894;3.361;10.632;33.359;0.026;0.518;0;0;0;0;0;0;0;0
158;1;1;1;1123.917832;1123.921383;1123.931324;795527;795527;795527;9945;9945;12728432;12728472;100.000;1280.497;1280.497;3054.833;3431.938;3054.833;9.937;1.534;1.780;0.000;0.000;35.222;25.281;9.941;17.904;28.224;3.551;12.521;33.935;0.602;0.523;0;0;0;0;0;0;0;0
159;1;1;1;1123.950715;1123.954072;1123.963491;798776;798776;798776;9985;9985;12780416;12780456;100.000;1356.789;1356.789;3067.309;3445.931;3067.309;9.415;1.696;1.954;0.000;0.000;32.167;22.748;9.420;20.745;29.284;3.357;11.355;32.689;0.645;0.531;0;0;0;0;0;0;0;0
160;1;1;1;1123.984754;1123.987821;1123.995795;799362;799362;799362;9993;9993;12789792;12789832;100.000;1604.060;1604.060;3069.560;3448.485;3069.560;7.971;1.558;1.802;0.000;0.000;32.304;24.330;7.974;22.597;24.684;3.067;10.325;33.750;0.417;0.524;0;0;0;0;0;0;0;0
161;1;1;1;1124.017748;1124.020949;1124.029520;789777;789777;789777;9873;9873;12636432;12636472;100.000;1474.399;1474.399;3032.753;3407.128;3032.753;8.567;1.828;2.075;0.000;0.000;33.725;25.154;8.571;24.212;25.415;3.201;10.717;33.127;0.206;0.504;0;0;0;0;0;0;0;0
162;1;1;1;1124.050960;1124.054604;1124.064364;790930;790930;790930;9887;9887;12654880;12654920;100.000;1297.647;1297.647;3037.181;3412.086;3037.181;9.756;1.492;1.757;0.000;0.000;34.844;25.084;9.760;18.000;28.010;3.644;12.227;33.655;0.322;0.492;0;0;0;0;0;0;0;0
163;1;1;1;1124.083868;1124.087155;1124.095233;793734;793734;793734;9922;9922;12699744;12699784;100.000;1572.065;1572.065;3047.948;3424.181;3047.948;8.075;1.643;1.890;0.000;0.000;30.869;22.791;8.079;23.397;26.170;3.286;9.763;32.550;0.783;0.511;0;0;0;0;0;0;0;0
164;1;1;1;1124.117941;1124.121739;1124.130121;792883;792883;792883;9912;9912;12686128;12686168;100.000;1514.316;1514.316;3044.680;3420.534;3044.680;8.360;1.402;1.656;0.000;0.000;34.888;26.506;8.382;19.754;24.025;3.798;11.317;34.584;1.251;0.557;0;0;0;0;0;0;0;0
165;1;1;1;1124.150689;1124.153993;1124.163987;791299;791299;791299;9892;9892;12660784;12660824;100.000;1266.953;1266.953;3038.598;3413.693;3038.598;9.990;1.904;2.139;0.000;0.000;33.867;23.873;9.994;21.406;29.510;3.305;11.851;32.254;1.079;0.590;0;0;0;0;0;0;0;0
166;1;1;1;1124.184052;1124.187011;1124.194892;789485;789485;789485;9869;9869;12631760;12631800;100.000;1602.897;1602.897;3031.632;3405.855;3031.632;7.877;1.572;1.822;0.000;0.000;30.904;23.023;7.881;23.117;25.501;2.959;9.422;33.017;0.316;0.572;0;0;0;0;0;0;0;0
167;1;1;1;1124.217810;1124.221101;1124.230247;789977;789977;789977;9875;9875;12639632;12639672;100.000;1382.457;1382.457;3033.521;3407.972;3033.521;9.143;1.477;1.720;0.000;0.000;35.355;26.209;9.146;18.802;25.870;3.291;11.444;34.090;0.756;0.584;0;0;0;0;0;0;0;0
168;1;1;1;1124.250765;1124.253952;1124.263159;791598;791598;791598;9895;9895;12665568;12665608;100.000;1375.853;1375.853;3039.746;3414.955;3039.746;9.202;1.744;1.980;0.000;0.000;32.912;23.705;9.207;21.502;27.975;3.186;11.022;32.851;0.482;0.578;0;0;0;0;0;0;0;0
169;1;1;1;1124.284458;1124.287339;1124.295655;795034;795034;795034;9938;9938;12720544;12720584;100.000;1529.716;1529.716;3052.940;3429.780;3052.940;8.313;1.622;1.869;0.000;0.000;32.496;24.180;8.316;22.471;25.591;2.881;10.185;33.387;0.054;0.545;0;0;0;0;0;0;0;0
170;1;1;1;1124.317709;1124.320974;1124.329936;794863;794863;794863;9936;9936;12717808;12717848;100.000;1419.561;1419.561;3052.284;3429.047;3052.284;8.959;1.560;1.803;0.000;0.000;34.281;25.319;8.962;20.122;26.143;3.265;11.132;33.635;0.302;0.530;0;0;0;0;0;0;0;0
171;1;1;1;1124.350802;1124.354116;1124.364410;794885;794885;794885;9937;9937;12718160;12718200;100.000;1235.864;1235.864;3052.368;3429.169;3052.368;10.290;1.919;2.159;0.000;0.000;34.474;24.181;10.293;20.978;29.858;3.314;12.273;33.143;0.190;0.508;0;0;0;0;0;0;0;0
172;1;1;1;1124.383913;1124.387141;1124.395557;788905;788905;788905;9862;9862;12622480;12622520;100.000;1499.881;1499.881;3029.405;3403.362;3029.405;8.412;1.717;1.957;0.000;0.000;31.147;22.731;8.416;23.248;27.020;3.228;10.087;33.024;0.309;0.496;0;0;0;0;0;0;0;0
173;1;1;1;1124.417801;1124.420844;1124.429533;787376;787376;787376;9843;9843;12598016;12598056;100.000;1450.642;1450.642;3023.533;3396.770;3023.533;8.684;1.476;1.720;0.000;0.000;33.976;25.288;8.688;19.799;25.572;3.043;10.729;33.704;0.370;0.488;0;0;0;0;0;0;0;0
174;1;1;1;1124.450619;1124.454478;1124.464507;791921;791921;791921;9900;9900;12670736;12670776;100.000;1263.745;1263.745;3040.986;3416.385;3040.986;10.025;1.838;2.075;0.000;0.000;34.974;24.945;10.029;20.690;28.675;3.859;12.370;33.634;0.300;0.476;0;0;0;0;0;0;0;0
175;1;1;1;1124.483620;1124.486579;1124.494364;785044;785044;785044;9814;9814;12560704;12560744;100.000;1613.475;1613.475;3014.579;3386.716;3014.579;7.782;1.561;1.820;0.000;0.000;29.858;22.072;7.785;23.372;26.075;2.959;8.895;32.101;1.232;0.524;0;0;0;0;0;0;0;0
176;1;1;1;1124.517907;1124.521016;1124.529642;785759;785759;785759;9822;9822;12572144;12572184;100.000;1457.634;1457.634;3017.324;3389.765;3017.324;8.623;1.676;1.936;0.000;0.000;35.278;26.652;8.626;22.448;24.451;3.109;10.839;34.437;1.104;0.560;0;0;0;0;0;0;0;0
177;1;1;1;1124.550698;1124.554023;1124.561885;782963;782963;782963;9788;9788;12527408;12527448;100.000;1594.165;1594.165;3006.588;3377.739;3006.588;7.858;1.405;1.656;0.000;0.000;32.243;24.381;7.862;21.057;24.385;3.325;9.749;33.007;0.327;0.545;0;0;0;0;0;0;0;0
178;1;1;1;1124.584662;1124.588168;1124.598141;783666;783666;783666;9796;9796;12538656;12538696;100.000;1257.251;1257.251;3009.287;3380.742;3009.287;9.969;2.126;2.363;0.000;0.000;36.256;26.283;9.973;23.694;27.508;3.506;12.671;34.145;0.812;0.562;0;0;0;0;0;0;0;0
179;1;1;1;1124.617739;1124.621605;1124.630812;786714;786714;786714;9834;9834;12587424;12587464;100.000;1367.451;1367.451;3020.991;3393.887;3020.991;9.191;1.334;1.580;0.000;0.000;32.671;23.464;9.207;17.157;28.180;3.867;12.009;33.437;0.104;0.533;0;0;0;0;0;0;0;0
180;1;1;1;1124.650679;1124.653977;1124.663491;787583;787583;787583;9845;9845;12601328;12601368;100.000;1324.962;1324.962;3024.328;3397.641;3024.328;9.510;1.841;2.082;0.000;0.000;32.679;23.164;9.514;21.885;29.114;3.297;11.354;32.371;0.962;0.560;0;0;0;0;0;0;0;0
181;1;1;1;1124.683983;1124.686782;1124.694857;793719;793719;793719;9922;9922;12699504;12699544;100.000;1572.759;1572.759;3047.891;3424.123;3047.891;8.071;1.632;1.872;0.000;0.000;31.366;23.291;8.075;23.189;25.744;2.798;9.387;32.805;0.528;0.558;0;0;0;0;0;0;0;0
182;1;1;1;1124.717674;1124.721150;1124.730163;792329;792329;792329;9905;9905;12677264;12677304;100.000;1406.692;1406.692;3042.553;3418.141;3042.553;9.008;1.508;1.757;0.000;0.000;35.306;26.294;9.013;19.495;25.527;3.476;11.360;34.368;1.035;0.588;0;0;0;0;0;0;0;0
183;1;1;1;1124.750774;1124.754045;1124.762797;801464;801464;801464;10019;10019;12823424;12823464;100.000;1465.478;1465.478;3077.631;3457.542;3077.631;8.745;1.873;2.129;0.000;0.000;32.634;23.883;8.751;24.327;26.816;3.271;10.660;32.895;0.438;0.579;0;0;0;0;0;0;0;0
184;1;1;1;1124.784107;1124.786883;1124.794767;796948;796948;796948;9962;9962;12751168;12751208;100.000;1617.697;1617.697;3060.290;3438.039;3060.290;7.882;1.417;1.683;0.000;0.000;31.971;24.086;7.885;21.341;24.662;2.775;9.298;32.837;0.496;0.573;0;0;0;0;0;0;0;0
185;1;1;1;1124.817659;1124.820930;1124.830320;802598;802598;802598;10033;10033;12841568;12841608;100.000;1367.865;1367.865;3081.986;3462.428;3081.986;9.387;1.774;2.023;0.000;0.000;35.553;26.162;9.391;21.546;26.414;3.271;11.517;34.047;0.714;0.582;0;0;0;0;0;0;0;0
186;1;1;1;1124.850975;1124.854515;1124.864069;797039;797039;797039;9963;9963;12752624;12752664;100.000;1335.136;1335.136;3060.639;3438.427;3060.639;9.551;1.788;2.043;0.000;0.000;33.748;24.194;9.554;21.379;28.309;3.540;11.932;33.585;0.252;0.562;0;0;0;0;0;0;0;0
187;1;1;1;1124.884761;1124.888020;1124.896208;797511;797511;797511;9969;9969;12760176;12760216;100.000;1558.565;1558.565;3062.452;3440.467;3062.452;8.184;1.572;1.823;0.000;0.000;32.140;23.952;8.188;22.260;25.476;3.259;10.738;33.506;0.172;0.537;0;0;0;0;0;0;0;0
188;1;1;1;1124.917502;1124.920960;1124.930092;794879;794879;794879;9936;9936;12718064;12718104;100.000;1392.819;1392.819;3052.345;3429.108;3052.345;9.129;1.882;2.139;0.000;0.000;33.884;24.752;9.132;23.428;26.950;3.458;11.289;32.940;0.393;0.528;0;0;0;0;0;0;0;0
189;1;1;1;1124.950638;1124.954066;1124.963186;793590;793590;793590;9920;9920;12697440;12697480;100.000;1393.236;1393.236;3047.395;3423.552;3047.395;9.116;1.422;1.653;0.000;0.000;33.094;23.974;9.120;18.124;27.557;3.428;11.049;33.106;0.227;0.509;0;0;0;0;0;0;0;0
190;1;1;1;1124.984415;1124.987920;1124.997896;788938;788938;788938;9862;9862;12623008;12623048;100.000;1265.557;1265.557;3029.532;3403.489;3029.532;9.971;1.854;2.104;0.000;0.000;34.710;24.734;9.975;21.087;28.740;3.505;12.426;33.854;0.521;0.510;0;0;0;0;0;0;0;0
191;1;1;1;1125.018716;1125.021955;1125.031407;784846;784846;784846;9811;9811;12557536;12557576;100.000;1329.036;1329.036;3013.818;3385.842;3013.818;9.448;1.857;2.108;0.000;0.000;33.511;24.059;9.452;22.299;28.205;3.240;12.604;34.035;0.702;0.522;0;0;0;0;0;0;0;0
192;1;1;1;1125.050850;1125.054304;1125.064650;788004;788004;788004;9851;9851;12608064;12608104;100.000;1219.369;1219.369;3025.945;3399.485;3025.945;10.343;1.725;1.957;0.000;0.000;33.243;22.897;10.346;18.912;31.123;3.454;12.514;32.349;0.985;0.551;0;0;0;0;0;0;0;0
193;1;1;1;1125.084881;1125.087914;1125.096591;795964;795964;795964;9950;9950;12735424;12735464;100.000;1468.621;1468.621;3056.511;3433.806;3056.511;8.673;1.616;1.872;0.000;0.000;31.940;23.264;8.676;21.572;27.164;3.033;11.121;33.610;0.277;0.534;0;0;0;0;0;0;0;0
194;1;1;1;1125.117756;1125.121203;1125.131436;799207;799207;799207;9991;9991;12787312;12787352;100.000;1249.758;1249.758;3068.964;3447.814;3068.964;10.229;2.206;2.461;0.000;0.000;34.845;24.613;10.232;24.050;29.365;3.447;12.632;33.289;0.044;0.503;0;0;0;0;0;0;0;0
195;1;1;1;1125.150745;1125.154410;1125.164267;799402;799402;799402;9993;9993;12790432;12790472;100.000;1297.907;1297.907;3069.713;3448.638;3069.713;9.842;1.393;1.656;0.000;0.000;32.832;22.975;9.857;16.805;30.023;3.665;12.131;33.207;0.127;0.480;0;0;0;0;0;0;0;0
196;1;1;1;1125.182924;1125.186193;1125.193908;800483;800483;800483;10007;10007;12807728;12807768;100.000;1660.305;1660.305;3073.864;3453.320;3073.864;7.711;1.477;1.734;0.000;0.000;29.641;21.926;7.715;22.472;26.028;3.269;8.438;31.783;1.551;0.547;0;0;0;0;0;0;0;0
197;1;1;1;1125.218027;1125.221665;1125.232407;798336;798336;798336;9980;9980;12773376;12773416;100.000;1189.814;1189.814;3065.620;3444.052;3065.620;10.738;1.847;2.119;0.000;0.000;38.499;27.757;10.742;19.724;27.902;3.638;13.604;35.472;2.139;0.646;0;0;0;0;0;0;0;0
198;1;1;1;1125.251723;1125.255171;1125.265781;798454;798454;798454;9981;9981;12775264;12775304;100.000;1204.669;1204.669;3066.073;3444.543;3066.073;10.606;1.990;2.240;0.000;0.000;33.374;22.764;10.610;21.114;31.790;3.448;13.644;33.506;0.173;0.617;0;0;0;0;0;0;0;0
199;1;1;1;1125.284998;1125.288470;1125.296764;800770;800770;800770;10010;10010;12812320;12812360;100.000;1544.925;1544.925;3074.966;3454.536;3074.966;8.288;1.752;1.998;0.000;0.000;30.983;22.689;8.294;24.092;26.769;3.472;11.294;33.299;0.034;0.580;0;0;0;0;0;0;0;0
200;1;1;1;1125.318151;1125.321433;1125.330714;802378;802378;802378;10030;10030;12838048;12838088;100.000;1383.335;1383.335;3081.141;3461.469;3081.141;9.276;1.858;2.118;0.000;0.000;33.950;24.669;9.281;22.822;27.338;3.282;11.911;32.963;0.370;0.567;0;0;0;0;0;0;0;0
201;1;1;1;1125.351104;1125.354633;1125.364483;805285;805285;805285;10067;10067;12884560;12884600;100.000;1308.493;1308.493;3092.304;3474.035;3092.304;9.847;1.371;1.626;0.000;0.000;33.769;23.919;9.850;16.508;29.169;3.529;12.347;33.200;0.133;0.540;0;0;0;0;0;0;0;0
202;1;1;1;1125.384373;1125.387710;1125.395858;803318;803318;803318;10042;10042;12853088;12853128;100.000;1577.657;1577.657;3084.751;3465.534;3084.751;8.144;1.610;1.859;0.000;0.000;31.374;23.227;8.148;22.818;25.969;3.337;10.388;33.077;0.257;0.522;0;0;0;0;0;0;0;0
203;1;1;1;1125.418008;1125.421331;1125.429614;802036;802036;802036;10026;10026;12832576;12832616;100.000;1549.692;1549.692;3079.828;3460.004;3079.828;8.279;1.521;1.780;0.000;0.000;33.757;25.474;8.283;21.486;24.537;3.324;10.811;33.622;0.288;0.508;0;0;0;0;0;0;0;0
204;1;1;1;1125.450841;1125.454410;1125.465306;810228;810228;810228;10128;10128;12963648;12963688;100.000;1190.009;1190.009;3111.285;3495.329;3111.285;10.892;2.063;2.306;0.000;0.000;35.692;24.796;10.897;21.167;30.529;3.569;13.170;33.078;0.255;0.492;0;0;0;0;0;0;0;0
205;1;1;1;1125.482955;1125.486196;1125.494359;808185;808185;808185;10103;10103;12930960;12931000;100.000;1584.325;1584.325;3103.440;3486.536;3103.440;8.160;1.587;1.848;0.000;0.000;29.052;20.890;8.163;22.645;28.097;3.241;8.889;31.786;1.547;0.558;0;0;0;0;0;0;0;0
206;1;1;1;1125.518195;1125.521784;1125.531123;815223;815223;815223;10191;10191;13043568;13043608;100.000;1397.214;1397.214;3130.466;3516.899;3130.466;9.335;1.727;1.995;0.000;0.000;36.764;27.426;9.338;21.366;25.401;3.589;12.320;35.588;2.255;0.664;0;0;0;0;0;0;0;0
207;1;1;1;1125.550993;1125.554563;1125.565475;799426;799426;799426;9993;9993;12790816;12790856;100.000;1172.448;1172.448;3069.805;3448.730;3069.805;10.908;1.934;2.171;0.000;0.000;34.352;23.440;10.912;19.900;31.765;3.570;13.338;32.778;0.555;0.657;0;0;0;0;0;0;0;0
208;1;1;1;1125.583949;1125.587243;1125.595266;790320;790320;790320;9879;9879;12645120;12645160;100.000;1576.198;1576.198;3034.838;3409.440;3034.838;8.019;1.734;1.984;0.000;0.000;29.792;21.768;8.023;24.726;26.932;3.294;9.796;32.680;0.653;0.657;0;0;0;0;0;0;0;0
209;1;1;1;1125.617646;1125.621018;1125.628895;795945;795945;795945;9950;9950;12735120;12735160;100.000;1616.807;1616.807;3056.438;3433.733;3056.438;7.873;1.383;1.657;0.000;0.000;33.629;25.751;7.878;21.040;23.425;3.371;10.092;33.775;0.441;0.643;0;0;0;0;0;0;0;0
210;1;1;1;1125.650686;1125.654133;1125.663444;792891;792891;792891;9912;9912;12686256;12686296;100.000;1363.438;1363.438;3044.711;3420.564;3044.711;9.294;1.970;2.229;0.000;0.000;34.549;25.238;9.311;23.935;26.950;3.447;11.307;33.115;0.218;0.617;0;0;0;0;0;0;0;0
211;1;1;1;1125.684651;1125.688063;1125.697949;797320;797320;797320;9967;9967;12757120;12757160;100.000;1290.793;1290.793;3061.718;3439.657;3061.718;9.882;1.732;1.971;0.000;0.000;34.505;24.619;9.886;19.937;28.650;3.412;12.479;33.930;0.597;0.616;0;0;0;0;0;0;0;0
212;1;1;1;1125.718803;1125.722735;1125.733340;805214;805214;805214;10066;10066;12883424;12883464;100.000;1215.202;1215.202;3092.031;3473.724;3092.031;10.601;1.888;2.134;0.000;0.000;35.392;24.787;10.605;20.120;29.964;3.933;14.537;34.672;1.339;0.661;0;0;0;0;0;0;0;0
213;1;1;1;1125.751334;1125.754913;1125.765075;797126;797126;797126;9965;9965;12754016;12754056;100.000;1255.576;1255.576;3060.973;3438.837;3060.973;10.158;1.896;2.135;0.000;0.000;31.735;21.573;10.162;21.011;32.022;3.579;12.939;32.178;1.156;0.692;0;0;0;0;0;0;0;0
214;1;1;1;1125.784647;1125.788265;1125.796538;803136;803136;803136;10040;10040;12850176;12850216;100.000;1553.535;1553.535;3084.052;3464.759;3084.052;8.269;1.674;1.923;0.000;0.000;31.463;23.190;8.272;23.242;26.293;3.618;11.068;33.352;0.019;0.650;0;0;0;0;0;0;0;0
215;1;1;1;1125.819128;1125.822604;1125.831924;809297;809297;809297;10117;10117;12948752;12948792;100.000;1389.373;1389.373;3107.710;3491.337;3107.710;9.316;1.705;1.983;0.000;0.000;35.387;26.066;9.321;21.276;26.340;3.476;13.121;34.338;1.005;0.672;0;0;0;0;0;0;0;0
216;1;1;1;1125.850940;1125.854390;1125.864009;808156;808156;808156;10102;10102;12930496;12930536;100.000;1344.757;1344.757;3103.329;3486.387;3103.329;9.615;1.738;1.982;0.000;0.000;32.085;22.466;9.619;20.602;29.979;3.450;11.873;31.787;1.547;0.727;0;0;0;0;0;0;0;0
217;1;1;1;1125.885054;1125.888678;1125.898991;810355;810355;810355;10130;10130;12965680;12965720;100.000;1257.589;1257.589;3111.773;3495.893;3111.773;10.309;1.883;2.165;0.000;0.000;34.982;24.669;10.313;20.995;29.480;3.624;13.521;34.288;0.954;0.741;0;0;0;0;0;0;0;0
218;1;1;1;1125.919077;1125.922581;1125.932843;810211;810211;810211;10128;10128;12963376;12963416;100.000;1263.542;1263.542;3111.220;3495.264;3111.220;10.258;1.926;2.201;0.000;0.000;33.853;23.590;10.263;21.444;30.316;3.503;14.040;33.903;0.569;0.730;0;0;0;0;0;0;0;0
219;1;1;1;1125.951425;1125.954919;1125.965357;808645;808645;808645;10109;10109;12938320;12938360;100.000;1240.146;1240.146;3105.206;3488.530;3105.206;10.434;1.887;2.127;0.000;0.000;32.514;22.076;10.439;20.376;32.105;3.493;13.221;32.338;0.995;0.747;0;0;0;0;0;0;0;0
220;1;1;1;1125.985315;1125.988792;1125.997346;810783;810783;810783;10135;10135;12972528;12972568;100.000;1516.654;1516.654;3113.416;3497.726;3113.416;8.551;1.549;1.798;0.000;0.000;31.988;23.434;8.554;21.016;26.741;3.477;11.876;33.873;0.539;0.734;0;0;0;0;0;0;0;0
221;1;1;1;1126.019211;1126.022621;1126.030718;807088;807088;807088;10089;10089;12913408;12913448;100.000;1595.217;1595.217;3099.228;3481.793;3099.228;8.093;1.538;1.807;0.000;0.000;33.373;25.276;8.097;22.313;24.262;3.410;11.915;33.830;0.497;0.719;0;0;0;0;0;0;0;0
222;1;1;1;1126.051080;1126.054648;1126.064408;809369;809369;809369;10118;10118;12949904;12949944;100.000;1327.064;1327.064;3107.987;3491.652;3107.987;9.754;1.817;2.060;0.000;0.000;33.690;23.930;9.759;21.112;28.968;3.568;12.271;32.027;1.306;0.756;0;0;0;0;0;0;0;0
223;1;1;1;1126.085891;1126.089422;1126.098948;795354;795354;795354;9942;9942;12725664;12725704;100.000;1336.415;1336.415;3054.169;3431.160;3054.169;9.522;1.733;1.983;0.000;0.000;34.540;25.014;9.526;20.821;27.579;3.531;13.478;34.774;1.440;0.798;0;0;0;0;0;0;0;0
224;1;1;1;1126.119752;1126.123451;1126.133476;795455;795455;795455;9944;9944;12727280;12727320;100.000;1270.110;1270.110;3054.557;3431.624;3054.557;10.021;1.822;2.090;0.000;0.000;34.528;24.503;10.025;20.845;29.035;3.699;14.673;34.029;0.696;0.792;0;0;0;0;0;0;0;0
225;1;1;1;1126.150538;1126.154271;1126.164012;795720;795720;795720;9947;9947;12731520;12731560;100.000;1307.488;1307.488;3055.574;3432.755;3055.574;9.738;1.833;2.097;0.000;0.000;30.536;20.794;9.741;21.524;31.901;3.733;11.875;30.820;2.514;0.900;0;0;0;0;0;0;0;0
226;1;1;1;1126.185291;1126.188779;1126.198519;798723;798723;798723;9985;9985;12779568;12779608;100.000;1312.182;1312.182;3067.106;3445.728;3067.106;9.728;1.783;2.062;0.000;0.000;34.507;24.767;9.739;21.173;28.225;3.488;13.049;34.508;1.175;0.917;0;0;0;0;0;0;0;0
227;1;1;1;1126.219656;1126.223906;1126.234037;807441;807441;807441;10094;10094;12919056;12919096;100.000;1275.572;1275.572;3100.583;3483.338;3100.583;10.126;1.952;2.216;0.000;0.000;35.518;25.388;10.130;21.874;28.522;4.250;15.233;35.127;1.794;0.972;0;0;0;0;0;0;0;0
228;1;1;1;1126.250562;1126.254538;1126.264124;803316;803316;803316;10042;10042;12853056;12853096;100.000;1341.423;1341.423;3084.743;3465.526;3084.743;9.583;1.843;2.108;0.000;0.000;30.088;20.502;9.586;21.987;31.860;3.976;11.988;30.632;2.701;1.080;0;0;0;0;0;0;0;0
229;1;1;1;1126.286055;1126.289878;1126.298254;809074;809074;809074;10114;10114;12945184;12945224;100.000;1545.573;1545.573;3106.854;3490.367;3106.854;8.371;1.702;1.959;0.000;0.000;34.130;25.754;8.376;23.393;24.541;3.823;12.784;35.340;2.007;1.138;0;0;0;0;0;0;0;0
230;1;1;1;1126.319229;1126.322655;1126.332222;808265;808265;808265;10104;10104;12932240;12932280;100.000;1352.319;1352.319;3103.747;3486.881;3103.747;9.562;1.668;1.945;0.000;0.000;33.968;24.401;9.567;20.330;28.164;3.426;13.419;32.777;0.556;1.101;0;0;0;0;0;0;0;0
231;1;1;1;1126.351198;1126.354727;1126.364620;818848;818848;818848;10236;10236;13101568;13101608;100.000;1324.872;1324.872;3144.386;3532.525;3144.386;9.889;1.826;2.089;0.000;0.000;32.398;22.506;9.893;21.111;30.535;3.529;12.484;32.072;1.261;1.111;0;0;0;0;0;0;0;0
232;1;1;1;1126.386427;1126.390136;1126.399619;820617;820617;820617;10258;10258;13129872;13129912;100.000;1385.109;1385.109;3151.179;3540.153;3151.179;9.478;1.820;2.078;0.000;0.000;34.998;25.516;9.482;21.917;27.094;3.710;14.149;35.409;2.075;1.172;0;0;0;0;0;0;0;0
233;1;1;1;1126.420642;1126.424125;1126.434214;814146;814146;814146;10177;10177;13026336;13026376;100.000;1291.297;1291.297;3126.330;3512.232;3126.330;10.084;1.939;2.206;0.000;0.000;34.595;24.507;10.088;21.863;29.161;3.484;15.410;33.989;0.656;1.139;0;0;0;0;0;0;0;0
234;1;1;1;1126.450678;1126.455147;1126.464839;814852;814852;814852;10186;10186;13037632;13037672;100.000;1345.532;1345.532;3129.041;3515.285;3129.041;9.687;1.916;2.189;0.000;0.000;30.625;20.934;9.691;22.583;31.645;4.470;12.702;31.022;2.311;1.213;0;0;0;0;0;0;0;0
235;1;1;1;1126.486463;1126.489974;1126.499715;815725;815725;815725;10197;10197;13051600;13051640;100.000;1340.485;1340.485;3132.394;3519.054;3132.394;9.737;1.852;2.129;0.000;0.000;34.876;25.135;9.741;21.858;27.931;3.510;14.245;34.826;1.493;1.230;0;0;0;0;0;0;0;0
236;1;1;1;1126.520214;1126.524168;1126.534774;816078;816078;816078;10201;10201;13057248;13057288;100.000;1231.580;1231.580;3133.749;3520.561;3133.749;10.602;1.975;2.237;0.000;0.000;35.060;24.453;10.607;21.086;30.253;3.954;15.971;34.194;0.861;1.207;0;0;0;0;0;0;0;0
237;1;1;1;1126.550823;1126.555071;1126.565147;810868;810868;810868;10136;10136;12973888;12973928;100.000;1288.313;1288.313;3113.743;3498.090;3113.743;10.072;1.901;2.157;0.000;0.000;30.373;20.297;10.076;21.404;33.174;4.249;13.011;30.904;2.430;1.283;0;0;0;0;0;0;0;0
238;1;1;1;1126.586061;1126.589650;1126.599551;801907;801907;801907;10024;10024;12830512;12830552;100.000;1296.129;1296.129;3079.332;3459.433;3079.332;9.896;1.878;2.131;0.000;0.000;34.404;24.503;9.901;21.525;28.778;3.589;14.081;34.579;1.246;1.281;0;0;0;0;0;0;0;0
239;1;1;1;1126.620362;1126.624122;1126.633673;799196;799196;799196;9990;9990;12787136;12787176;100.000;1339.018;1339.018;3068.922;3447.733;3068.922;9.547;1.849;2.110;0.000;0.000;34.122;24.571;9.551;22.097;27.990;3.761;14.870;34.472;1.139;1.272;0;0;0;0;0;0;0;0
240;1;1;1;1126.650517;1126.654379;1126.664349;799621;799621;799621;9996;9996;12793936;12793976;100.000;1283.563;1283.563;3070.554;3449.593;3070.554;9.966;1.901;2.149;0.000;0.000;30.676;20.706;9.970;21.553;32.501;3.862;12.213;30.257;3.077;1.385;0;0;0;0;0;0;0;0
241;1;1;1;1126.686028;1126.690322;1126.700441;808174;808174;808174;10103;10103;12930784;12930824;100.000;1278.386;1278.386;3103.398;3486.494;3103.398;10.106;1.931;2.193;0.000;0.000;36.092;25.973;10.119;21.675;28.037;4.293;14.971;35.943;2.609;1.461;0;0;0;0;0;0;0;0
242;1;1;1;1126.720266;1126.724039;1126.733693;810609;810609;810609;10133;10133;12969744;12969784;100.000;1344.134;1344.134;3112.748;3496.982;3112.748;9.650;1.898;2.179;0.000;0.000;33.252;23.598;9.654;22.572;29.033;3.774;14.890;33.717;0.384;1.394;0;0;0;0;0;0;0;0
243;1;1;1;1126.750623;1126.754784;1126.764470;809086;809086;809086;10114;10114;12945376;12945416;100.000;1336.694;1336.694;3106.900;3490.413;3106.900;9.682;1.849;2.110;0.000;0.000;30.777;21.091;9.686;21.788;31.471;4.162;12.333;30.745;2.588;1.469;0;0;0;0;0;0;0;0
244;1;1;1;1126.786992;1126.790621;1126.799965;804105;804105;804105;10052;10052;12865680;12865720;100.000;1377.119;1377.119;3087.773;3468.935;3087.773;9.340;1.719;1.982;0.000;0.000;35.495;26.152;9.343;21.209;26.323;3.630;14.495;35.837;2.504;1.533;0;0;0;0;0;0;0;0
245;1;1;1;1126.820354;1126.823976;1126.833560;810243;810243;810243;10129;10129;12963888;12963928;100.000;1353.086;1353.086;3111.343;3495.425;3111.343;9.580;1.766;2.022;0.000;0.000;33.595;24.011;9.584;21.094;28.528;3.622;14.757;33.355;0.021;1.439;0;0;0;0;0;0;0;0
246;1;1;1;1126.850686;1126.854317;1126.863599;808451;808451;808451;10106;10106;12935216;12935256;100.000;1394.507;1394.507;3104.461;3487.671;3104.461;9.279;1.809;2.079;0.000;0.000;30.039;20.757;9.282;22.397;30.899;3.632;11.463;30.341;2.992;1.536;0;0;0;0;0;0;0;0
247;1;1;1;1126.886493;1126.890044;1126.900122;818595;818595;818595;10233;10233;13097520;13097560;100.000;1300.105;1300.105;3143.414;3531.440;3143.414;10.075;1.847;2.096;0.000;0.000;36.522;26.444;10.078;20.801;27.595;3.550;14.652;35.726;2.393;1.590;0;0;0;0;0;0;0;0
248;1;1;1;1126.920359;1126.924014;1126.933725;813416;813416;813416;10168;10168;13014656;13014696;100.000;1340.744;1340.744;3123.527;3509.088;3123.527;9.708;1.900;2.161;0.000;0.000;33.604;23.892;9.711;22.251;28.900;3.655;14.922;33.971;0.637;1.530;0;0;0;0;0;0;0;0
249;1;1;1;1126.950612;1126.954415;1126.964679;816251;816251;816251;10204;10204;13060016;13060056;100.000;1272.833;1272.833;3134.413;3521.340;3134.413;10.260;1.991;2.265;0.000;0.000;30.954;20.689;10.265;22.069;33.161;3.802;12.543;30.400;2.933;1.618;0;0;0;0;0;0;0;0
250;1;1;1;1126.986444;1126.990586;1127.000776;820584;820584;820584;10258;10258;13129344;13129384;100.000;1288.821;1288.821;3151.052;3540.026;3151.052;10.186;1.942;2.206;0.000;0.000;36.097;25.907;10.190;21.646;28.230;4.142;15.307;36.172;2.838;1.694;0;0;0;0;0;0;0;0
251;1;1;1;1127.020287;1127.024035;1127.033836;817535;817535;817535;10220;10220;13080560;13080600;100.000;1334.909;1334.909;3139.344;3526.877;3139.344;9.797;1.918;2.198;0.000;0.000;33.059;23.258;9.801;22.428;29.647;3.747;15.033;33.448;0.115;1.595;0;0;0;0;0;0;0;0
252;1;1;1;1127.050959;1127.055190;1127.065006;812707;812707;812707;10159;10159;13003312;13003352;100.000;1325.176;1325.176;3120.804;3506.024;3120.804;9.812;1.870;2.122;0.000;0.000;31.170;21.355;9.815;21.615;31.490;4.232;12.869;31.156;2.178;1.632;0;0;0;0;0;0;0;0
253;1;1;1;1127.086601;1127.090708;1127.100381;811017;811017;811017;10138;10138;12976272;12976312;100.000;1342.158;1342.158;3114.315;3498.738;3114.315;9.669;1.886;2.166;0.000;0.000;35.375;25.702;9.673;22.397;27.344;4.107;14.911;35.518;2.184;1.666;0;0;0;0;0;0;0;0
254;1;1;1;1127.120676;1127.124435;1127.134785;812416;812416;812416;10156;10156;12998656;12998696;100.000;1256.152;1256.152;3119.687;3504.793;3119.687;10.346;2.065;2.332;0.000;0.000;34.404;24.054;10.350;22.534;30.084;3.758;15.982;33.727;0.394;1.587;0;0;0;0;0;0;0;0
255;1;1;1;1127.151412;1127.155509;1127.165021;815874;815874;815874;10199;10199;13053984;13054024;100.000;1373.032;1373.032;3132.966;3519.702;3132.966;9.509;1.820;2.076;0.000;0.000;30.236;20.724;9.512;21.827;31.459;4.097;12.884;31.074;2.259;1.629;0;0;0;0;0;0;0;0
256;1;1;1;1127.186417;1127.190041;1127.200006;811813;811813;811813;10148;10148;12989008;12989048;100.000;1303.599;1303.599;3117.372;3502.174;3117.372;9.961;1.988;2.246;0.000;0.000;34.985;25.020;9.965;22.535;28.483;3.624;14.536;34.532;1.199;1.602;0;0;0;0;0;0;0;0
257;1;1;1;1127.220757;1127.224396;1127.232237;809323;809323;809323;10117;10117;12949168;12949208;100.000;1651.749;1651.749;3107.810;3491.437;3107.810;7.823;1.643;1.906;0.000;0.000;32.231;24.391;7.841;24.310;24.326;3.639;13.434;34.356;1.022;1.566;0;0;0;0;0;0;0;0
258;1;1;1;1127.250986;1127.254881;1127.264116;806066;806066;806066;10076;10076;12897056;12897096;100.000;1397.140;1397.140;3095.303;3477.375;3095.303;9.232;1.756;2.009;0.000;0.000;31.880;22.644;9.236;21.757;28.971;3.895;11.980;30.484;2.849;1.646;0;0;0;0;0;0;0;0
259;1;1;1;1127.286064;1127.289734;1127.298908;803994;803994;803994;10050;10050;12863904;12863944;100.000;1402.234;1402.234;3087.347;3468.433;3087.347;9.171;1.655;1.899;0.000;0.000;34.792;25.617;9.175;20.697;26.370;3.669;13.438;34.853;1.520;1.638;0;0;0;0;0;0;0;0
260;1;1;1;1127.319893;1127.323692;1127.333215;804675;804675;804675;10059;10059;12874800;12874840;100.000;1352.368;1352.368;3089.962;3471.389;3089.962;9.519;1.850;2.122;0.000;0.000;34.307;24.784;9.523;22.287;27.758;3.799;14.412;33.958;0.625;1.575;0;0;0;0;0;0;0;0
261;1;1;1;1127.351056;1127.354741;1127.364760;803023;803023;803023;10038;10038;12848368;12848408;100.000;1282.894;1282.894;3083.618;3464.249;3083.618;10.016;1.899;2.151;0.000;0.000;31.546;21.526;10.020;21.470;31.763;3.685;12.624;31.048;2.285;1.619;0;0;0;0;0;0;0;0
262;1;1;1;1127.386475;1127.390012;1127.399606;804900;804900;804900;10062;10062;12878400;12878440;100.000;1342.677;1342.677;3090.826;3472.367;3090.826;9.590;1.803;2.077;0.000;0.000;34.845;25.252;9.594;21.647;27.533;3.537;14.136;35.271;1.938;1.639;0;0;0;0;0;0;0;0
263;1;1;1;1127.420020;1127.423451;1127.433443;801032;801032;801032;10013;10013;12816512;12816552;100.000;1283.380;1283.380;3075.972;3455.656;3075.972;9.988;1.900;2.184;0.000;0.000;33.837;23.845;9.991;21.855;29.528;3.432;14.639;33.439;0.106;1.543;0;0;0;0;0;0;0;0
264;1;1;1;1127.451374;1127.455583;1127.465785;793638;793638;793638;9921;9921;12698208;12698248;100.000;1244.734;1244.734;3047.580;3423.774;3047.580;10.199;1.879;2.128;0.000;0.000;32.342;22.140;10.202;20.856;31.544;4.209;13.648;32.132;1.202;1.522;0;0;0;0;0;0;0;0
265;1;1;1;1127.486283;1127.489634;1127.499630;801156;801156;801156;10015;10015;12818496;12818536;100.000;1283.036;1283.036;3076.449;3456.208;3076.449;9.991;1.909;2.166;0.000;0.000;33.845;23.849;9.996;21.665;29.534;3.350;14.160;34.051;0.718;1.472;0;0;0;0;0;0;0;0
266;1;1;1;1127.520151;1127.524271;1127.534545;804749;804749;804749;10060;10060;12875984;12876024;100.000;1253.549;1253.549;3090.246;3471.711;3090.246;10.270;1.939;2.211;0.000;0.000;34.916;24.641;10.274;21.516;29.426;4.120;15.742;34.637;1.304;1.461;0;0;0;0;0;0;0;0
267;1;1;1;1127.550726;1127.554558;1127.564005;805449;805449;805449;10069;10069;12887184;12887224;100.000;1364.875;1364.875;3092.934;3474.741;3092.934;9.443;1.793;2.042;0.000;0.000;29.460;20.013;9.447;21.611;32.067;3.832;11.868;30.287;3.046;1.560;0;0;0;0;0;0;0;0
268;1;1;1;1127.585546;1127.589083;1127.598638;805329;805329;805329;10067;10067;12885264;12885304;100.000;1349.130;1349.130;3092.473;3474.204;3092.473;9.551;1.766;2.016;0.000;0.000;34.633;25.078;9.554;21.103;27.588;3.537;13.168;34.525;1.192;1.537;0;0;0;0;0;0;0;0
269;1;1;1;1127.619376;1127.622883;1127.632749;805419;805419;805419;10068;10068;12886704;12886744;100.000;1306.792;1306.792;3092.819;3474.588;3092.819;9.862;1.827;2.089;0.000;0.000;34.111;24.246;9.866;21.170;28.922;3.507;13.946;33.800;0.467;1.470;0;0;0;0;0;0;0;0
270;1;1;1;1127.651109;1127.654481;1127.664259;804474;804474;804474;10056;10056;12871584;12871624;100.000;1316.543;1316.543;3089.190;3470.504;3089.190;9.774;1.865;2.137;0.000;0.000;31.510;21.732;9.778;21.856;31.032;3.372;12.123;31.598;1.736;1.487;0;0;0;0;0;0;0;0
271;1;1;1;1127.685865;1127.689167;1127.698710;796101;796101;796101;9952;9952;12737616;12737656;100.000;1335.563;1335.563;3057.037;3434.408;3057.037;9.539;1.868;2.130;0.000;0.000;34.451;24.908;9.543;22.315;27.700;3.302;13.240;34.686;1.352;1.478;0;0;0;0;0;0;0;0
272;1;1;1;1127.719463;1127.722870;1127.732674;805073;805073;805073;10064;10064;12881168;12881208;100.000;1314.392;1314.392;3091.490;3473.107;3091.490;9.789;1.768;2.021;0.000;0.000;33.964;24.161;9.803;20.616;28.864;3.407;13.870;33.704;0.370;1.409;0;0;0;0;0;0;0;0
273;1;1;1;1127.751194;1127.754669;1127.764763;797204;797204;797204;9966;9966;12755264;12755304;100.000;1263.877;1263.877;3061.273;3439.174;3061.273;10.091;1.854;2.107;0.000;0.000;32.089;21.995;10.094;20.869;31.456;3.474;12.626;31.798;1.535;1.417;0;0;0;0;0;0;0;0
274;1;1;1;1127.786568;1127.790195;1127.798172;805139;805139;805139;10065;10065;12882224;12882264;100.000;1615.058;1615.058;3091.743;3473.399;3091.743;7.974;1.606;1.853;0.000;0.000;33.409;25.432;7.977;23.235;23.877;3.626;12.702;35.526;2.193;1.466;0;0;0;0;0;0;0;0
275;1;1;1;1127.819196;1127.822523;1127.831074;808073;808073;808073;10101;10101;12929168;12929208;100.000;1512.558;1512.558;3103.010;3486.030;3103.010;8.547;1.560;1.840;0.000;0.000;32.903;24.351;8.552;21.517;25.991;3.326;12.271;32.328;1.005;1.437;0;0;0;0;0;0;0;0
276;1;1;1;1127.851493;1127.855116;1127.864901;813584;813584;813584;10170;10170;13017344;13017384;100.000;1330.812;1330.812;3124.172;3509.809;3124.172;9.782;1.777;2.019;0.000;0.000;33.827;24.041;9.786;20.636;28.929;3.623;12.765;32.593;0.740;1.393;0;0;0;0;0;0;0;0
277;1;1;1;1127.886019;1127.889398;1127.898951;812306;812306;812306;10154;10154;12996896;12996936;100.000;1360.762;1360.762;3119.265;3504.295;3119.265;9.549;1.799;2.073;0.000;0.000;34.050;24.497;9.553;21.695;28.056;3.379;13.481;34.283;0.949;1.365;0;0;0;0;0;0;0;0
278;1;1;1;1127.919654;1127.923388;1127.933964;817500;817500;817500;10219;10219;13080000;13080040;100.000;1237.007;1237.007;3139.210;3526.704;3139.210;10.573;1.946;2.212;0.000;0.000;35.013;24.437;10.576;20.912;30.206;3.734;15.161;33.990;0.657;1.321;0;0;0;0;0;0;0;0
279;1;1;1;1127.950860;1127.954766;1127.964311;824803;824803;824803;10311;10311;13196848;13196888;100.000;1382.731;1382.731;3167.253;3558.237;3167.253;9.542;1.820;2.082;0.000;0.000;30.348;20.802;9.546;21.813;31.454;3.906;12.175;31.378;1.955;1.361;0;0;0;0;0;0;0;0
280;1;1;1;1127.986006;1127.989538;1127.999097;813944;813944;813944;10175;10175;13023104;13023144;100.000;1363.020;1363.020;3125.555;3511.381;3125.555;9.555;1.904;2.172;0.000;0.000;34.785;25.226;9.559;22.724;27.481;3.532;13.627;34.772;1.438;1.366;0;0;0;0;0;0;0;0
281;1;1;1;1128.020715;1128.024229;1128.034032;815307;815307;815307;10192;10192;13044912;13044952;100.000;1331.182;1331.182;3130.788;3517.260;3130.788;9.797;1.934;2.211;0.000;0.000;34.935;25.132;9.802;22.560;28.059;3.514;15.228;34.692;1.358;1.365;0;0;0;0;0;0;0;0
282;1;1;1;1128.050891;1128.054770;1128.064508;816329;816329;816329;10205;10205;13061264;13061304;100.000;1341.986;1341.986;3134.713;3521.677;3134.713;9.734;1.839;2.091;0.000;0.000;30.477;20.739;9.738;21.476;31.952;3.879;12.372;30.541;2.792;1.454;0;0;0;0;0;0;0;0
283;1;1;1;1128.086978;1128.090315;1128.099964;813249;813249;813249;10166;10166;13011984;13012024;100.000;1348.802;1348.802;3122.886;3508.371;3122.886;9.645;1.936;2.205;0.000;0.000;35.456;25.806;9.650;22.850;27.217;3.336;14.495;35.544;2.211;1.502;0;0;0;0;0;0;0;0
284;1;1;1;1128.120532;1128.124057;1128.133833;809333;809333;809333;10117;10117;12949328;12949368;100.000;1324.850;1324.850;3107.848;3491.475;3107.848;9.772;1.872;2.134;0.000;0.000;33.868;24.093;9.776;21.828;28.864;3.525;15.030;33.743;0.409;1.433;0;0;0;0;0;0;0;0
285;1;1;1;1128.150798;1128.154816;1128.163780;815482;815482;815482;10194;10194;13047712;13047752;100.000;1456.486;1456.486;3131.460;3518.007;3131.460;8.959;1.716;1.966;0.000;0.000;29.947;20.983;8.963;21.936;29.931;4.018;11.643;30.759;2.574;1.505;0;0;0;0;0;0;0;0
286;1;1;1;1128.186514;1128.189926;1128.199998;814633;814633;814633;10183;10183;13034128;13034168;100.000;1294.205;1294.205;3128.200;3514.330;3128.200;10.069;1.945;2.216;0.000;0.000;36.218;26.146;10.072;22.002;27.810;3.412;14.528;35.109;1.776;1.522;0;0;0;0;0;0;0;0
287;1;1;1;1128.220576;1128.224226;1128.234126;814941;814941;814941;10187;10187;13039056;13039096;100.000;1317.414;1317.414;3129.383;3515.664;3129.383;9.895;1.972;2.245;0.000;0.000;34.128;24.228;9.900;22.681;29.009;3.650;15.323;34.300;0.967;1.487;0;0;0;0;0;0;0;0
288;1;1;1;1128.250896;1128.255586;1128.265096;818847;818847;818847;10236;10236;13101552;13101592;100.000;1378.686;1378.686;3144.382;3532.522;3144.382;9.507;1.788;2.046;0.000;0.000;30.970;21.460;9.510;21.515;30.708;4.690;12.960;31.360;1.973;1.517;0;0;0;0;0;0;0;0
289;1;1;1;1128.286819;1128.290296;1128.299592;824052;824052;824052;10301;10301;13184832;13184872;100.000;1419.054;1419.054;3164.369;3554.974;3164.369;9.292;1.747;2.013;0.000;0.000;34.496;25.200;9.296;21.658;26.949;3.477;14.123;34.710;1.377;1.509;0;0;0;0;0;0;0;0
290;1;1;1;1128.320402;1128.324385;1128.334297;835458;835458;835458;10444;10444;13367328;13367368;100.000;1349.003;1349.003;3208.168;3604.195;3208.168;9.907;1.866;2.127;0.000;0.000;34.704;24.793;9.912;21.455;28.560;3.984;15.494;34.089;0.756;1.462;0;0;0;0;0;0;0;0
291;1;1;1;1128.350658;1128.354576;1128.364734;819605;819605;819605;10246;10246;13113680;13113720;100.000;1291.158;1291.158;3147.293;3535.812;3147.293;10.153;1.915;2.185;0.000;0.000;30.437;20.279;10.158;21.511;33.373;3.919;12.597;30.191;3.142;1.567;0;0;0;0;0;0;0;0
292;1;1;1;1128.386458;1128.389962;1128.400543;827799;827799;827799;10348;10348;13244784;13244824;100.000;1252.111;1252.111;3178.758;3571.144;3178.758;10.577;2.104;2.380;0.000;0.000;35.809;25.228;10.581;22.498;29.548;3.504;15.073;35.386;2.052;1.597;0;0;0;0;0;0;0;0
293;1;1;1;1128.420678;1128.424987;1128.434850;830771;830771;830771;10385;10385;13292336;13292376;100.000;1348.166;1348.166;3190.170;3583.960;3190.170;9.858;1.929;2.222;0.000;0.000;34.307;24.445;9.862;22.535;28.747;4.309;16.047;35.025;1.692;1.603;0;0;0;0;0;0;0;0
294;1;1;1;1128.451050;1128.455504;1128.465774;835004;835004;835004;10438;10438;13360064;13360104;100.000;1301.069;1301.069;3206.425;3602.224;3206.425;10.266;1.978;2.242;0.000;0.000;30.925;20.654;10.270;21.829;33.210;4.454;13.638;30.517;2.817;1.679;0;0;0;0;0;0;0;0
295;1;1;1;1128.486892;1128.491026;1128.500666;814967;814967;814967;10188;10188;13039472;13039512;100.000;1352.934;1352.934;3129.483;3515.802;3129.483;9.637;1.916;2.186;0.000;0.000;34.892;25.252;9.640;22.674;27.628;4.134;15.196;35.522;2.189;1.711;0;0;0;0;0;0;0;0
296;1;1;1;1128.520359;1128.524350;1128.534396;818656;818656;818656;10234;10234;13098496;13098536;100.000;1304.526;1304.526;3143.649;3531.712;3143.649;10.041;2.002;2.265;0.000;0.000;33.729;23.684;10.045;22.552;29.782;3.991;15.592;33.324;0.009;1.604;0;0;0;0;0;0;0;0
297;1;1;1;1128.551421;1128.555398;1128.564776;819807;819807;819807;10248;10248;13116912;13116952;100.000;1398.921;1398.921;3148.068;3536.663;3148.068;9.375;1.882;2.139;0.000;0.000;30.381;21.002;9.378;22.804;30.869;3.977;12.640;31.048;2.286;1.647;0;0;0;0;0;0;0;0
298;1;1;1;1128.586664;1128.590297;1128.599932;814766;814766;814766;10185;10185;13036256;13036296;100.000;1353.282;1353.282;3128.711;3514.917;3128.711;9.631;1.877;2.144;0.000;0.000;35.156;25.521;9.635;22.254;27.406;3.633;14.462;34.899;1.566;1.642;0;0;0;0;0;0;0;0
299;1;1;1;1128.620886;1128.624663;1128.634072;809259;809259;809259;10116;10116;12948144;12948184;100.000;1376.188;1376.188;3107.564;3491.153;3107.564;9.406;1.820;2.081;0.000;0.000;34.141;24.731;9.409;22.119;27.561;3.777;15.269;34.366;1.033;1.604;0;0;0;0;0;0;0;0
300;1;1;1;1128.650860;1128.654924;1128.664726;812212;812212;812212;10153;10153;12995392;12995432;100.000;1326.017;1326.017;3118.904;3503.896;3118.904;9.798;1.844;2.097;0.000;0.000;30.654;20.852;9.802;21.391;31.977;4.064;12.590;30.261;3.072;1.696;0;0;0;0;0;0;0;0
