frame_id;rx_complete;current_skip;yaw;pitch;zoom;camera_send_timestamp;recv_start_timestamp;node_exit_timestamp;original_points;arrived_points;eroded_points;valid_points;rx_points;rx_packets;payload_bytes;data_integrity_pct;internal_throughput_mbs;logical_bitrate_mbps;network_bitrate_mbps;arrival_pct;erosion_pct;valid_pct;web_publish_ms;web_ack_ms;active_process_ms;total_residency_ms;node_efficiency_pct;camera_node_ms;e2e_latency_ms;reference_e2e_ms;schedule_delay_ms;inter_arrival_ms;instant_jitter_ms;desynced_jitter_ms;cmd_id;reference_cmd_ms;cmd_apply_ms;cmd_photon_ms;quality_save_ms;mean_error;geom_rmse;chamfer;hausdorff;mean_mm;rmse_mm;chamfer_mm;hausdorff_mm
1;1;1;0.000000;0.000000;1.000000;2799.153300;2799.334452;2799.336767;784142;178911;159140;146318;146318;1829;2341088;100.000;1012.030;561.874;603.123;22.816;88.949;18.660;0.000;117.540;0.849;2.314;36.676;181.152;183.466;183.465;2.314;0.000;0.000;0.000;0;0.000;0.000;0.000;0.000;nan;nan;nan;nan;nan;nan;nan;nan
2;1;1;0.000000;0.000000;1.000000;2799.186900;2799.382510;2799.387571;783406;169393;156499;144182;144182;1803;2306912;100.000;455.965;553.671;594.335;21.623;92.388;18.405;0.000;0.000;4.501;5.061;88.934;195.609;200.670;200.669;19.785;48.058;14.724;0.920;0;0.000;0.000;0.000;0.000;nan;nan;nan;nan;nan;nan;nan;nan
3;1;1;0.000000;0.000000;1.000000;2799.222534;2799.414435;2799.415910;780200;164369;153953;141754;141754;1772;2268064;100.000;1539.007;544.348;584.312;21.068;93.663;18.169;0.000;0.000;0.965;1.474;65.425;191.902;193.376;193.375;14.791;31.925;1.408;0.951;0;0.000;0.000;0.000;0.000;nan;nan;nan;nan;nan;nan;nan;nan
4;1;1;0.000000;0.000000;1.000000;2799.255183;2799.453696;2799.455386;778467;160176;150044;139430;139430;1743;2230880;100.000;1321.002;535.424;574.733;20.576;93.674;17.911;0.000;99.721;1.094;1.690;64.734;198.513;200.203;200.202;20.933;39.261;5.928;1.262;0;0.000;0.000;0.000;0.000;nan;nan;nan;nan;nan;nan;nan;nan
5;1;1;0.000000;0.000000;1.000000;2799.287651;2799.496881;2799.502658;776427;157416;147596;137802;137802;1723;2204832;100.000;381.735;529.172;568.031;20.274;93.762;17.748;0.001;0.000;4.867;5.778;84.244;209.230;215.007;215.006;34.873;43.184;9.851;1.799;0;0.000;0.000;0.000;0.000;nan;nan;nan;nan;nan;nan;nan;nan
6;1;1;0.000000;0.000000;1.000000;2799.323069;2799.515815;2799.517128;774893;155704;146684;137230;137230;1716;2195680;100.000;1671.922;526.976;565.676;20.094;94.207;17.710;0.000;151.590;0.854;1.314;64.970;192.745;194.059;194.059;16.009;18.934;14.399;2.586;0;0.000;0.000;0.000;0.000;nan;nan;nan;nan;nan;nan;nan;nan
7;1;1;0.000000;0.000000;1.000000;2799.355352;2799.545315;2799.556387;775949;155769;147285;137590;137590;1720;2201440;100.000;198.844;528.358;567.149;20.075;94.553;17.732;0.000;0.000;0.935;11.073;8.441;189.963;201.035;201.034;21.935;29.500;3.833;2.664;0;0.000;0.000;0.000;0.000;nan;nan;nan;nan;nan;nan;nan;nan
8;1;1;0.000000;0.000000;1.000000;2799.389246;2799.598029;2799.605235;775463;154945;147291;137746;137746;1722;2203936;100.000;305.909;528.957;567.793;19.981;95.060;17.763;0.000;0.000;6.334;7.206;87.904;208.783;215.989;215.988;37.449;52.714;19.381;3.709;0;0.000;0.000;0.000;0.000;nan;nan;nan;nan;nan;nan;nan;nan
9;1;1;0.000000;0.000000;1.000000;2799.420268;2799.618316;2799.630245;775698;154624;147515;138024;138024;1726;2208384;100.000;185.159;530.025;568.951;19.934;95.402;17.794;0.000;0.000;11.001;11.929;92.224;198.049;209.978;209.976;29.126;20.287;13.046;4.293;0;0.000;0.000;0.000;0.000;nan;nan;nan;nan;nan;nan;nan;nan
10;1;1;0.000000;0.000000;1.000000;2799.454080;2799.651821;2799.653373;778020;153992;146840;138278;138278;1729;2212448;100.000;1426.094;531.000;569.994;19.793;95.356;17.773;0.000;218.932;1.003;1.552;64.582;197.741;199.293;199.292;18.921;33.504;0.171;4.035;0;0.000;0.000;0.000;0.000;nan;nan;nan;nan;nan;nan;nan;nan
11;1;1;0.000000;0.000000;1.000000;2799.487077;2799.685634;2799.703270;778554;154581;147771;139114;139114;1739;2225824;100.000;126.226;534.210;573.430;19.855;95.595;17.868;0.001;0.000;1.592;17.636;9.026;198.557;216.193;216.191;35.484;33.813;0.480;3.813;0;0.000;0.000;0.000;0.000;nan;nan;nan;nan;nan;nan;nan;nan
12;1;1;0.000000;0.000000;1.000000;2799.522190;2799.713932;2799.719467;779986;155588;149026;140496;140496;1757;2247936;100.000;406.202;539.517;579.143;19.948;95.782;18.013;0.000;0.000;1.001;5.535;18.078;191.742;197.277;197.277;18.348;28.298;5.035;3.889;0;0.000;0.000;0.000;0.000;nan;nan;nan;nan;nan;nan;nan;nan
13;1;1;0.000000;0.000000;1.000000;2799.553537;2799.749364;2799.773894;780926;157785;151108;142868;142868;1786;2285888;100.000;93.193;548.626;588.905;20.205;95.768;18.295;0.000;0.000;1.170;24.530;4.768;195.827;220.357;220.356;39.442;35.432;2.099;3.777;0;0.000;0.000;0.000;0.000;nan;nan;nan;nan;nan;nan;nan;nan
14;1;1;0.000000;0.000000;1.000000;2799.586992;2799.789297;2799.806540;782770;159421;153009;144928;144928;1812;2318848;100.000;134.489;556.536;597.402;20.366;95.978;18.515;0.000;0.000;16.293;17.243;94.489;202.304;219.548;219.547;38.754;39.933;6.600;3.954;0;0.000;0.000;0.000;0.000;nan;nan;nan;nan;nan;nan;nan;nan
15;1;1;0.000000;0.000000;1.000000;2799.622851;2799.819531;2799.827176;784474;159965;153314;146044;146044;1826;2336704;100.000;305.781;560.821;602.004;20.391;95.842;18.617;0.001;0.000;6.810;7.645;89.069;196.680;204.325;204.322;26.057;30.234;3.099;3.900;0;0.000;0.000;0.000;0.000;nan;nan;nan;nan;nan;nan;nan;nan
16;1;1;0.000000;0.000000;1.000000;2799.653713;2799.854618;2799.872422;785193;177968;156948;145822;145822;1823;2333152;100.000;131.060;559.969;601.083;22.666;88.189;18.571;0.000;130.695;1.054;17.805;5.919;200.905;218.710;218.708;37.970;35.087;1.754;3.766;0;0.000;0.000;0.000;0.000;nan;nan;nan;nan;nan;nan;nan;nan
17;1;1;0.087266;0.000000;1.000000;2799.687103;2799.902178;2799.922178;782720;169127;155796;144126;144126;1802;2306016;100.000;115.315;553.456;594.097;21.608;92.118;18.413;0.000;0.000;10.941;19.999;54.705;215.075;235.074;235.073;54.392;47.560;14.227;4.420;1;6.413;56.169;254.000;0.000;nan;nan;nan;nan;nan;nan;nan;nan
18;1;1;0.087266;0.000000;1.000000;2799.720236;2799.922342;2799.937690;781613;164376;152343;141930;141930;1775;2270880;100.000;147.982;545.024;585.055;21.030;92.680;18.159;0.001;0.000;14.465;15.348;94.249;202.106;217.454;217.452;36.571;20.164;13.169;4.967;0;0.000;0.000;0.000;0.000;nan;nan;nan;nan;nan;nan;nan;nan
19;1;1;0.087266;0.000000;1.000000;2799.753652;2799.952933;2799.972557;780006;160684;150225;139740;139740;1747;2235840;100.000;113.943;536.614;576.014;20.600;93.491;17.915;0.000;0.000;1.142;19.624;5.817;199.280;218.905;218.903;38.104;30.590;2.743;4.828;0;0.000;0.000;0.000;0.000;nan;nan;nan;nan;nan;nan;nan;nan
20;1;1;0.087266;0.000000;1.000000;2799.787030;2799.988977;2799.990739;780302;157894;148300;138346;138346;1730;2213536;100.000;1256.793;531.261;570.277;20.235;93.924;17.730;0.000;127.842;1.183;1.762;67.136;201.947;203.709;203.708;22.954;36.045;2.712;4.695;0;0.000;0.000;0.000;0.000;nan;nan;nan;nan;nan;nan;nan;nan
21;1;1;0.087266;0.000000;1.000000;2799.820344;2800.030261;2800.043540;779066;156303;147479;137844;137844;1724;2205504;100.000;166.092;529.333;568.214;20.063;94.355;17.693;0.000;0.000;12.158;13.280;91.549;209.917;223.196;223.196;42.421;41.283;7.950;4.899;0;0.000;0.000;0.000;0.000;nan;nan;nan;nan;nan;nan;nan;nan
22;1;1;0.174533;0.000000;1.000000;2799.854081;2800.048098;2800.049462;778280;156434;148303;138092;138092;1727;2209472;100.000;1620.958;530.286;569.234;20.100;94.802;17.743;0.000;0.000;0.896;1.364;65.679;194.017;195.381;195.380;15.009;17.838;15.496;5.561;2;0.193;6.115;176.000;0.000;nan;nan;nan;nan;nan;nan;nan;nan
23;1;1;0.174533;0.000000;1.000000;2799.887660;2800.082199;2800.083560;778907;155826;148511;138240;138240;1728;2211840;100.000;1626.146;530.854;569.825;20.006;95.306;17.748;0.000;0.000;0.893;1.361;65.592;194.539;195.900;195.899;15.774;34.101;0.768;5.262;0;0.000;0.000;0.000;0.000;nan;nan;nan;nan;nan;nan;nan;nan
24;1;1;0.174533;0.000000;1.000000;2799.920448;2800.118360;2800.123438;779289;155133;147900;138556;138556;1732;2216896;100.000;436.668;532.068;571.129;19.907;95.338;17.780;0.000;65.337;4.501;5.078;88.634;197.912;202.990;202.989;22.319;36.161;2.828;5.109;0;0.000;0.000;0.000;0.000;nan;nan;nan;nan;nan;nan;nan;nan
25;1;1;0.174533;0.000000;1.000000;2799.954076;2800.164884;2800.181143;779739;154951;148061;138952;138952;1737;2223232;100.000;136.756;533.588;572.762;19.872;95.553;17.820;0.000;0.000;15.162;16.259;93.256;210.808;227.067;227.065;46.691;46.524;13.191;5.615;0;0.000;0.000;0.000;0.000;nan;nan;nan;nan;nan;nan;nan;nan
26;1;1;0.174533;0.000000;1.000000;2799.986791;2800.181252;2800.189321;779364;155091;148214;139454;139454;1744;2231264;100.000;276.544;535.516;574.848;19.900;95.566;17.893;0.000;110.643;7.643;8.069;94.715;194.460;202.530;202.529;21.535;16.368;16.966;6.324;0;0.000;0.000;0.000;0.000;nan;nan;nan;nan;nan;nan;nan;nan
27;1;1;0.174533;0.000000;1.000000;2800.020297;2800.222742;2800.240420;780025;155666;148911;140520;140520;1757;2248320;100.000;127.192;539.609;579.235;19.957;95.661;18.015;0.000;0.000;1.011;17.678;5.719;202.445;220.123;220.122;39.301;41.491;8.157;6.439;0;0.000;0.000;0.000;0.000;nan;nan;nan;nan;nan;nan;nan;nan
28;1;1;0.174533;0.000000;1.000000;2800.053487;2800.252576;2800.254226;780373;156450;150058;141820;141820;1773;2269120;100.000;1376.020;544.601;584.588;20.048;95.914;18.173;0.000;0.000;1.091;1.650;66.129;199.090;200.740;200.739;19.774;29.834;3.499;6.255;0;0.000;0.000;0.000;0.000;nan;nan;nan;nan;nan;nan;nan;nan
29;1;1;0.174533;0.000000;1.000000;2800.087296;2800.283716;2800.304977;781651;158178;151821;143812;143812;1798;2300992;100.000;108.238;552.251;592.801;20.236;95.981;18.398;0.001;135.899;5.144;21.261;24.196;196.421;217.682;217.680;37.192;31.140;2.193;6.001;0;0.000;0.000;0.000;0.000;nan;nan;nan;nan;nan;nan;nan;nan
30;1;1;0.174533;0.000000;1.000000;2800.120519;2800.325748;2800.349579;781375;158959;152458;144756;144756;1810;2316096;100.000;97.196;555.876;596.697;20.343;95.910;18.526;0.000;0.000;14.562;23.830;61.106;205.230;229.060;229.059;48.460;42.032;8.699;6.170;0;0.000;0.000;0.000;0.000;nan;nan;nan;nan;nan;nan;nan;nan
31;1;1;0.174533;0.000000;1.000000;2800.153729;2800.349700;2800.354295;784392;176776;155937;143948;143948;1800;2303168;100.000;501.441;552.773;593.368;22.537;88.212;18.352;0.000;0.000;4.123;4.594;89.741;195.971;200.566;200.565;19.843;23.952;9.381;6.370;0;0.000;0.000;0.000;0.000;nan;nan;nan;nan;nan;nan;nan;nan
32;1;1;0.261799;0.000000;1.000000;2800.187013;2800.383370;2800.406931;782671;167802;154013;141972;141972;1775;2271552;100.000;96.419;545.185;585.216;21.440;91.783;18.139;0.000;0.000;7.152;23.561;30.356;196.357;219.918;219.916;39.145;33.669;0.336;5.993;3;4.448;57.084;229.000;0.000;nan;nan;nan;nan;nan;nan;nan;nan
33;1;1;0.261799;0.000000;1.000000;2800.220505;2800.421874;2800.440526;776999;162473;151153;139814;139814;1748;2237024;100.000;119.948;536.898;576.321;20.910;93.033;17.994;0.000;133.958;4.418;18.652;23.685;201.369;220.021;220.019;39.407;38.504;5.171;5.942;0;0.000;0.000;0.000;0.000;nan;nan;nan;nan;nan;nan;nan;nan
34;1;1;0.261799;0.000000;1.000000;2800.253735;2800.464741;2800.476546;778650;157983;147475;137648;137648;1721;2202368;100.000;186.595;528.581;567.394;20.289;93.349;17.678;0.000;0.000;1.780;11.805;15.076;211.006;222.810;222.809;42.093;42.867;9.533;6.166;0;0.000;0.000;0.000;0.000;nan;nan;nan;nan;nan;nan;nan;nan
35;1;1;0.261799;0.000000;1.000000;2800.287410;2800.481969;2800.498003;778007;156457;146475;137154;137154;1715;2194464;100.000;136.891;526.684;565.362;20.110;93.620;17.629;0.001;0.000;6.690;16.034;41.722;194.559;210.593;210.590;30.218;17.228;16.105;6.787;0;0.000;0.000;0.000;0.000;nan;nan;nan;nan;nan;nan;nan;nan
36;1;1;0.261799;0.000000;1.000000;2800.320763;2800.512142;2800.517814;776483;155937;147008;138046;138046;1726;2208736;100.000;389.509;530.109;569.035;20.082;94.274;17.778;0.000;0.000;5.118;5.671;90.242;191.380;197.051;197.050;16.695;30.173;3.160;6.561;0;0.000;0.000;0.000;0.000;nan;nan;nan;nan;nan;nan;nan;nan
37;1;1;0.349066;0.000000;1.000000;2800.353490;2800.550002;2800.572093;781287;157460;149487;139346;139346;1742;2229536;100.000;100.934;535.101;574.388;20.154;94.936;17.835;0.000;174.028;4.499;22.091;20.365;196.512;218.603;218.602;37.640;37.860;4.526;6.434;4;39.542;39.542;207.000;0.000;nan;nan;nan;nan;nan;nan;nan;nan
38;1;1;0.349066;0.000000;1.000000;2800.387205;2800.586364;2800.587946;780329;157637;150141;141098;141098;1764;2257568;100.000;1428.295;541.829;581.612;20.201;95.245;18.082;0.000;0.000;1.012;1.582;64.001;199.159;200.741;200.739;20.160;36.361;3.028;6.221;0;0.000;0.000;0.000;0.000;nan;nan;nan;nan;nan;nan;nan;nan
39;1;1;0.349066;0.000000;1.000000;2800.420557;2800.624225;2800.637734;780785;158178;150818;142238;142238;1778;2275808;100.000;168.490;546.206;586.306;20.259;95.347;18.217;0.000;0.000;6.057;13.509;44.836;203.668;217.177;217.175;36.615;37.862;4.528;6.115;0;0.000;0.000;0.000;0.000;nan;nan;nan;nan;nan;nan;nan;nan
40;1;1;0.349066;0.000000;1.000000;2800.454089;2800.650140;2800.656301;785430;159340;152098;143844;143844;1799;2301504;100.000;373.624;552.373;592.946;20.287;95.455;18.314;0.000;0.000;5.604;6.161;90.963;196.051;202.212;202.211;21.849;25.915;7.418;6.196;0;0.000;0.000;0.000;0.000;nan;nan;nan;nan;nan;nan;nan;nan
41;1;1;0.349066;0.000000;1.000000;2800.486910;2800.698601;2800.704532;789479;161458;154259;146416;146416;1831;2342656;100.000;395.095;562.250;603.545;20.451;95.541;18.546;0.000;0.000;4.938;5.931;83.256;211.691;217.622;217.620;36.746;48.461;15.127;6.755;0;0.000;0.000;0.000;0.000;nan;nan;nan;nan;nan;nan;nan;nan
42;1;1;0.349066;0.000000;1.000000;2800.520289;2800.716294;2800.720704;789348;163190;156459;148106;148106;1852;2369696;100.000;537.546;568.740;610.508;20.674;95.875;18.763;0.000;239.518;3.802;4.410;86.219;196.005;200.415;200.413;19.585;17.693;15.640;7.310;0;0.000;0.000;0.000;0.000;nan;nan;nan;nan;nan;nan;nan;nan
43;1;1;0.436332;0.000000;1.000000;2800.553672;2800.770767;2800.772626;792714;164183;157597;149298;149298;1867;2388768;100.000;1285.621;573.317;615.424;20.712;95.989;18.834;0.000;0.000;1.178;1.859;63.390;217.095;218.954;218.953;38.174;54.473;21.140;8.174;5;4.203;56.126;0.000;0.000;nan;nan;nan;nan;nan;nan;nan;nan
44;1;1;0.436332;0.000000;1.000000;2800.586748;2800.784786;2800.788210;790865;165393;158411;150365;150365;1880;2405840;100.000;702.968;577.414;619.814;20.913;95.779;19.013;0.000;0.000;2.658;3.424;77.613;198.039;201.463;201.461;20.425;14.019;19.315;8.871;0;0.000;0.000;0.000;0.000;nan;nan;nan;nan;nan;nan;nan;nan
45;1;1;0.436332;0.000000;1.000000;2800.620612;2800.809476;2800.818352;787976;166115;159428;151606;151606;1896;2425696;100.000;273.355;582.180;624.941;21.081;95.974;19.240;0.001;0.000;4.751;8.875;53.531;188.864;197.739;197.738;17.233;24.690;8.643;8.856;0;0.000;0.000;0.000;0.000;nan;nan;nan;nan;nan;nan;nan;nan
46;1;1;0.436332;0.000000;1.000000;2800.653393;2800.859977;2800.877788;789717;188890;165163;151650;151650;1896;2426400;100.000;136.236;582.348;625.110;23.919;87.439;19.203;0.000;0.000;4.200;17.811;23.583;206.584;224.395;224.394;43.336;50.501;17.167;9.376;0;0.000;0.000;0.000;0.000;nan;nan;nan;nan;nan;nan;nan;nan
47;1;1;0.436332;0.000000;1.000000;2800.687490;2800.887067;2800.904798;784950;179115;163191;150558;150558;1882;2408928;100.000;135.883;578.155;620.601;22.819;91.110;19.181;0.001;0.000;1.483;17.731;8.363;199.576;217.307;217.305;37.012;27.090;6.244;9.180;0;0.000;0.000;0.000;0.000;nan;nan;nan;nan;nan;nan;nan;nan
48;1;1;0.523599;0.000000;1.000000;2800.720318;2800.919863;2800.946694;781130;174491;161518;148538;148538;1857;2376608;100.000;88.582;570.398;612.280;22.338;92.565;19.016;0.000;0.000;13.536;26.831;50.449;199.545;226.376;226.375;45.575;32.796;0.537;8.640;6;17.531;59.429;449.000;0.000;nan;nan;nan;nan;nan;nan;nan;nan
49;1;1;0.523599;0.000000;1.000000;2800.754457;2800.951189;2800.974575;780468;169683;158314;147276;147276;1841;2356416;100.000;100.768;565.552;607.073;21.741;93.300;18.870;0.000;332.659;0.862;23.386;3.686;196.732;220.118;220.117;40.123;31.326;2.007;8.225;0;0.000;0.000;0.000;0.000;nan;nan;nan;nan;nan;nan;nan;nan
50;1;1;0.523599;0.000000;1.000000;2800.788359;2800.988076;2801.005677;783376;166714;156688;146748;146748;1835;2347968;100.000;133.415;563.525;604.910;21.281;93.986;18.733;0.000;0.000;3.314;17.601;18.830;199.717;217.318;217.316;37.891;36.887;3.554;7.933;0;0.000;0.000;0.000;0.000;nan;nan;nan;nan;nan;nan;nan;nan
51;1;1;0.523599;0.000000;1.000000;2800.820144;2801.016332;2801.018043;787237;163927;154647;145970;145970;1825;2335520;100.000;1365.905;560.537;601.697;20.823;94.339;18.542;0.000;0.000;1.167;1.711;68.189;196.187;197.898;197.897;16.923;28.256;5.077;7.755;0;0.000;0.000;0.000;0.000;nan;nan;nan;nan;nan;nan;nan;nan
52;1;1;0.523599;0.000000;1.000000;2800.854106;2801.050107;2801.074578;787734;163921;154970;147302;147302;1842;2356832;100.000;96.313;565.652;607.195;20.809;94.539;18.699;0.000;0.000;8.937;24.472;36.519;196.001;220.472;220.472;40.126;33.775;0.441;7.298;0;0.000;0.000;0.000;0.000;nan;nan;nan;nan;nan;nan;nan;nan
53;1;1;0.523599;0.000000;1.000000;2800.887511;2801.080606;2801.084775;787059;163880;155377;148046;148046;1851;2368736;100.000;568.273;568.509;610.255;20.822;94.811;18.810;0.001;0.000;3.671;4.170;88.037;193.094;197.264;197.263;16.990;30.499;2.834;7.019;0;0.000;0.000;0.000;0.000;nan;nan;nan;nan;nan;nan;nan;nan
54;1;1;0.523599;0.000000;1.000000;2800.920546;2801.126639;2801.137711;786051;163752;156015;148712;148712;1859;2379392;100.000;214.984;571.067;612.993;20.832;95.275;18.919;0.001;0.000;2.438;11.072;22.024;206.093;217.165;217.161;36.592;46.034;12.700;7.374;0;0.000;0.000;0.000;0.000;nan;nan;nan;nan;nan;nan;nan;nan
55;1;1;0.610865;0.000000;1.000000;2800.953791;2801.147768;2801.149379;796213;163350;156198;148706;148706;1859;2379296;100.000;1478.357;571.044;612.970;20.516;95.622;18.677;0.000;0.000;1.095;1.610;68.010;193.977;195.588;195.587;14.926;21.129;12.204;7.676;7;10.747;22.418;0.000;0.000;nan;nan;nan;nan;nan;nan;nan;nan
56;1;1;0.610865;0.000000;1.000000;2800.987486;2801.183385;2801.201772;790191;162711;155789;148654;148654;1859;2378464;100.000;129.367;570.844;612.770;20.591;95.746;18.812;0.001;0.000;1.779;18.387;9.677;195.898;214.285;214.284;33.986;35.616;2.283;7.339;0;0.000;0.000;0.000;0.000;nan;nan;nan;nan;nan;nan;nan;nan
57;1;1;0.610865;0.000000;1.000000;2801.020172;2801.216104;2801.217956;798808;162756;155654;148762;148762;1860;2380192;100.000;1285.856;571.259;613.208;20.375;95.636;18.623;0.000;0.000;1.249;1.852;67.424;195.931;197.784;197.782;16.837;32.719;0.614;6.918;0;0.000;0.000;0.000;0.000;nan;nan;nan;nan;nan;nan;nan;nan
58;1;1;0.698132;0.000000;1.000000;2801.054091;2801.239859;2801.241634;797924;163186;156181;149280;149280;1866;2388480;100.000;1346.628;573.248;615.332;20.451;95.707;18.709;0.000;0.000;1.219;1.775;68.675;185.768;187.543;187.542;7.182;23.755;9.578;7.085;8;10.465;10.465;291.000;0.000;nan;nan;nan;nan;nan;nan;nan;nan
59;1;1;0.698132;0.000000;1.000000;2801.086798;2801.276836;2801.282306;794477;163385;156786;149798;149798;1873;2396768;100.000;438.288;575.237;617.479;20.565;95.961;18.855;0.000;224.372;0.941;5.469;17.208;190.038;195.507;195.506;14.520;36.978;3.644;6.870;0;0.000;0.000;0.000;0.000;nan;nan;nan;nan;nan;nan;nan;nan
60;1;1;0.698132;0.000000;1.000000;2801.120606;2801.333063;2801.342670;789053;164074;157604;150698;150698;1884;2411168;100.000;251.013;578.693;621.183;20.794;96.057;19.099;0.000;0.000;8.681;9.607;90.363;212.457;222.064;222.063;41.551;56.227;22.893;7.871;0;0.000;0.000;0.000;0.000;nan;nan;nan;nan;nan;nan;nan;nan
61;1;1;0.698132;0.000000;1.000000;2801.153309;2801.357132;2801.372442;783874;186216;162709;149328;149328;1867;2389248;100.000;156.085;573.432;615.539;23.756;87.376;19.050;0.001;0.000;14.267;15.310;93.188;203.823;219.133;219.131;37.990;24.069;9.264;7.958;0;0.000;0.000;0.000;0.000;nan;nan;nan;nan;nan;nan;nan;nan
62;1;1;0.698132;0.000000;1.000000;2801.187056;2801.386069;2801.401323;782785;175815;160583;146986;146986;1838;2351776;100.000;154.206;564.439;605.892;22.460;91.336;18.777;0.000;0.000;1.597;15.253;10.467;199.014;214.267;214.265;33.537;28.937;4.396;7.736;0;0.000;0.000;0.000;0.000;nan;nan;nan;nan;nan;nan;nan;nan
63;1;1;0.785398;0.000000;1.000000;2801.222604;2801.412488;2801.414300;782791;170291;157298;145010;145010;1813;2320160;100.000;1281.068;556.851;597.740;21.754;92.370;18.525;0.000;0.000;0.749;1.812;41.337;189.884;191.696;191.695;13.181;26.419;6.915;7.684;9;15.012;27.991;268.000;0.000;nan;nan;nan;nan;nan;nan;nan;nan
64;1;1;0.785398;0.000000;1.000000;2801.254946;2801.455818;2801.469607;782127;165344;154096;143356;143356;1792;2293696;100.000;166.363;550.500;590.915;21.140;93.197;18.329;0.000;0.000;6.094;13.789;44.195;200.872;214.661;214.660;35.154;43.330;9.996;7.829;0;0.000;0.000;0.000;0.000;nan;nan;nan;nan;nan;nan;nan;nan
65;1;1;0.785398;0.000000;1.000000;2801.286931;2801.481548;2801.486677;785507;163252;152956;142428;142428;1781;2278848;100.000;444.407;546.936;587.103;20.783;93.693;18.132;0.000;129.055;0.707;5.129;13.784;194.617;199.746;199.745;18.891;25.730;7.603;7.815;0;0.000;0.000;0.000;0.000;nan;nan;nan;nan;nan;nan;nan;nan
66;1;1;0.785398;0.000000;1.000000;2801.321090;2801.530853;2801.539021;789017;161227;152122;142296;142296;1779;2276736;100.000;278.808;546.429;586.551;20.434;94.353;18.035;0.000;0.000;7.211;8.168;88.287;209.763;217.931;217.930;37.902;49.306;15.972;8.325;0;0.000;0.000;0.000;0.000;nan;nan;nan;nan;nan;nan;nan;nan
67;1;1;0.785398;0.000000;1.000000;2801.353429;2801.555599;2801.563167;789641;160558;151521;142550;142550;1782;2280800;100.000;301.526;547.404;587.594;20.333;94.372;18.053;0.001;0.000;6.889;7.568;91.024;202.170;209.738;209.735;28.715;24.746;8.587;8.341;0;0.000;0.000;0.000;0.000;nan;nan;nan;nan;nan;nan;nan;nan
68;1;1;0.785398;0.000000;1.000000;2801.387073;2801.583826;2801.605719;784718;160400;152556;142638;142638;1783;2282208;100.000;104.250;547.742;587.954;20.440;95.110;18.177;0.000;116.069;3.769;21.893;17.217;196.753;218.646;218.646;37.934;28.227;5.106;8.139;0;0.000;0.000;0.000;0.000;nan;nan;nan;nan;nan;nan;nan;nan
69;1;1;0.785398;0.000000;1.000000;2801.420178;2801.618510;2801.647492;778159;159402;152063;142942;142942;1787;2287072;100.000;78.919;548.910;589.212;20.485;95.396;18.369;0.000;0.000;6.022;28.982;20.779;198.332;227.313;227.312;46.373;34.684;1.350;7.715;0;0.000;0.000;0.000;0.000;nan;nan;nan;nan;nan;nan;nan;nan
70;1;1;0.785398;0.000000;1.000000;2801.453623;2801.647652;2801.654429;776327;159599;152208;143886;143886;1799;2302176;100.000;339.796;552.535;593.108;20.558;95.369;18.534;0.000;0.000;6.242;6.776;92.109;194.029;200.806;200.805;19.977;29.143;4.191;7.494;0;0.000;0.000;0.000;0.000;nan;nan;nan;nan;nan;nan;nan;nan
71;1;1;0.785398;0.000000;1.000000;2801.487008;2801.682331;2801.703649;786883;160640;153259;145096;145096;1814;2321536;100.000;108.912;557.181;598.092;20.415;95.405;18.439;0.000;0.000;1.209;21.318;5.670;195.322;216.640;216.638;35.863;34.678;1.345;7.110;0;0.000;0.000;0.000;0.000;nan;nan;nan;nan;nan;nan;nan;nan
72;1;1;0.785398;0.000000;1.000000;2801.520653;2801.721372;2801.728844;787146;161766;154365;146492;146492;1832;2343872;100.000;313.799;562.542;603.859;20.551;95.425;18.611;0.001;121.202;6.529;7.472;87.369;200.719;208.191;208.188;27.725;39.041;5.708;7.022;0;0.000;0.000;0.000;0.000;nan;nan;nan;nan;nan;nan;nan;nan
73;1;1;0.785398;0.000000;1.000000;2801.553121;2801.751424;2801.775026;781047;164129;157201;148748;148748;1860;2379968;100.000;100.842;571.205;613.154;21.014;95.779;19.045;0.000;0.000;1.214;23.602;5.144;198.303;221.905;221.904;40.574;30.052;3.281;6.789;0;0.000;0.000;0.000;0.000;nan;nan;nan;nan;nan;nan;nan;nan
74;1;1;0.785398;0.000000;1.000000;2801.586915;2801.782961;2801.807705;782459;165080;158043;150270;150270;1879;2404320;100.000;97.171;577.049;619.427;21.098;95.737;19.205;0.000;0.000;6.233;24.744;25.190;196.046;220.790;220.790;39.920;31.537;1.796;6.476;0;0.000;0.000;0.000;0.000;nan;nan;nan;nan;nan;nan;nan;nan
75;1;1;0.785398;0.000000;1.000000;2801.622868;2801.814182;2801.815544;781579;165269;158184;150762;150762;1885;2412192;100.000;1772.177;578.939;621.452;21.146;95.713;19.289;0.000;137.290;0.649;1.362;47.671;191.314;192.676;192.675;14.425;31.221;2.113;6.204;0;0.000;0.000;0.000;0.000;nan;nan;nan;nan;nan;nan;nan;nan
76;1;1;0.785398;0.000000;1.000000;2801.653119;2801.850059;2801.854876;784181;189415;164593;151052;151052;1889;2416832;100.000;501.773;580.052;622.656;24.155;86.895;19.262;0.000;0.000;1.087;4.817;22.563;196.940;201.757;201.756;20.424;35.877;2.544;5.975;0;0.000;0.000;0.000;0.000;nan;nan;nan;nan;nan;nan;nan;nan
77;1;1;0.785398;0.000000;1.000000;2801.686955;2801.897810;2801.911679;782861;178899;162661;150492;150492;1882;2407872;100.000;173.628;577.902;620.347;22.852;90.923;19.223;0.000;0.000;12.775;13.869;92.111;210.854;224.723;224.723;43.893;47.751;14.417;6.503;0;0.000;0.000;0.000;0.000;nan;nan;nan;nan;nan;nan;nan;nan
78;1;1;0.785398;0.000000;1.000000;2801.720697;2801.913610;2801.923632;779451;174734;160914;148910;148910;1862;2382560;100.000;237.772;571.827;613.821;22.418;92.091;19.104;0.001;0.000;9.280;10.022;92.592;192.913;202.935;202.934;22.513;15.801;17.533;7.192;0;0.000;0.000;0.000;0.000;nan;nan;nan;nan;nan;nan;nan;nan
79;1;1;0.785398;0.000000;1.000000;2801.753761;2801.945493;2801.952639;784719;168492;156923;147042;147042;1839;2352672;100.000;329.264;564.654;606.129;21.472;93.134;18.738;0.000;130.578;6.623;7.147;92.666;191.732;198.879;198.877;18.187;31.883;1.451;6.833;0;0.000;0.000;0.000;0.000;nan;nan;nan;nan;nan;nan;nan;nan
80;1;1;0.785398;0.000000;1.000000;2801.787045;2801.987542;2802.015540;780701;165392;155149;146382;146382;1830;2342112;100.000;83.658;562.119;603.392;21.185;93.807;18.750;0.000;0.000;15.145;27.998;54.094;200.498;228.496;228.495;47.755;42.050;8.716;6.951;0;0.000;0.000;0.000;0.000;nan;nan;nan;nan;nan;nan;nan;nan
81;1;1;0.785398;0.000000;1.000000;2801.820359;2802.015648;2802.022039;785754;164286;154622;145442;145442;1819;2327072;100.000;364.221;558.510;599.534;20.908;94.118;18.510;0.000;0.000;5.969;6.391;93.404;195.289;201.680;201.679;20.920;28.106;5.228;6.843;0;0.000;0.000;0.000;0.000;nan;nan;nan;nan;nan;nan;nan;nan
82;1;1;0.785398;0.087266;1.000000;2801.853637;2802.070808;2802.077645;783308;163230;154752;145720;145720;1822;2331520;100.000;341.050;559.577;600.669;20.839;94.806;18.603;0.000;0.000;6.228;6.837;91.085;217.171;224.008;224.007;43.193;55.160;21.827;7.780;10;39.914;39.914;234.000;0.000;nan;nan;nan;nan;nan;nan;nan;nan
83;1;1;0.785398;0.087266;1.000000;2801.886983;2802.083023;2802.084601;782737;162739;154676;145846;145846;1824;2333536;100.000;1479.039;560.061;601.198;20.791;95.045;18.633;0.000;148.934;1.031;1.578;65.350;196.040;197.618;197.618;16.815;12.214;21.119;8.613;0;0.000;0.000;0.000;0.000;nan;nan;nan;nan;nan;nan;nan;nan
84;1;1;0.785398;0.087266;1.000000;2801.921928;2802.109875;2802.113213;781874;162599;154905;146012;146012;1826;2336192;100.000;699.938;560.699;601.881;20.796;95.268;18.675;0.000;0.000;2.916;3.338;87.360;187.946;191.285;191.284;12.094;26.852;6.482;8.480;0;0.000;0.000;0.000;0.000;nan;nan;nan;nan;nan;nan;nan;nan
85;1;1;0.785398;0.087266;1.000000;2801.954054;2802.165118;2802.174488;780545;162627;154973;146308;146308;1829;2340928;100.000;249.865;561.835;603.085;20.835;95.294;18.744;0.000;0.000;1.986;9.370;21.199;211.064;220.434;220.433;40.035;55.243;21.910;9.319;0;0.000;0.000;0.000;0.000;nan;nan;nan;nan;nan;nan;nan;nan
86;1;1;0.785398;0.087266;1.000000;2801.987261;2802.190042;2802.202067;778343;162193;154980;146104;146104;1827;2337664;100.000;194.435;561.052;602.256;20.838;95.553;18.771;0.001;0.000;10.951;12.025;91.072;202.781;214.806;214.804;34.281;24.924;8.409;9.263;0;0.000;0.000;0.000;0.000;nan;nan;nan;nan;nan;nan;nan;nan
87;1;1;0.785398;0.087266;1.000000;2802.020127;2802.225398;2802.239772;778458;161274;154501;145634;145634;1821;2330144;100.000;162.136;559.247;600.316;20.717;95.800;18.708;0.001;259.328;6.993;14.374;48.651;205.271;219.645;219.643;38.653;35.356;2.023;8.810;0;0.000;0.000;0.000;0.000;nan;nan;nan;nan;nan;nan;nan;nan
88;1;1;0.785398;0.174533;1.000000;2802.053633;2802.265077;2802.274457;778592;160767;154257;145652;145652;1821;2330432;100.000;248.478;559.316;600.385;20.648;95.951;18.707;0.000;0.000;1.002;9.380;10.683;211.445;220.824;220.824;40.004;39.679;6.346;8.656;11;13.909;48.596;0.000;0.000;nan;nan;nan;nan;nan;nan;nan;nan
89;1;1;0.785398;0.174533;1.000000;2802.088996;2802.288376;2802.301732;779952;160896;154107;146464;146464;1831;2343424;100.000;175.497;562.434;603.729;20.629;95.781;18.779;0.001;0.000;12.374;13.355;92.651;199.380;212.736;212.734;33.946;23.299;10.035;8.742;0;0.000;0.000;0.000;0.000;nan;nan;nan;nan;nan;nan;nan;nan
90;1;1;0.785398;0.174533;1.000000;2802.120150;2802.317150;2802.340354;779674;162912;156302;148650;148650;1859;2378400;100.000;102.506;570.828;612.755;20.895;95.943;19.066;0.000;0.000;10.774;23.203;46.433;197.000;220.204;220.203;39.235;28.774;4.559;8.481;0;0.000;0.000;0.000;0.000;nan;nan;nan;nan;nan;nan;nan;nan
91;1;1;0.785398;0.174533;1.000000;2802.153775;2802.361949;2802.374919;781083;187045;162867;149974;149974;1875;2399584;100.000;185.028;575.913;618.200;23.947;87.074;19.201;0.000;0.000;4.981;12.970;38.405;208.174;221.143;221.143;40.466;44.799;11.465;8.667;0;0.000;0.000;0.000;0.000;nan;nan;nan;nan;nan;nan;nan;nan
92;1;1;0.785398;0.174533;1.000000;2802.187143;2802.387671;2802.407833;780537;178920;162993;150044;150044;1876;2400704;100.000;119.073;576.181;618.492;22.923;91.098;19.223;0.000;0.000;1.081;20.163;5.359;200.528;220.690;220.690;40.048;25.722;7.612;8.601;0;0.000;0.000;0.000;0.000;nan;nan;nan;nan;nan;nan;nan;nan
93;1;1;0.785398;0.261799;1.000000;2802.220523;2802.414379;2802.415985;773046;174270;159882;148126;148126;1852;2370016;100.000;1477.329;568.816;610.585;22.543;91.744;19.161;0.000;0.000;0.709;1.605;44.170;193.856;195.462;195.461;14.866;26.709;6.625;8.478;12;19.940;28.091;299.000;0.000;nan;nan;nan;nan;nan;nan;nan;nan
94;1;1;0.785398;0.261799;1.000000;2802.254386;2802.457705;2802.472446;770822;169268;156348;145994;145994;1825;2335904;100.000;158.486;560.629;601.789;21.959;92.367;18.940;0.000;0.000;4.898;14.740;33.228;203.319;218.059;218.058;37.993;43.326;9.993;8.572;0;0.000;0.000;0.000;0.000;nan;nan;nan;nan;nan;nan;nan;nan
95;1;1;0.785398;0.261799;1.000000;2802.287063;2802.481117;2802.482505;778859;164476;153250;143854;143854;1799;2301664;100.000;1659.400;552.412;592.985;21.118;93.175;18.470;0.000;214.060;0.768;1.388;55.368;194.054;195.442;195.441;14.719;23.411;9.922;8.657;0;0.000;0.000;0.000;0.000;nan;nan;nan;nan;nan;nan;nan;nan
96;1;1;0.785398;0.261799;1.000000;2802.320771;2802.528204;2802.549597;778333;162630;152684;144278;144278;1804;2308448;100.000;107.915;554.040;594.726;20.895;93.884;18.537;0.000;0.000;1.736;21.393;8.115;207.433;228.826;228.825;48.478;47.087;13.754;8.975;0;0.000;0.000;0.000;0.000;nan;nan;nan;nan;nan;nan;nan;nan
97;1;1;0.785398;0.261799;1.000000;2802.353524;2802.549750;2802.558662;782798;162963;154000;144196;144196;1803;2307136;100.000;258.946;553.725;594.388;20.818;94.500;18.421;0.001;0.000;1.160;8.912;13.015;196.226;205.138;205.136;24.209;21.546;11.787;9.151;0;0.000;0.000;0.000;0.000;nan;nan;nan;nan;nan;nan;nan;nan
98;1;1;0.785398;0.349066;1.000000;2802.387462;2802.583076;2802.584603;781418;161829;153970;144552;144552;1807;2312832;100.000;1515.490;555.092;595.846;20.710;95.144;18.499;0.000;0.000;0.991;1.527;64.912;195.614;197.141;197.140;16.817;33.326;0.008;8.580;13;20.288;20.288;369.000;0.000;nan;nan;nan;nan;nan;nan;nan;nan
99;1;1;0.785398;0.349066;1.000000;2802.419955;2802.622819;2802.640614;777382;160660;153160;144056;144056;1801;2304896;100.000;129.541;553.188;593.806;20.667;95.332;18.531;0.000;0.000;4.754;17.794;26.715;202.864;220.659;220.658;39.495;39.744;6.410;8.444;0;0.000;0.000;0.000;0.000;nan;nan;nan;nan;nan;nan;nan;nan
100;1;1;0.785398;0.349066;1.000000;2802.453916;2802.648152;2802.653239;778267;160169;152693;144366;144366;1805;2309856;100.000;454.220;554.378;595.086;20.580;95.332;18.550;0.000;0.000;4.633;5.086;91.081;194.236;199.323;199.322;18.787;25.333;8.000;8.416;0;0.000;0.000;0.000;0.000;nan;nan;nan;nan;nan;nan;nan;nan
101;1;1;0.785398;0.349066;1.000000;2802.487061;2802.681374;2802.682509;780699;159539;152094;144336;144336;1805;2309376;100.000;2036.619;554.263;594.971;20.435;95.333;18.488;0.000;252.560;0.664;1.135;58.488;194.314;195.448;195.448;14.723;33.222;0.111;7.897;0;0.000;0.000;0.000;0.000;nan;nan;nan;nan;nan;nan;nan;nan
102;1;1;0.785398;0.349066;1.000000;2802.520375;2802.720660;2802.740692;780328;159550;152344;144522;144522;1807;2312352;100.000;115.441;554.977;595.730;20.447;95.484;18.521;0.000;0.000;4.888;20.032;24.401;200.285;220.317;220.316;39.573;39.285;5.952;7.776;0;0.000;0.000;0.000;0.000;nan;nan;nan;nan;nan;nan;nan;nan
103;1;1;0.785398;0.349066;1.000000;2802.554314;2802.750526;2802.755346;782351;160292;153203;144662;144662;1809;2314592;100.000;480.316;555.515;596.313;20.489;95.577;18.491;0.000;0.000;4.214;4.820;87.431;196.212;201.032;201.031;20.893;29.866;3.468;7.506;0;0.000;0.000;0.000;0.000;nan;nan;nan;nan;nan;nan;nan;nan
104;1;1;0.785398;0.436332;1.000000;2802.587025;2802.797849;2802.801517;782164;159853;152879;144698;144698;1809;2315168;100.000;631.602;555.653;596.451;20.437;95.637;18.500;0.000;0.000;2.480;3.668;67.606;210.824;214.492;214.490;33.731;47.323;13.990;7.912;14;0.607;46.776;0.000;0.000;nan;nan;nan;nan;nan;nan;nan;nan
105;1;1;0.785398;0.436332;1.000000;2802.620649;2802.814186;2802.815332;783021;161047;154068;145744;145744;1822;2331904;100.000;2034.861;559.669;600.761;20.567;95.666;18.613;0.000;0.000;0.648;1.147;56.539;193.537;194.684;194.683;14.213;16.337;16.997;8.479;0;0.000;0.000;0.000;0.000;nan;nan;nan;nan;nan;nan;nan;nan
106;1;1;0.785398;0.436332;1.000000;2802.653683;2802.854623;2802.860178;786829;185042;161832;147616;147616;1846;2361856;100.000;425.441;566.858;608.491;23.517;87.457;18.761;0.001;0.000;4.735;5.555;85.242;200.940;206.495;206.492;25.726;40.438;7.104;8.394;0;0.000;0.000;0.000;0.000;nan;nan;nan;nan;nan;nan;nan;nan
107;1;1;0.785398;0.436332;1.000000;2802.687041;2802.886690;2802.905623;789365;177747;162823;150668;150668;1884;2410688;100.000;127.344;578.578;621.068;22.518;91.604;19.087;0.000;0.000;1.591;18.933;8.402;199.650;218.582;218.581;37.837;32.067;1.266;7.948;0;0.000;0.000;0.000;0.000;nan;nan;nan;nan;nan;nan;nan;nan
108;1;1;0.785398;0.436332;1.000000;2802.720671;2802.935083;2802.941314;790807;176585;163849;152486;152486;1907;2439776;100.000;391.651;585.559;628.568;22.330;92.788;19.282;0.000;207.323;1.478;6.231;23.716;214.413;220.643;220.642;40.195;48.393;15.060;8.393;0;0.000;0.000;0.000;0.000;nan;nan;nan;nan;nan;nan;nan;nan
109;1;1;0.785398;0.523599;1.000000;2802.753742;2802.971015;2802.973501;789334;174305;162979;152368;152368;1905;2437888;100.000;981.375;585.106;628.070;22.083;93.502;19.303;0.000;0.000;1.660;2.486;66.772;217.273;219.759;219.758;39.049;35.932;2.598;8.030;15;26.180;58.366;0.000;0.000;nan;nan;nan;nan;nan;nan;nan;nan
110;1;1;0.785398;0.523599;1.000000;2802.787107;2802.983930;2802.992162;783753;171416;161545;151230;151230;1891;2419680;100.000;293.960;580.736;623.384;21.871;94.241;19.296;0.000;0.000;7.557;8.232;91.799;196.823;205.055;205.055;24.377;12.915;20.418;8.805;0;0.000;0.000;0.000;0.000;nan;nan;nan;nan;nan;nan;nan;nan
111;1;1;0.785398;0.523599;1.000000;2802.820349;2803.018006;2803.033964;781240;171274;161768;149404;149404;1868;2390464;100.000;149.816;573.724;615.853;21.923;94.450;19.124;0.001;0.000;1.658;15.958;10.391;197.657;213.614;213.613;32.845;34.076;0.742;8.301;0;0.000;0.000;0.000;0.000;nan;nan;nan;nan;nan;nan;nan;nan
112;1;1;0.785398;0.610865;1.000000;2802.853723;2803.048681;2803.049760;781247;168498;159387;147314;147314;1842;2357024;100.000;2188.117;565.698;607.241;21.568;94.593;18.856;0.000;0.000;0.656;1.078;60.798;194.958;196.037;196.035;15.307;30.675;2.658;7.948;16;10.260;10.260;372.000;0.000;nan;nan;nan;nan;nan;nan;nan;nan
113;1;1;0.785398;0.610865;1.000000;2802.887555;2803.083481;2803.113232;783523;167328;159346;145778;145778;1823;2332448;100.000;78.401;559.800;600.914;21.356;95.230;18.605;0.000;0.000;12.542;29.752;42.156;195.925;225.677;225.676;45.446;34.799;1.466;7.543;0;0.000;0.000;0.000;0.000;nan;nan;nan;nan;nan;nan;nan;nan
114;1;1;0.785398;0.610865;1.000000;2802.920514;2803.113611;2803.124722;783046;164827;156971;145016;145016;1813;2320256;100.000;208.914;556.874;597.763;21.049;95.234;18.519;0.001;280.842;9.941;11.111;89.473;193.098;204.209;204.204;23.603;30.131;3.203;7.272;0;0.000;0.000;0.000;0.000;nan;nan;nan;nan;nan;nan;nan;nan
115;1;1;0.785398;0.610865;1.000000;2802.955362;2803.156604;2803.172306;785712;162956;155065;145068;145068;1814;2321088;100.000;147.833;557.074;597.985;20.740;95.158;18.463;0.000;0.000;1.412;15.703;8.995;201.241;216.944;216.943;37.854;42.992;9.659;7.421;0;0.000;0.000;0.000;0.000;nan;nan;nan;nan;nan;nan;nan;nan
116;1;1;0.785398;0.610865;1.000000;2802.986733;2803.187409;2803.204085;788409;163003;155774;145612;145612;1821;2329792;100.000;139.728;559.163;600.232;20.675;95.565;18.469;0.001;0.000;1.566;16.676;9.389;200.676;217.352;217.350;36.299;30.806;2.528;7.115;0;0.000;0.000;0.000;0.000;nan;nan;nan;nan;nan;nan;nan;nan
117;1;1;0.785398;0.610865;1.000000;2803.020563;2803.218495;2803.224729;785289;163248;156334;145938;145938;1825;2335008;100.000;374.639;560.414;601.574;20.788;95.765;18.584;0.000;0.000;5.471;6.234;87.761;197.932;204.166;204.165;23.610;31.086;2.248;6.811;0;0.000;0.000;0.000;0.000;nan;nan;nan;nan;nan;nan;nan;nan
118;1;1;0.785398;0.698132;1.000000;2803.053466;2803.253926;2803.269114;784314;162469;155534;145782;145782;1823;2332512;100.000;153.602;559.815;600.930;20.715;95.731;18.587;0.001;0.000;1.514;15.188;9.969;200.460;215.648;215.646;34.661;35.431;2.098;6.516;17;35.262;35.262;0.000;0.000;nan;nan;nan;nan;nan;nan;nan;nan
119;1;1;0.785398;0.698132;1.000000;2803.087452;2803.281696;2803.283939;784830;162159;155071;145890;145890;1824;2334240;100.000;1041.136;560.230;601.367;20.662;95.629;18.589;0.000;0.000;0.913;2.243;40.703;194.243;196.486;196.485;16.153;27.770;5.564;6.457;0;0.000;0.000;0.000;0.000;nan;nan;nan;nan;nan;nan;nan;nan
120;1;1;0.785398;0.698132;1.000000;2803.120400;2803.315701;2803.319444;784742;161950;154904;145936;145936;1825;2334976;100.000;623.870;560.407;601.566;20.637;95.649;18.597;0.000;0.000;3.290;3.744;87.870;195.301;199.044;199.043;18.325;34.005;0.672;6.095;0;0.000;0.000;0.000;0.000;nan;nan;nan;nan;nan;nan;nan;nan
121;1;1;0.785398;0.698132;1.000000;2803.154500;2803.358810;2803.371873;787186;185245;160619;147208;147208;1841;2355328;100.000;180.357;565.291;606.812;23.533;86.706;18.701;0.000;0.000;4.666;13.062;35.721;204.310;217.373;217.370;37.421;43.110;9.776;6.325;0;0.000;0.000;0.000;0.000;nan;nan;nan;nan;nan;nan;nan;nan
122;1;1;0.785398;0.785398;1.000000;2803.187561;2803.384448;2803.405329;792161;177208;161000;148956;148956;1862;2383296;100.000;114.155;572.004;613.998;22.370;90.854;18.804;0.001;374.649;4.189;20.881;20.060;196.887;217.768;217.766;37.543;25.637;7.696;6.411;18;3.676;37.132;418.000;0.000;nan;nan;nan;nan;nan;nan;nan;nan
123;1;1;0.785398;0.785398;1.000000;2803.219827;2803.434074;2803.444275;788290;175907;162688;150544;150544;1882;2408704;100.000;236.168;578.101;620.547;22.315;92.485;19.098;0.000;0.000;4.614;10.200;45.230;214.247;224.448;224.447;43.156;49.626;16.293;7.029;0;0.000;0.000;0.000;0.000;nan;nan;nan;nan;nan;nan;nan;nan
124;1;1;0.785398;0.785398;1.000000;2803.254134;2803.454032;2803.455640;789222;174920;163021;152352;152352;1905;2437632;100.000;1516.899;585.044;628.008;22.164;93.197;19.304;0.000;0.000;1.051;1.608;65.366;199.899;201.507;201.506;21.188;19.958;13.376;7.425;0;0.000;0.000;0.000;0.000;nan;nan;nan;nan;nan;nan;nan;nan
125;1;1;0.785398;0.785398;1.000000;2803.287265;2803.484638;2803.502964;787173;171725;160754;151154;151154;1890;2418464;100.000;131.988;580.444;623.070;21.815;93.611;19.202;0.001;0.000;1.374;18.326;7.500;197.373;215.699;215.697;35.179;30.606;2.727;7.132;0;0.000;0.000;0.000;0.000;nan;nan;nan;nan;nan;nan;nan;nan
126;1;1;0.785398;0.785398;1.000000;2803.320461;2803.528208;2803.542339;776279;169786;159541;149098;149098;1864;2385568;100.000;168.841;572.549;614.588;21.872;93.966;19.207;0.000;0.000;6.002;14.130;42.474;207.748;221.878;221.877;41.220;43.570;10.237;7.326;0;0.000;0.000;0.000;0.000;nan;nan;nan;nan;nan;nan;nan;nan
127;1;1;0.785398;0.785398;1.000000;2803.354232;2803.547378;2803.550544;773912;165583;156317;146584;146584;1833;2345344;100.000;740.943;562.895;604.235;21.396;94.404;18.941;0.000;0.000;0.981;3.166;30.974;193.147;196.313;196.312;16.092;19.170;14.164;7.753;0;0.000;0.000;0.000;0.000;nan;nan;nan;nan;nan;nan;nan;nan
128;1;1;0.785398;0.785398;1.000000;2803.387453;2803.588802;2803.604235;773302;162762;154666;144802;144802;1811;2316832;100.000;150.139;556.052;596.896;21.048;95.026;18.725;0.000;0.000;12.846;15.433;83.235;201.349;216.782;216.780;36.449;41.423;8.090;7.774;0;0.000;0.000;0.000;0.000;nan;nan;nan;nan;nan;nan;nan;nan
129;1;1;0.785398;0.785398;1.000000;2803.421148;2803.621427;2803.637219;777001;160464;152774;143780;143780;1798;2300480;100.000;145.690;552.128;592.678;20.652;95.208;18.504;0.001;0.000;1.288;15.792;8.158;200.279;216.071;216.070;36.100;32.625;0.708;7.332;0;0.000;0.000;0.000;0.000;nan;nan;nan;nan;nan;nan;nan;nan
130;1;1;0.785398;0.785398;1.000000;2803.453344;2803.649474;2803.650768;783174;159506;152140;143698;143698;1797;2299168;100.000;1778.284;551.813;592.341;20.367;95.382;18.348;0.000;0.000;0.893;1.294;69.011;196.130;197.424;197.423;16.315;28.047;5.287;7.205;0;0.000;0.000;0.000;0.000;nan;nan;nan;nan;nan;nan;nan;nan
131;1;1;0.785398;0.872665;1.000000;2803.487463;2803.699615;2803.706662;786108;160134;152736;144598;144598;1808;2313568;100.000;328.371;555.269;596.045;20.370;95.380;18.394;0.000;0.000;1.236;7.046;17.543;212.152;219.198;219.198;38.876;50.142;16.808;7.805;19;44.847;44.847;0.000;0.000;nan;nan;nan;nan;nan;nan;nan;nan
132;1;1;0.785398;0.872665;1.000000;2803.520539;2803.714518;2803.718711;785622;159547;152317;144478;144478;1806;2311648;100.000;551.549;554.808;595.539;20.308;95.468;18.390;0.000;0.000;3.798;4.193;90.599;193.979;198.172;198.171;17.592;14.903;18.431;8.469;0;0.000;0.000;0.000;0.000;nan;nan;nan;nan;nan;nan;nan;nan
133;1;1;0.785398;0.959931;1.000000;2803.553646;2803.757184;2803.773221;787265;157762;151088;143954;143954;1800;2303264;100.000;143.639;552.796;593.391;20.039;95.770;18.285;0.000;218.088;2.277;16.037;14.201;203.538;219.575;219.573;38.769;42.666;9.333;8.523;20;4.491;59.002;271.000;0.000;nan;nan;nan;nan;nan;nan;nan;nan
134;1;1;0.785398;0.959931;1.000000;2803.587051;2803.799859;2803.802786;787734;156902;150405;143904;143904;1799;2302464;100.000;786.717;552.604;593.177;19.918;95.859;18.268;0.000;0.000;1.983;2.928;67.721;212.807;215.735;215.734;35.001;42.675;9.341;8.574;0;0.000;0.000;0.000;0.000;nan;nan;nan;nan;nan;nan;nan;nan
135;1;1;0.785398;0.959931;1.000000;2803.620808;2803.820906;2803.823429;786766;155997;149757;143596;143596;1795;2297536;100.000;911.136;551.421;591.904;19.828;96.000;18.251;0.000;0.000;1.656;2.523;65.652;200.098;202.622;202.620;22.310;21.048;12.286;8.806;0;0.000;0.000;0.000;0.000;nan;nan;nan;nan;nan;nan;nan;nan
136;1;1;0.785398;0.959931;1.000000;2803.653418;2803.841927;2803.843512;787622;176546;153233;141136;141136;1765;2258176;100.000;1425.923;541.975;581.781;22.415;86.795;17.919;0.000;0.000;0.622;1.584;39.268;188.509;190.093;190.093;9.059;21.021;12.312;9.025;0;0.000;0.000;0.000;0.000;nan;nan;nan;nan;nan;nan;nan;nan
137;1;1;0.785398;1.047198;1.000000;2803.686917;2803.890468;2803.907382;784509;165388;150680;139854;139854;1749;2237664;100.000;132.303;537.052;576.497;21.082;91.107;17.827;0.000;0.000;4.000;16.915;23.649;203.551;220.466;220.464;39.597;48.540;15.207;9.412;21;38.052;38.052;367.000;0.000;nan;nan;nan;nan;nan;nan;nan;nan
138;1;1;0.785398;1.047198;1.000000;2803.720361;2803.913951;2803.921211;782962;162474;151111;141162;141162;1765;2258592;100.000;311.172;542.075;581.880;20.751;93.006;18.029;0.000;0.000;3.734;7.260;51.425;193.590;200.850;200.849;20.092;23.483;9.850;9.439;0;0.000;0.000;0.000;0.000;nan;nan;nan;nan;nan;nan;nan;nan
139;1;1;0.785398;1.047198;1.000000;2803.753681;2803.964893;2803.977123;785441;162425;151966;143262;143262;1791;2292192;100.000;187.435;550.139;590.531;20.679;93.561;18.240;0.000;0.000;7.645;12.230;62.509;211.212;223.442;223.441;42.670;50.942;17.608;9.950;0;0.000;0.000;0.000;0.000;nan;nan;nan;nan;nan;nan;nan;nan
140;1;1;0.785398;1.047198;1.000000;2803.787525;2803.983260;2803.984972;786857;163290;153775;145806;145806;1823;2332896;100.000;1364.246;559.908;601.022;20.752;94.173;18.530;0.000;239.958;1.150;1.711;67.225;195.735;197.447;197.445;17.186;18.368;14.966;10.263;0;0.000;0.000;0.000;0.000;nan;nan;nan;nan;nan;nan;nan;nan
141;1;1;0.785398;1.047198;1.000000;2803.821581;2804.034225;2804.037170;786209;163483;154120;147146;147146;1840;2354336;100.000;799.904;565.053;606.551;20.794;94.273;18.716;0.000;0.000;1.947;2.945;66.109;212.644;215.588;215.587;36.051;50.965;17.631;10.724;0;0.000;0.000;0.000;0.000;nan;nan;nan;nan;nan;nan;nan;nan
142;1;1;0.785398;1.047198;1.000000;2803.853441;2804.049939;2804.051696;785895;163177;155169;147490;147490;1844;2359840;100.000;1343.883;566.374;607.962;20.763;95.092;18.767;0.000;0.000;1.178;1.758;66.994;196.497;198.255;198.254;17.244;15.714;17.620;11.155;0;0.000;0.000;0.000;0.000;nan;nan;nan;nan;nan;nan;nan;nan
143;1;1;0.785398;1.134464;1.000000;2803.887277;2804.075612;2804.077125;783109;161144;153272;146146;146146;1827;2338336;100.000;1546.443;561.213;602.418;20.577;95.115;18.662;0.000;0.000;0.680;1.513;44.970;188.335;189.848;189.847;9.340;25.674;7.660;10.936;22;12.677;12.677;470.000;0.000;nan;nan;nan;nan;nan;nan;nan;nan
144;1;1;0.785398;1.134464;1.000000;2803.920227;2804.125609;2804.140230;783994;159918;152477;145218;145218;1816;2323488;100.000;158.926;557.650;598.606;20.398;95.347;18.523;0.000;0.000;8.522;14.621;58.289;205.382;220.003;220.002;39.111;49.997;16.664;11.294;0;0.000;0.000;0.000;0.000;nan;nan;nan;nan;nan;nan;nan;nan
145;1;1;0.785398;1.134464;1.000000;2803.953806;2804.155673;2804.158171;785959;159241;151554;144768;144768;1810;2316288;100.000;927.772;555.922;596.743;20.261;95.173;18.419;0.000;0.000;1.653;2.498;66.180;201.866;204.364;204.363;23.718;30.064;3.270;10.793;0;0.000;0.000;0.000;0.000;nan;nan;nan;nan;nan;nan;nan;nan
146;1;1;0.785398;1.134464;1.000000;2803.986614;2804.176607;2804.184100;789030;159756;152861;145716;145716;1822;2331456;100.000;311.265;559.562;600.654;20.247;95.684;18.468;0.001;297.584;6.991;7.492;93.312;189.993;197.485;197.483;16.314;20.935;12.399;10.893;0;0.000;0.000;0.000;0.000;nan;nan;nan;nan;nan;nan;nan;nan
147;1;1;0.785398;1.221730;1.000000;2804.020794;2804.217722;2804.238494;794594;161080;154253;147238;147238;1841;2355808;100.000;113.426;565.406;606.927;20.272;95.762;18.530;0.000;0.000;7.697;20.772;37.054;196.928;217.700;217.698;37.375;41.115;7.782;10.699;23;50.426;50.426;0.000;0.000;nan;nan;nan;nan;nan;nan;nan;nan
148;1;1;0.785398;1.221730;1.000000;2804.054591;2804.251891;2804.270889;797998;160521;153860;146864;146864;1836;2349824;100.000;123.707;563.970;605.378;20.115;95.850;18.404;0.001;0.000;3.381;18.998;17.799;197.300;216.298;216.296;36.437;34.169;0.836;10.082;0;0.000;0.000;0.000;0.000;nan;nan;nan;nan;nan;nan;nan;nan
149;1;1;0.785398;1.221730;1.000000;2804.086692;2804.284788;2804.308102;798639;161639;155042;147738;147738;1847;2363808;100.000;101.395;567.326;608.982;20.239;95.919;18.499;0.000;0.000;4.379;23.314;18.783;198.096;221.410;221.409;40.316;32.896;0.437;9.479;0;0.000;0.000;0.000;0.000;nan;nan;nan;nan;nan;nan;nan;nan
150;1;1;0.785398;1.221730;1.000000;2804.120825;2804.319063;2804.339853;796693;161712;155250;148090;148090;1852;2369440;100.000;113.979;568.678;610.447;20.298;96.004;18.588;0.000;0.000;1.965;20.790;9.452;198.238;219.028;219.026;38.734;34.275;0.942;8.946;0;0.000;0.000;0.000;0.000;nan;nan;nan;nan;nan;nan;nan;nan
151;1;1;0.785398;1.221730;1.000000;2804.154427;2804.353393;2804.375635;794717;182724;160766;147952;147952;1850;2367232;100.000;106.432;568.148;609.872;22.992;87.983;18.617;0.000;0.000;5.166;22.243;23.226;198.966;221.209;221.208;41.183;34.330;0.996;8.449;0;0.000;0.000;0.000;0.000;nan;nan;nan;nan;nan;nan;nan;nan
152;1;1;0.785398;1.221730;1.000000;2804.186810;2804.385493;2804.387666;792861;177402;162385;148152;148152;1852;2370432;100.000;1091.624;568.916;610.685;22.375;91.535;18.686;0.000;0.000;1.496;2.173;68.818;198.683;200.857;200.855;19.881;32.101;1.233;7.998;0;0.000;0.000;0.000;0.000;nan;nan;nan;nan;nan;nan;nan;nan
153;1;1;0.785398;1.308997;1.000000;2804.220668;2804.428308;2804.442425;792789;172270;160585;147662;147662;1846;2362592;100.000;167.377;567.035;608.668;21.730;93.217;18.626;0.000;0.000;12.984;14.116;91.978;207.640;221.757;221.756;41.306;42.815;9.482;8.091;24;1.863;56.622;355.000;0.000;nan;nan;nan;nan;nan;nan;nan;nan
154;1;1;0.785398;1.308997;1.000000;2804.254107;2804.459395;2804.470545;792309;170077;158905;147945;147945;1850;2367120;100.000;212.337;568.121;609.845;21.466;93.431;18.673;0.001;226.676;9.896;11.150;88.746;205.287;216.438;216.435;36.093;31.086;2.247;7.725;0;0.000;0.000;0.000;0.000;nan;nan;nan;nan;nan;nan;nan;nan
155;1;1;0.785398;1.308997;1.000000;2804.287501;2804.484660;2804.510093;791925;168432;158260;147762;147762;1848;2364192;100.000;92.959;567.419;609.097;21.269;93.961;18.659;0.000;0.000;1.203;25.434;4.729;197.159;222.593;222.592;42.308;25.265;8.068;7.747;0;0.000;0.000;0.000;0.000;nan;nan;nan;nan;nan;nan;nan;nan
156;1;1;0.785398;1.308997;1.000000;2804.320413;2804.522914;2804.539441;793795;167739;157928;148592;148592;1858;2377472;100.000;143.877;570.606;612.510;21.131;94.151;18.719;0.000;0.000;4.736;16.526;28.660;202.502;219.028;219.026;38.321;38.255;4.921;7.570;0;0.000;0.000;0.000;0.000;nan;nan;nan;nan;nan;nan;nan;nan
157;1;1;0.785398;1.308997;1.000000;2804.354025;2804.552211;2804.576148;793460;166820;157721;148650;148650;1859;2378400;100.000;99.366;570.828;612.755;21.024;94.546;18.734;0.000;0.000;0.999;23.937;4.172;198.187;222.124;222.123;41.696;29.297;4.036;7.349;0;0.000;0.000;0.000;0.000;nan;nan;nan;nan;nan;nan;nan;nan
158;1;1;0.785398;1.396263;1.000000;2804.387088;2804.597718;2804.608280;795527;165032;157259;147554;147554;1845;2360864;100.000;223.555;566.620;608.231;20.745;95.290;18.548;0.000;0.000;9.617;10.562;91.054;210.630;221.192;221.191;40.494;45.506;12.173;7.651;25;12.248;44.379;396.000;0.000;nan;nan;nan;nan;nan;nan;nan;nan
159;1;1;0.785398;1.396263;1.000000;2804.420832;2804.617747;2804.626280;798776;162029;154478;146024;146024;1826;2336384;100.000;273.859;560.745;601.927;20.285;95.340;18.281;0.000;0.000;7.826;8.533;91.715;196.915;205.448;205.446;25.161;20.029;13.304;8.004;0;0.000;0.000;0.000;0.000;nan;nan;nan;nan;nan;nan;nan;nan
160;1;1;0.785398;1.396263;1.000000;2804.453217;2804.647439;2804.649094;799362;158252;151102;143192;143192;1790;2291072;100.000;1384.858;549.870;590.240;19.797;95.482;17.913;0.000;0.000;1.067;1.655;64.460;194.222;195.877;195.876;14.642;29.692;3.641;7.731;0;0.000;0.000;0.000;0.000;nan;nan;nan;nan;nan;nan;nan;nan
161;1;1;0.785398;1.396263;1.000000;2804.487583;2804.683844;2804.702199;789777;156145;149160;141480;141480;1769;2263680;100.000;123.344;543.296;583.192;19.771;95.527;17.914;0.000;210.479;1.573;18.355;8.571;196.261;214.616;214.614;34.414;36.405;3.072;7.440;0;0.000;0.000;0.000;0.000;nan;nan;nan;nan;nan;nan;nan;nan
162;1;1;0.785398;1.396263;1.000000;2804.521016;2804.720139;2804.740902;790930;154168;147403;139820;139820;1748;2237120;100.000;107.755;536.921;576.344;19.492;95.612;17.678;0.000;0.000;5.294;20.763;25.496;199.123;219.886;219.885;39.783;36.295;2.961;7.160;0;0.000;0.000;0.000;0.000;nan;nan;nan;nan;nan;nan;nan;nan
163;1;1;0.785398;1.483530;1.000000;2804.553829;2804.753182;2804.773640;793734;152131;145323;138532;138532;1732;2216512;100.000;108.356;531.975;571.037;19.166;95.525;17.453;0.001;0.000;2.676;20.458;13.079;199.352;219.810;219.808;39.187;33.043;0.291;6.731;26;20.770;53.507;0.000;0.000;nan;nan;nan;nan;nan;nan;nan;nan
164;1;1;0.785398;1.483530;1.000000;2804.587581;2804.790778;2804.807917;792883;151617;145050;138018;138018;1726;2208288;100.000;128.863;530.002;568.928;19.122;95.669;17.407;0.000;0.000;5.715;17.138;33.349;203.198;220.336;220.335;40.131;37.597;4.264;6.577;0;0.000;0.000;0.000;0.000;nan;nan;nan;nan;nan;nan;nan;nan
165;1;1;0.785398;1.483530;1.000000;2804.621755;2804.825849;2804.843921;791299;151165;144726;138142;138142;1727;2210272;100.000;122.317;530.478;569.426;19.103;95.740;17.458;0.000;0.000;4.011;18.072;22.197;204.094;222.166;222.164;42.802;35.071;1.737;6.274;0;0.000;0.000;0.000;0.000;nan;nan;nan;nan;nan;nan;nan;nan
166;1;1;0.785398;1.483530;1.000000;2804.653382;2804.852302;2804.857761;789485;172621;150718;138460;138460;1731;2215360;100.000;405.920;531.699;570.738;21.865;87.312;17.538;0.001;0.000;4.799;5.459;87.912;198.920;204.380;204.378;23.309;26.453;6.880;6.312;0;0.000;0.000;0.000;0.000;nan;nan;nan;nan;nan;nan;nan;nan
167;1;1;0.785398;1.570796;1.000000;2804.687683;2804.891414;2804.906513;789977;165439;151129;138716;138716;1734;2219456;100.000;147.013;532.682;571.788;20.942;91.350;17.559;0.000;223.108;5.252;15.099;34.781;203.731;218.830;218.828;38.728;39.112;5.779;6.279;27;35.516;35.516;279.000;0.000;nan;nan;nan;nan;nan;nan;nan;nan
168;1;1;0.785398;1.570796;1.000000;2804.720676;2804.918803;2804.939372;791598;164367;152051;139622;139622;1746;2233952;100.000;108.614;536.161;575.538;20.764;92.507;17.638;0.000;0.000;1.383;20.569;6.722;198.126;218.696;218.695;38.253;27.388;5.945;6.258;0;0.000;0.000;0.000;0.000;nan;nan;nan;nan;nan;nan;nan;nan
169;1;1;0.785398;1.570796;1.000000;2804.753980;2804.947895;2804.962054;795034;164323;153044;139918;139918;1749;2238688;100.000;158.150;537.298;576.743;20.669;93.136;17.599;0.001;0.000;2.216;14.159;15.653;193.915;208.075;208.071;27.602;29.092;4.241;6.132;0;0.000;0.000;0.000;0.000;nan;nan;nan;nan;nan;nan;nan;nan
170;1;1;0.785398;1.570796;1.000000;2804.787368;2805.000648;2805.009873;794863;162860;152015;140286;140286;1754;2244576;100.000;243.350;538.711;578.268;20.489;93.341;17.649;0.000;0.000;8.456;9.225;91.665;213.280;222.505;222.504;42.088;52.754;19.420;6.962;0;0.000;0.000;0.000;0.000;nan;nan;nan;nan;nan;nan;nan;nan
171;1;1;0.785398;1.570796;1.000000;2804.820731;2805.014694;2805.017872;794885;162616;152358;141226;141226;1766;2259616;100.000;711.237;542.320;582.149;20.458;93.692;17.767;0.000;0.000;2.644;3.178;83.201;193.963;197.141;197.140;16.753;14.046;19.288;7.733;0;0.000;0.000;0.000;0.000;nan;nan;nan;nan;nan;nan;nan;nan
172;1;1;0.785398;1.570796;1.000000;2804.852874;2805.040856;2805.046760;788905;160273;150790;141276;141276;1766;2260416;100.000;382.918;542.512;582.341;20.316;94.083;17.908;0.000;0.000;0.950;5.905;16.088;187.982;193.887;193.885;12.308;26.161;7.172;7.698;0;0.000;0.000;0.000;0.000;nan;nan;nan;nan;nan;nan;nan;nan
173;1;1;0.785398;1.658063;1.000000;2804.886989;2805.085726;2805.113119;787376;157760;149050;140380;140380;1755;2246080;100.000;82.002;539.072;578.652;20.036;94.479;17.829;0.000;0.000;13.343;27.392;48.713;198.738;226.130;226.129;45.333;44.871;11.538;7.938;28;5.582;71.940;315.000;0.000;nan;nan;nan;nan;nan;nan;nan;nan
174;1;1;0.785398;1.658063;1.000000;2804.920575;2805.114663;2805.129634;791921;155846;148284;138596;138596;1733;2217536;100.000;148.139;532.221;571.305;19.679;95.148;17.501;0.000;238.206;14.263;14.971;95.269;194.088;209.059;209.057;28.515;28.936;4.397;7.716;0;0.000;0.000;0.000;0.000;nan;nan;nan;nan;nan;nan;nan;nan
175;1;1;0.785398;1.658063;1.000000;2804.953516;2805.166057;2805.173726;785044;153580;146099;137098;137098;1714;2193568;100.000;286.080;526.469;565.124;19.563;95.129;17.464;0.000;0.000;6.630;7.669;86.450;212.542;220.210;220.209;39.274;51.394;18.061;8.363;0;0.000;0.000;0.000;0.000;nan;nan;nan;nan;nan;nan;nan;nan
176;1;1;0.785398;1.658063;1.000000;2804.987123;2805.181069;2805.182514;785759;152380;145247;136788;136788;1710;2188608;100.000;1515.662;525.278;563.844;19.393;95.319;17.408;0.000;0.000;0.753;1.445;52.111;193.946;195.391;195.390;14.729;15.012;18.321;8.985;0;0.000;0.000;0.000;0.000;nan;nan;nan;nan;nan;nan;nan;nan
177;1;1;0.785398;1.658063;1.000000;2805.021836;2805.210610;2805.214958;782963;152098;145179;136884;136884;1712;2190144;100.000;503.821;525.647;564.257;19.426;95.451;17.483;0.000;0.000;3.894;4.348;89.562;188.774;193.122;193.121;13.839;29.541;3.793;8.661;0;0.000;0.000;0.000;0.000;nan;nan;nan;nan;nan;nan;nan;nan
178;1;1;0.785398;1.745329;1.000000;2805.053259;2805.257180;2805.272512;783666;153075;146246;138258;138258;1729;2212128;100.000;144.294;530.923;569.917;19.533;95.539;17.642;0.000;0.000;9.116;15.333;59.456;203.920;219.253;219.251;38.060;46.570;13.236;8.947;29;39.995;39.995;0.000;0.000;nan;nan;nan;nan;nan;nan;nan;nan
179;1;1;0.785398;1.745329;1.000000;2805.087383;2805.282102;2805.283223;786714;152919;146199;138600;138600;1733;2217600;100.000;1978.938;532.236;571.320;19.438;95.606;17.618;0.000;0.000;0.638;1.121;56.907;194.719;195.841;195.840;15.438;24.922;8.411;8.913;0;0.000;0.000;0.000;0.000;nan;nan;nan;nan;nan;nan;nan;nan
180;1;1;0.785398;1.745329;1.000000;2805.120151;2805.319665;2805.339630;787583;153445;146719;139086;139086;1739;2225376;100.000;111.472;534.103;573.322;19.483;95.617;17.660;0.000;0.000;2.808;19.966;14.062;199.513;219.479;219.477;38.511;37.563;4.229;8.621;0;0.000;0.000;0.000;0.000;nan;nan;nan;nan;nan;nan;nan;nan
181;1;1;0.785398;1.745329;1.000000;2805.153981;2805.351822;2805.374313;793719;175008;151952;139098;139098;1739;2225568;100.000;98.963;534.149;573.368;22.049;86.826;17.525;0.000;201.963;10.177;22.491;45.247;197.840;220.331;220.330;39.860;32.157;1.176;8.155;0;0.000;0.000;0.000;0.000;nan;nan;nan;nan;nan;nan;nan;nan
182;1;1;0.785398;1.832596;1.000000;2805.187674;2805.400606;2805.403175;792329;166843;152102;139598;139598;1745;2233568;100.000;870.361;536.069;575.424;21.057;91.165;17.619;0.000;0.000;1.691;2.568;65.846;212.933;215.501;215.499;35.389;48.785;15.451;8.611;30;6.394;35.256;0.000;0.000;nan;nan;nan;nan;nan;nan;nan;nan
183;1;1;0.785398;1.832596;1.000000;2805.219998;2805.415589;2805.416772;801464;166450;153241;141888;141888;1774;2270208;100.000;1920.750;544.862;584.871;20.768;92.064;17.704;0.000;0.000;0.739;1.183;62.451;195.591;196.774;196.773;15.653;14.983;18.351;9.220;0;0.000;0.000;0.000;0.000;nan;nan;nan;nan;nan;nan;nan;nan
184;1;1;0.785398;1.832596;1.000000;2805.253932;2805.444727;2805.448128;796948;166744;155126;145036;145036;1813;2320576;100.000;682.597;556.951;597.840;20.923;93.032;18.199;0.000;0.000;2.917;3.401;85.779;190.795;194.196;194.195;13.675;29.138;4.195;8.906;0;0.000;0.000;0.000;0.000;nan;nan;nan;nan;nan;nan;nan;nan
185;1;1;0.785398;1.832596;1.000000;2805.286781;2805.485530;2805.505001;802598;167116;156898;147102;147102;1839;2353632;100.000;120.895;564.884;606.360;20.822;93.886;18.328;0.001;0.000;1.466;19.471;7.527;198.749;218.219;218.217;37.215;40.803;7.469;8.816;0;0.000;0.000;0.000;0.000;nan;nan;nan;nan;nan;nan;nan;nan
186;1;1;0.785398;1.832596;1.000000;2805.320628;2805.515784;2805.522957;797039;168438;158724;149128;149128;1865;2386048;100.000;332.684;572.664;614.726;21.133;94.233;18.710;0.000;0.000;6.746;7.173;94.048;195.156;202.329;202.329;21.838;30.254;3.079;8.458;0;0.000;0.000;0.000;0.000;nan;nan;nan;nan;nan;nan;nan;nan
187;1;1;0.785398;1.919862;1.000000;2805.353664;2805.549442;2805.573904;797511;167416;158681;148974;148974;1863;2383584;100.000;97.444;572.073;614.089;20.992;94.782;18.680;0.000;275.655;2.898;24.462;11.846;195.778;220.240;220.239;39.452;33.658;0.325;7.949;31;27.770;27.770;326.000;0.000;nan;nan;nan;nan;nan;nan;nan;nan
188;1;1;0.785398;1.919862;1.000000;2805.387445;2805.582315;2805.583887;794879;165433;157789;147856;147856;1849;2365696;100.000;1505.736;567.780;609.480;20.812;95.379;18.601;0.000;0.000;1.136;1.572;72.271;194.870;196.442;196.441;16.101;32.873;0.461;7.481;0;0.000;0.000;0.000;0.000;nan;nan;nan;nan;nan;nan;nan;nan
189;1;1;0.785398;1.919862;1.000000;2805.420102;2805.616353;2805.644212;793590;163871;156377;145718;145718;1822;2331488;100.000;83.691;559.570;600.661;20.649;95.427;18.362;0.000;0.000;1.057;27.859;3.793;196.250;224.110;224.109;43.093;34.038;0.705;7.058;0;0.000;0.000;0.000;0.000;nan;nan;nan;nan;nan;nan;nan;nan
190;1;1;0.785398;1.919862;1.000000;2805.453705;2805.653150;2805.664019;788938;160273;153266;143848;143848;1799;2301568;100.000;211.796;552.389;592.962;20.315;95.628;18.233;0.001;0.000;5.895;10.869;54.236;199.445;210.314;210.312;29.567;36.797;3.464;6.833;0;0.000;0.000;0.000;0.000;nan;nan;nan;nan;nan;nan;nan;nan
191;1;1;0.785398;1.919862;1.000000;2805.487592;2805.687980;2805.695171;784846;158598;151660;142800;142800;1785;2284800;100.000;317.938;548.364;588.622;20.208;95.625;18.195;0.001;0.000;1.459;7.191;20.289;200.388;207.579;207.575;27.386;34.830;1.497;6.500;0;0.000;0.000;0.000;0.000;nan;nan;nan;nan;nan;nan;nan;nan
192;1;1;0.785398;1.919862;1.000000;2805.520125;2805.719330;2805.736645;788004;157770;151370;142404;142404;1781;2278464;100.000;131.602;546.844;587.011;20.021;95.943;18.071;0.001;0.000;1.110;17.316;6.410;199.205;216.520;216.518;35.526;31.350;1.984;6.217;0;0.000;0.000;0.000;0.000;nan;nan;nan;nan;nan;nan;nan;nan
193;1;1;0.785398;1.919862;1.000000;2805.553660;2805.751059;2805.753147;795964;157494;151184;142560;142560;1782;2280960;100.000;1093.438;547.443;587.632;19.787;95.993;17.910;0.000;0.000;1.090;2.087;52.226;197.399;199.486;199.485;18.694;31.730;1.604;5.929;0;0.000;0.000;0.000;0.000;nan;nan;nan;nan;nan;nan;nan;nan
194;1;1;0.785398;2.007129;1.000000;2805.586693;2805.782920;2805.799711;799207;157712;151321;143286;143286;1792;2292576;100.000;136.547;550.231;590.646;19.734;95.948;17.929;0.001;0.000;1.200;16.791;7.146;196.227;213.018;213.017;31.926;31.861;1.472;5.650;32;2.098;48.662;354.000;0.000;nan;nan;nan;nan;nan;nan;nan;nan
195;1;1;0.785398;2.007129;1.000000;2805.620800;2805.813648;2805.829504;799402;158604;152319;144392;144392;1805;2310272;100.000;145.729;554.478;595.186;19.840;96.037;18.063;0.000;262.295;14.922;15.856;94.107;192.848;208.704;208.702;28.385;30.728;2.605;5.460;0;0.000;0.000;0.000;0.000;nan;nan;nan;nan;nan;nan;nan;nan
196;1;1;0.785398;2.007129;1.000000;2805.653747;2805.854799;2805.875765;800483;179847;157023;145043;145043;1814;2320688;100.000;110.695;556.978;597.889;22.467;87.309;18.119;0.000;0.000;1.402;20.965;6.686;201.053;222.018;222.018;41.313;41.151;7.818;5.607;0;0.000;0.000;0.000;0.000;nan;nan;nan;nan;nan;nan;nan;nan
197;1;1;0.785398;2.007129;1.000000;2805.686882;2805.885752;2805.904051;798336;173058;158082;145944;145944;1825;2335104;100.000;127.619;560.437;601.597;21.677;91.346;18.281;0.001;0.000;9.013;18.299;49.253;198.870;217.169;217.167;36.265;30.952;2.381;5.406;0;0.000;0.000;0.000;0.000;nan;nan;nan;nan;nan;nan;nan;nan
198;1;1;0.785398;2.007129;1.000000;2805.720764;2805.916768;2805.939748;798454;170952;158362;146568;146568;1833;2345088;100.000;102.053;562.834;604.174;21.410;92.635;18.356;0.000;0.000;0.911;22.981;3.964;196.004;218.985;218.984;38.629;31.016;2.317;5.213;0;0.000;0.000;0.000;0.000;nan;nan;nan;nan;nan;nan;nan;nan
199;1;1;0.785398;2.094395;1.000000;2805.753464;2805.948938;2805.950194;800770;169421;157689;147434;147434;1843;2358944;100.000;1879.520;566.159;607.725;21.157;93.075;18.412;0.000;0.000;0.757;1.256;60.284;195.473;196.729;196.728;15.741;32.170;1.163;4.960;33;8.604;8.604;0.000;0.000;nan;nan;nan;nan;nan;nan;nan;nan
200;1;1;0.785398;2.094395;1.000000;2805.787079;2805.984378;2806.010308;802378;169885;159532;148866;148866;1861;2381856;100.000;91.861;571.658;613.630;21.173;93.906;18.553;0.000;0.000;7.231;25.930;27.886;197.298;223.229;223.228;42.522;35.440;2.107;4.781;0;0.000;0.000;0.000;0.000;nan;nan;nan;nan;nan;nan;nan;nan
201;1;1;0.785398;2.094395;1.000000;2805.820357;2806.026216;2806.040971;805285;170342;161009;150350;150350;1880;2405600;100.000;163.048;577.356;619.757;21.153;94.521;18.670;0.000;0.000;13.575;14.755;92.006;205.859;220.614;220.613;39.852;41.838;8.505;5.014;0;0.000;0.000;0.000;0.000;nan;nan;nan;nan;nan;nan;nan;nan
202;1;1;0.785398;2.181662;1.000000;2805.853867;2806.062130;2806.076871;803318;170804;162222;152012;152012;1901;2432192;100.000;165.014;583.739;626.613;21.262;94.976;18.923;0.000;141.332;4.418;14.740;29.974;208.264;223.004;223.003;42.418;35.914;2.581;4.862;34;14.316;50.216;192.000;0.000;nan;nan;nan;nan;nan;nan;nan;nan
203;1;1;0.785398;2.181662;1.000000;2805.886397;2806.101242;2806.108520;802036;171257;163166;152816;152816;1911;2445056;100.000;336.012;586.826;629.926;21.353;95.276;19.054;0.001;0.000;6.197;7.278;85.146;214.844;222.122;222.121;40.734;39.111;5.778;4.919;0;0.000;0.000;0.000;0.000;nan;nan;nan;nan;nan;nan;nan;nan
204;1;1;0.785398;2.181662;1.000000;2805.920733;2806.119251;2806.150593;810228;170233;162574;152942;152942;1912;2447072;100.000;78.080;587.310;630.432;21.011;95.501;18.876;0.000;0.000;0.881;31.342;2.810;198.518;229.860;229.859;49.474;18.010;15.324;5.570;0;0.000;0.000;0.000;0.000;nan;nan;nan;nan;nan;nan;nan;nan
205;1;1;0.785398;2.181662;1.000000;2805.953330;2806.167393;2806.170264;808185;169288;161980;152382;152382;1905;2438112;100.000;849.572;585.159;628.124;20.947;95.683;18.855;0.000;0.000;1.887;2.872;65.699;214.062;216.934;216.932;35.812;48.141;14.808;6.147;0;0.000;0.000;0.000;0.000;nan;nan;nan;nan;nan;nan;nan;nan
206;1;1;0.785398;2.181662;1.000000;2805.987498;2806.182669;2806.186932;815223;166586;159415;150790;150790;1885;2412640;100.000;566.198;579.046;621.559;20.434;95.695;18.497;0.000;280.221;3.654;4.263;85.726;195.172;199.434;199.433;19.146;15.277;18.057;6.891;0;0.000;0.000;0.000;0.000;nan;nan;nan;nan;nan;nan;nan;nan
207;1;1;0.785398;2.181662;1.000000;2806.020088;2806.217612;2806.229714;799426;164236;157600;149044;149044;1864;2384704;100.000;197.066;572.341;614.381;20.544;95.959;18.644;0.000;0.000;10.924;12.102;90.262;197.524;209.626;209.625;28.595;34.943;1.609;6.561;0;0.000;0.000;0.000;0.000;nan;nan;nan;nan;nan;nan;nan;nan
208;1;1;0.785398;2.268928;1.000000;2806.053921;2806.251196;2806.268279;790320;161958;155371;147638;147638;1846;2362208;100.000;138.298;566.942;608.576;20.493;95.933;18.681;0.001;0.000;0.980;17.083;5.736;197.275;214.358;214.355;33.827;33.584;0.251;6.167;35;38.306;38.306;0.000;0.000;nan;nan;nan;nan;nan;nan;nan;nan
209;1;1;0.785398;2.268928;1.000000;2806.087404;2806.281207;2806.282681;795945;159878;153543;145656;145656;1821;2330496;100.000;1582.613;559.332;600.401;20.087;96.038;18.300;0.000;0.000;0.614;1.473;41.670;193.803;195.276;195.276;14.895;30.012;3.322;5.989;0;0.000;0.000;0.000;0.000;nan;nan;nan;nan;nan;nan;nan;nan
210;1;1;0.785398;2.268928;1.000000;2806.120734;2806.317625;2806.343527;792891;157845;151387;144144;144144;1802;2306304;100.000;89.045;553.525;594.166;19.908;95.909;18.180;0.000;0.000;1.627;25.902;6.280;196.891;222.793;222.792;42.408;36.418;3.085;5.807;0;0.000;0.000;0.000;0.000;nan;nan;nan;nan;nan;nan;nan;nan
211;1;1;0.785398;2.268928;1.000000;2806.154065;2806.357816;2806.371069;797320;179073;155570;143206;143206;1791;2291296;100.000;172.910;549.924;590.316;22.459;86.875;17.961;0.001;0.000;10.502;13.253;79.238;203.751;217.004;217.002;36.617;40.190;6.857;5.873;0;0.000;0.000;0.000;0.000;nan;nan;nan;nan;nan;nan;nan;nan
212;1;1;0.785398;2.268928;1.000000;2806.186209;2806.390890;2806.411328;805214;167712;153840;142122;142122;1777;2273952;100.000;111.273;545.761;585.838;20.828;91.729;17.650;0.000;0.000;1.249;20.437;6.111;204.681;225.119;225.117;43.542;33.074;0.259;5.522;0;0.000;0.000;0.000;0.000;nan;nan;nan;nan;nan;nan;nan;nan
213;1;1;0.785398;2.356194;1.000000;2806.221138;2806.415935;2806.417458;797126;165724;153926;141596;141596;1770;2265536;100.000;1488.097;543.741;583.660;20.790;92.881;17.763;0.000;0.000;0.690;1.524;45.285;194.797;196.321;196.320;16.339;25.045;8.289;5.695;36;1.350;7.481;191.000;0.000;nan;nan;nan;nan;nan;nan;nan;nan
214;1;1;0.785398;2.356194;1.000000;2806.254022;2806.459318;2806.471803;803136;164635;153309;141814;141814;1773;2269024;100.000;181.764;544.578;584.565;20.499;93.121;17.658;0.000;116.749;5.261;12.485;42.135;205.295;217.780;217.779;37.350;43.383;10.049;5.967;0;0.000;0.000;0.000;0.000;nan;nan;nan;nan;nan;nan;nan;nan
215;1;1;0.785398;2.356194;1.000000;2806.287040;2806.486066;2806.514886;809297;164090;153484;143036;143036;1788;2288576;100.000;79.416;549.271;589.596;20.276;93.536;17.674;0.000;0.000;1.076;28.819;3.732;199.026;227.846;227.845;47.100;26.749;6.585;6.006;0;0.000;0.000;0.000;0.000;nan;nan;nan;nan;nan;nan;nan;nan
216;1;1;0.785398;2.356194;1.000000;2806.320706;2806.515076;2806.516504;808156;164590;154798;144130;144130;1802;2306080;100.000;1615.439;553.472;594.112;20.366;94.051;17.834;0.000;0.000;0.957;1.428;67.000;194.370;195.798;195.797;15.385;29.009;4.324;5.901;0;0.000;0.000;0.000;0.000;nan;nan;nan;nan;nan;nan;nan;nan
217;1;1;0.785398;2.356194;1.000000;2806.353442;2806.561478;2806.574991;810355;164643;155828;146106;146106;1827;2337696;100.000;173.015;561.060;602.264;20.317;94.646;18.030;0.000;148.124;1.796;13.512;13.294;208.036;221.549;221.548;40.538;46.402;13.069;6.349;0;0.000;0.000;0.000;0.000;nan;nan;nan;nan;nan;nan;nan;nan
218;1;1;0.785398;2.443461;1.000000;2806.387448;2806.587459;2806.598215;810211;166567;158910;148782;148782;1860;2380512;100.000;221.396;571.335;613.284;20.558;95.403;18.363;0.001;0.000;8.985;10.756;83.537;200.011;210.767;210.763;30.429;25.981;7.352;6.411;37;13.530;36.752;0.000;0.000;nan;nan;nan;nan;nan;nan;nan;nan
219;1;1;0.785398;2.443461;1.000000;2806.419715;2806.634469;2806.649818;808645;167376;159975;150220;150220;1878;2403520;100.000;156.606;576.857;619.212;20.698;95.578;18.577;0.000;0.000;14.285;15.349;93.070;214.754;230.103;230.102;48.699;47.010;13.677;6.866;0;0.000;0.000;0.000;0.000;nan;nan;nan;nan;nan;nan;nan;nan
220;1;1;0.785398;2.443461;1.000000;2806.453866;2806.668562;2806.678955;810783;167068;159654;150188;150188;1878;2403008;100.000;231.244;576.734;619.090;20.606;95.562;18.524;0.000;0.000;9.570;10.393;92.089;214.696;225.088;225.088;44.502;34.093;0.760;6.484;0;0.000;0.000;0.000;0.000;nan;nan;nan;nan;nan;nan;nan;nan
221;1;1;0.785398;2.443461;1.000000;2806.485878;2806.693661;2806.709896;807088;165155;157841;149054;149054;1864;2384864;100.000;146.907;572.380;614.419;20.463;95.571;18.468;0.000;0.000;15.129;16.235;93.189;207.783;224.018;224.017;42.110;25.099;8.235;6.593;0;0.000;0.000;0.000;0.000;nan;nan;nan;nan;nan;nan;nan;nan
222;1;1;0.785398;2.443461;1.000000;2806.520081;2806.722843;2806.737051;809369;163058;155933;147392;147392;1843;2358272;100.000;166.005;565.998;607.563;20.146;95.630;18.211;0.000;127.321;1.790;14.208;12.598;202.762;216.970;216.968;35.932;29.182;4.151;6.441;0;0.000;0.000;0.000;0.000;nan;nan;nan;nan;nan;nan;nan;nan
223;1;1;0.785398;2.530727;1.000000;2806.554261;2806.752868;2806.772909;795354;161237;154418;146064;146064;1826;2337024;100.000;116.621;560.898;602.080;20.272;95.771;18.365;0.000;0.000;3.370;20.041;16.814;198.606;218.648;218.646;38.457;30.025;3.309;6.245;38;13.964;49.823;251.000;0.000;nan;nan;nan;nan;nan;nan;nan;nan
224;1;1;0.785398;2.530727;1.000000;2806.586502;2806.786813;2806.805561;795455;158596;152157;144466;144466;1806;2311456;100.000;123.315;554.762;595.493;19.938;95.940;18.161;0.001;0.000;5.705;18.747;30.430;200.312;219.059;219.057;37.775;33.946;0.613;5.893;0;0.000;0.000;0.000;0.000;nan;nan;nan;nan;nan;nan;nan;nan
225;1;1;0.785398;2.530727;1.000000;2806.620302;2806.815392;2806.820996;795720;157594;150950;143728;143728;1797;2299648;100.000;410.456;551.928;592.456;19.805;95.784;18.063;0.000;0.000;5.067;5.604;90.425;195.091;200.695;200.693;19.877;28.579;4.755;5.822;0;0.000;0.000;0.000;0.000;nan;nan;nan;nan;nan;nan;nan;nan
226;1;1;0.785398;2.530727;1.000000;2806.654348;2806.855981;2806.875893;798723;180302;156126;142930;142930;1787;2286880;100.000;114.856;548.864;589.166;22.574;86.591;17.895;0.000;88.701;0.813;19.912;4.081;201.633;221.545;221.544;41.440;40.589;7.255;5.911;0;0.000;0.000;0.000;0.000;nan;nan;nan;nan;nan;nan;nan;nan
227;1;1;0.785398;2.530727;1.000000;2806.686353;2806.900740;2806.916343;807441;170618;155414;142948;142948;1787;2287168;100.000;146.626;548.933;589.235;21.131;91.089;17.704;0.000;0.000;0.997;15.604;6.389;214.387;229.991;229.986;48.558;44.759;11.425;6.256;0;0.000;0.000;0.000;0.000;nan;nan;nan;nan;nan;nan;nan;nan
228;1;1;0.785398;2.617994;1.000000;2806.720991;2806.916517;2806.927418;803316;169984;156637;143504;143504;1794;2296064;100.000;210.709;551.068;591.528;21.160;92.148;17.864;0.001;0.000;0.774;10.901;7.104;195.526;206.427;206.423;26.299;15.777;17.556;6.962;39;31.491;42.566;180.000;0.000;nan;nan;nan;nan;nan;nan;nan;nan
229;1;1;0.785398;2.617994;1.000000;2806.752453;2806.951194;2806.956105;809074;169011;156570;144280;144280;1804;2308480;100.000;470.205;554.048;594.733;20.889;92.639;17.833;0.000;103.049;4.369;4.910;88.979;198.741;203.652;203.651;21.652;34.677;1.344;6.611;0;0.000;0.000;0.000;0.000;nan;nan;nan;nan;nan;nan;nan;nan
230;1;1;0.785398;2.617994;1.000000;2806.787492;2807.001349;2807.015873;808265;168401;156699;145334;145334;1817;2325344;100.000;160.126;558.095;599.074;20.835;93.051;17.981;0.000;0.000;13.530;14.524;93.158;213.857;228.381;228.380;48.087;50.155;16.822;7.249;0;0.000;0.000;0.000;0.000;nan;nan;nan;nan;nan;nan;nan;nan
231;1;1;0.785398;2.617994;1.000000;2806.819949;2807.015997;2807.019182;818848;168223;158212;147128;147128;1840;2354048;100.000;739.358;564.984;606.482;20.544;94.049;17.968;0.000;165.994;1.377;3.185;43.224;196.049;199.234;199.233;18.063;14.648;18.685;7.964;0;0.000;0.000;0.000;0.000;nan;nan;nan;nan;nan;nan;nan;nan
232;1;1;0.785398;2.617994;1.000000;2806.853869;2807.064295;2807.074813;820617;168297;159646;148796;148796;1860;2380736;100.000;226.371;571.389;613.338;20.509;94.860;18.132;0.000;0.000;9.422;10.518;89.575;210.426;220.944;220.943;40.360;48.297;14.964;8.401;0;0.000;0.000;0.000;0.000;nan;nan;nan;nan;nan;nan;nan;nan
233;1;1;0.785398;2.617994;1.000000;2806.887801;2807.083551;2807.085103;814146;169498;161349;150842;150842;1886;2413472;100.000;1555.313;579.246;621.781;20.819;95.192;18.528;0.000;0.000;1.070;1.552;68.942;195.750;197.302;197.302;17.317;19.256;14.077;8.756;0;0.000;0.000;0.000;0.000;nan;nan;nan;nan;nan;nan;nan;nan
234;1;1;0.785398;2.617994;1.000000;2806.919905;2807.111564;2807.115490;814852;170242;162565;152630;152630;1908;2442080;100.000;622.299;586.112;629.144;20.892;95.491;18.731;0.000;0.000;3.419;3.925;87.094;191.660;195.585;195.584;14.371;28.014;5.320;8.541;0;0.000;0.000;0.000;0.000;nan;nan;nan;nan;nan;nan;nan;nan
235;1;1;0.785398;2.617994;1.000000;2806.954216;2807.150349;2807.171922;815725;170318;162913;153174;153174;1915;2450784;100.000;113.619;588.201;631.391;20.879;95.652;18.778;0.001;95.376;8.680;21.573;40.236;196.133;217.705;217.704;37.469;38.785;5.451;8.348;0;0.000;0.000;0.000;0.000;nan;nan;nan;nan;nan;nan;nan;nan
236;1;1;0.785398;2.617994;1.000000;2806.988174;2807.185196;2807.197852;816078;169480;162409;152808;152808;1911;2444928;100.000;193.212;586.795;629.895;20.768;95.828;18.725;0.000;0.000;11.420;12.656;90.232;197.022;209.678;209.677;30.066;34.847;1.514;7.921;0;0.000;0.000;0.000;0.000;nan;nan;nan;nan;nan;nan;nan;nan
237;1;1;0.785398;2.617994;1.000000;2807.019861;2807.221828;2807.223473;810868;167888;160740;151650;151650;1896;2426400;100.000;1475.126;582.348;625.110;20.705;95.742;18.702;0.000;0.000;1.062;1.646;64.528;201.967;203.613;203.612;22.354;36.631;3.298;7.632;0;0.000;0.000;0.000;0.000;nan;nan;nan;nan;nan;nan;nan;nan
238;1;1;0.785398;2.617994;1.000000;2807.054157;2807.253177;2807.271622;801907;165538;158283;149972;149972;1875;2399552;100.000;130.103;575.905;618.192;20.643;95.617;18.702;0.000;100.320;1.712;18.445;9.283;199.020;217.465;217.463;37.170;31.349;1.984;7.279;0;0.000;0.000;0.000;0.000;nan;nan;nan;nan;nan;nan;nan;nan
239;1;1;0.785398;2.617994;1.000000;2807.087131;2807.300638;2807.303778;799196;164450;157514;148264;148264;1854;2372224;100.000;755.748;569.346;611.160;20.577;95.782;18.552;0.000;0.000;2.111;3.141;67.213;213.506;216.647;216.645;35.993;47.461;14.128;7.707;0;0.000;0.000;0.000;0.000;nan;nan;nan;nan;nan;nan;nan;nan
240;1;1;0.785398;2.617994;1.000000;2807.120192;2807.328123;2807.349926;799621;162668;155766;146996;146996;1838;2351936;100.000;107.884;564.477;605.930;20.343;95.757;18.383;0.000;0.000;3.381;21.802;15.506;207.931;229.733;229.732;48.807;27.486;5.848;7.591;0;0.000;0.000;0.000;0.000;nan;nan;nan;nan;nan;nan;nan;nan
241;1;1;0.785398;2.617994;1.000000;2807.154484;2807.365435;2807.385093;808174;182380;158734;146062;146062;1826;2336992;100.000;118.895;560.891;602.073;22.567;87.035;18.073;0.000;0.000;13.678;19.658;69.578;210.951;230.609;230.608;50.641;37.312;3.978;7.365;0;0.000;0.000;0.000;0.000;nan;nan;nan;nan;nan;nan;nan;nan
242;1;1;0.785398;2.617994;1.000000;2807.186974;2807.385316;2807.389881;810609;172788;157703;145468;145468;1819;2327488;100.000;509.959;558.610;599.634;21.316;91.270;17.946;0.000;112.378;4.041;4.565;88.517;198.341;202.907;202.906;22.095;19.881;13.453;7.746;0;0.000;0.000;0.000;0.000;nan;nan;nan;nan;nan;nan;nan;nan
243;1;1;0.785398;2.617994;1.000000;2807.220733;2807.420809;2807.436198;809086;170536;157396;145086;145086;1814;2321376;100.000;150.859;557.143;598.054;21.078;92.295;17.932;0.000;0.000;2.223;15.389;14.442;200.076;215.466;215.464;35.079;35.494;2.160;7.397;0;0.000;0.000;0.000;0.000;nan;nan;nan;nan;nan;nan;nan;nan
244;1;1;0.785398;2.617994;1.000000;2807.254021;2807.454387;2807.462801;804105;169632;157472;145538;145538;1820;2328608;100.000;276.855;558.878;599.925;21.096;92.832;18.099;0.001;0.000;7.658;8.413;91.023;200.366;208.780;208.777;28.349;33.578;0.245;6.950;0;0.000;0.000;0.000;0.000;nan;nan;nan;nan;nan;nan;nan;nan
245;1;1;0.785398;2.617994;1.000000;2807.287841;2807.485207;2807.503877;810243;168751;157418;146056;146056;1826;2336896;100.000;125.187;560.868;602.050;20.827;93.284;18.026;0.001;124.396;0.993;18.670;5.320;197.366;216.036;216.034;36.091;30.819;2.514;6.672;0;0.000;0.000;0.000;0.000;nan;nan;nan;nan;nan;nan;nan;nan
246;1;1;0.785398;2.617994;1.000000;2807.320319;2807.540781;2807.542336;808451;168835;158069;146718;146718;1834;2347488;100.000;1510.334;563.410;604.772;20.884;93.623;18.148;0.000;0.000;1.004;1.555;64.572;220.462;222.017;222.016;41.217;55.574;22.241;7.645;0;0.000;0.000;0.000;0.000;nan;nan;nan;nan;nan;nan;nan;nan
247;1;1;0.785398;2.617994;1.000000;2807.354066;2807.554784;2807.556498;818595;168903;159717;147758;147758;1847;2364128;100.000;1381.217;567.403;609.059;20.633;94.561;18.050;0.000;0.000;1.115;1.714;65.034;200.718;202.432;202.430;22.046;14.003;19.330;8.376;0;0.000;0.000;0.000;0.000;nan;nan;nan;nan;nan;nan;nan;nan
248;1;1;0.000000;0.000000;1.000000;2807.387034;2807.582862;2807.584035;813416;169617;161508;149576;149576;1870;2393216;100.000;2043.828;574.384;616.559;20.852;95.219;18.389;0.000;0.000;0.663;1.172;56.544;195.829;197.001;197.000;16.249;28.078;5.255;8.181;40;1.511;29.049;300.000;0.000;nan;nan;nan;nan;nan;nan;nan;nan
249;1;1;0.000000;0.000000;1.000000;2807.420723;2807.625926;2807.638539;816251;171083;162659;151824;151824;1898;2429184;100.000;192.623;583.017;625.823;20.960;95.076;18.600;0.001;185.411;2.392;12.614;18.962;205.203;217.816;217.814;37.420;43.063;9.730;8.277;0;0.000;0.000;0.000;0.000;nan;nan;nan;nan;nan;nan;nan;nan
250;1;1;0.000000;0.000000;1.000000;2807.453329;2807.652836;2807.672338;820584;171893;164293;153370;153370;1918;2453920;100.000;125.844;588.953;632.211;20.948;95.579;18.690;0.001;0.000;4.769;19.502;24.454;199.507;219.009;219.007;37.886;26.910;6.423;8.162;0;0.000;0.000;0.000;0.000;nan;nan;nan;nan;nan;nan;nan;nan
251;1;1;0.000000;0.000000;1.000000;2807.487013;2807.682372;2807.687778;817535;171080;163228;153478;153478;1919;2455648;100.000;454.422;589.368;632.648;20.926;95.410;18.773;0.001;0.000;1.513;5.406;27.992;195.359;200.765;200.763;19.992;29.537;3.797;7.889;0;0.000;0.000;0.000;0.000;nan;nan;nan;nan;nan;nan;nan;nan
252;1;1;0.000000;0.000000;1.000000;2807.520928;2807.718996;2807.725649;812707;169294;161965;152446;152446;1906;2439136;100.000;366.761;585.405;628.392;20.831;95.671;18.758;0.000;0.000;3.083;6.653;46.334;198.068;204.721;204.719;24.530;36.623;3.290;7.601;0;0.000;0.000;0.000;0.000;nan;nan;nan;nan;nan;nan;nan;nan
253;1;1;0.000000;0.000000;1.000000;2807.552992;2807.750062;2807.754824;811017;166843;159529;150768;150768;1885;2412288;100.000;506.707;578.962;621.475;20.572;95.616;18.590;0.000;0.000;1.125;4.762;23.616;197.071;201.833;201.831;20.372;31.066;2.267;7.268;0;0.000;0.000;0.000;0.000;nan;nan;nan;nan;nan;nan;nan;nan
254;1;1;0.000000;0.000000;1.000000;2807.587010;2807.787148;2807.803090;812416;163890;157391;148606;148606;1858;2377696;100.000;149.164;570.660;612.564;20.173;96.035;18.292;0.000;157.881;5.567;15.942;34.924;200.138;216.080;216.078;35.304;37.086;3.753;7.048;0;0.000;0.000;0.000;0.000;nan;nan;nan;nan;nan;nan;nan;nan
255;1;1;0.000000;0.000000;1.000000;2807.620578;2807.823964;2807.842771;815874;162127;155358;147150;147150;1840;2354400;100.000;125.198;565.068;606.566;19.872;95.825;18.036;0.000;0.000;6.653;18.807;35.376;203.386;222.193;222.192;41.652;36.816;3.483;6.825;0;0.000;0.000;0.000;0.000;nan;nan;nan;nan;nan;nan;nan;nan
256;1;1;0.000000;0.000000;1.000000;2807.654225;2807.857387;2807.873018;811813;184042;159743;146080;146080;1826;2337280;100.000;149.561;560.960;602.142;22.670;86.797;17.994;0.001;0.000;3.036;15.631;19.424;203.162;218.793;218.790;38.566;33.423;0.089;6.404;0;0.000;0.000;0.000;0.000;nan;nan;nan;nan;nan;nan;nan;nan
257;1;1;0.000000;0.000000;1.000000;2807.686833;2807.899483;2807.906969;809323;172933;158491;145366;145366;1818;2325856;100.000;310.720;558.218;599.220;21.368;91.649;17.961;0.000;0.000;5.733;7.486;76.585;212.650;220.136;220.136;39.184;42.096;8.763;6.552;0;0.000;0.000;0.000;0.000;nan;nan;nan;nan;nan;nan;nan;nan
258;1;1;0.000000;0.000000;1.000000;2807.720715;2807.915610;2807.916906;806066;169635;156687;145058;145058;1814;2320928;100.000;1791.917;557.035;597.947;21.045;92.367;17.996;0.000;0.000;0.853;1.296;65.858;194.896;196.191;196.191;15.787;16.127;17.206;7.218;0;0.000;0.000;0.000;0.000;nan;nan;nan;nan;nan;nan;nan;nan
259;1;1;0.000000;0.000000;1.000000;2807.753524;2807.950255;2807.974003;803994;167775;156316;144584;144584;1808;2313344;100.000;97.416;555.215;595.991;20.868;93.170;17.983;0.000;144.938;11.102;23.749;46.749;196.731;220.479;220.479;39.551;34.644;1.311;6.849;0;0.000;0.000;0.000;0.000;nan;nan;nan;nan;nan;nan;nan;nan
260;1;1;0.000000;0.000000;1.000000;2807.787498;2807.987625;2808.003183;804675;166580;156311;144650;144650;1809;2314400;100.000;148.771;555.468;596.267;20.702;93.835;17.976;0.000;0.000;1.438;15.558;9.241;200.126;215.684;215.683;35.397;37.370;4.037;6.673;0;0.000;0.000;0.000;0.000;nan;nan;nan;nan;nan;nan;nan;nan
261;1;1;0.000000;0.000000;1.000000;2807.820417;2808.016679;2808.022155;803023;164790;155429;143952;143952;1800;2303232;100.000;420.766;552.788;593.384;20.521;94.319;17.926;0.000;0.000;4.923;5.475;89.902;196.263;201.738;201.737;21.036;29.055;4.279;6.523;0;0.000;0.000;0.000;0.000;nan;nan;nan;nan;nan;nan;nan;nan
262;1;1;0.000000;0.000000;1.000000;2807.853932;2808.051065;2808.070377;804900;165112;156503;144058;144058;1801;2304928;100.000;119.365;553.195;593.813;20.513;94.786;17.898;0.001;0.000;1.753;19.312;9.079;197.133;216.446;216.444;35.925;34.386;1.052;6.181;0;0.000;0.000;0.000;0.000;nan;nan;nan;nan;nan;nan;nan;nan
263;1;1;0.000000;0.000000;1.000000;2807.887472;2808.083846;2808.085759;801032;164620;156488;144662;144662;1809;2314592;100.000;1210.435;555.515;596.313;20.551;95.060;18.059;0.000;199.089;1.327;1.913;69.354;196.375;198.288;198.287;17.973;32.782;0.552;5.829;0;0.000;0.000;0.000;0.000;nan;nan;nan;nan;nan;nan;nan;nan
264;1;1;0.000000;0.000000;1.000000;2807.919716;2808.118954;2808.139722;793638;164267;156413;145976;145976;1825;2335616;100.000;112.472;560.560;601.720;20.698;95.219;18.393;0.000;0.000;1.623;20.768;7.816;199.238;220.006;220.005;38.603;35.108;1.775;5.576;0;0.000;0.000;0.000;0.000;nan;nan;nan;nan;nan;nan;nan;nan
265;1;1;0.087266;0.000000;1.000000;2807.953714;2808.151112;2808.160823;801156;165681;158366;148478;148478;1856;2375648;100.000;244.718;570.168;612.027;20.680;95.585;18.533;0.000;0.000;8.964;9.711;92.310;197.398;207.109;207.106;26.370;32.158;1.176;5.301;41;14.282;35.381;332.000;0.000;nan;nan;nan;nan;nan;nan;nan;nan
266;1;1;0.087266;0.000000;1.000000;2807.988790;2808.185082;2808.203842;804749;166631;159451;149922;149922;1875;2398752;100.000;127.885;575.713;618.000;20.706;95.691;18.630;0.001;0.000;1.598;18.760;8.520;196.293;215.053;215.050;36.056;33.970;0.637;5.009;0;0.000;0.000;0.000;0.000;nan;nan;nan;nan;nan;nan;nan;nan
267;1;1;0.087266;0.000000;1.000000;2808.019944;2808.215988;2808.217180;805449;166809;159640;150436;150436;1881;2406976;100.000;2020.763;577.687;620.110;20.710;95.702;18.677;0.000;0.000;0.630;1.192;52.834;196.044;197.236;197.235;16.061;30.906;2.428;4.848;0;0.000;0.000;0.000;0.000;nan;nan;nan;nan;nan;nan;nan;nan
268;1;1;0.087266;0.000000;1.000000;2808.054062;2808.254491;2808.275298;805329;165620;158681;149636;149636;1871;2394176;100.000;115.072;574.615;616.812;20.566;95.810;18.581;0.000;0.000;1.630;20.807;7.836;200.429;221.236;221.235;40.846;38.503;5.170;4.868;0;0.000;0.000;0.000;0.000;nan;nan;nan;nan;nan;nan;nan;nan
269;1;1;0.087266;0.000000;1.000000;2808.086841;2808.284180;2808.293618;805419;163857;157015;148420;148420;1856;2374720;100.000;251.651;569.945;611.804;20.344;95.824;18.428;0.000;173.582;4.250;9.438;45.028;197.339;206.777;206.776;25.832;29.689;3.644;4.792;0;0.000;0.000;0.000;0.000;nan;nan;nan;nan;nan;nan;nan;nan
270;1;1;0.174533;0.000000;1.000000;2808.121102;2808.332171;2808.335754;804474;161586;154930;146600;146600;1833;2345600;100.000;654.980;562.956;604.296;20.086;95.881;18.223;0.000;0.000;2.413;3.583;67.364;211.069;214.652;214.650;34.635;47.991;14.658;5.408;42;24.511;24.511;292.000;0.000;nan;nan;nan;nan;nan;nan;nan;nan
271;1;1;0.174533;0.000000;1.000000;2808.154155;2808.346719;2808.348692;796101;181623;158138;145088;145088;1814;2321408;100.000;1176.838;557.150;598.062;22.814;87.069;18.225;0.000;0.000;0.727;1.974;36.849;192.563;194.537;194.536;14.240;14.547;18.786;6.244;0;0.000;0.000;0.000;0.000;nan;nan;nan;nan;nan;nan;nan;nan
272;1;1;0.174533;0.000000;1.000000;2808.187490;2808.383871;2808.408880;805073;170947;156107;144742;144742;1810;2315872;100.000;92.606;555.822;596.643;21.234;91.319;17.979;0.000;0.000;8.335;25.009;33.328;196.381;221.390;221.389;41.094;37.152;3.819;6.093;0;0.000;0.000;0.000;0.000;nan;nan;nan;nan;nan;nan;nan;nan
273;1;1;0.174533;0.000000;1.000000;2808.219858;2808.418377;2808.421009;797204;168447;155097;144320;144320;1804;2309120;100.000;877.518;554.201;594.887;21.130;92.075;18.103;0.000;0.000;2.093;2.633;79.501;198.518;201.151;201.150;19.890;34.506;1.172;5.785;0;0.000;0.000;0.000;0.000;nan;nan;nan;nan;nan;nan;nan;nan
274;1;1;0.174533;0.000000;1.000000;2808.254187;2808.451000;2808.468664;805139;166881;155436;144042;144042;1801;2304672;100.000;130.492;553.134;593.752;20.727;93.142;17.890;0.000;130.740;1.105;17.664;6.256;196.813;214.477;214.475;34.211;32.624;0.710;5.468;0;0.000;0.000;0.000;0.000;nan;nan;nan;nan;nan;nan;nan;nan
275;1;1;0.174533;0.000000;1.000000;2808.287251;2808.501846;2808.516881;808073;164941;154208;144130;144130;1802;2306080;100.000;153.388;553.472;594.112;20.412;93.493;17.836;0.000;0.000;13.960;15.036;92.843;214.595;229.630;229.629;49.096;50.846;17.512;6.221;0;0.000;0.000;0.000;0.000;nan;nan;nan;nan;nan;nan;nan;nan
276;1;1;0.174533;0.000000;1.000000;2808.321025;2808.516968;2808.519321;813584;164700;155108;144164;144164;1803;2306624;100.000;980.666;553.602;594.265;20.244;94.176;17.720;0.000;0.000;1.308;2.353;55.572;195.943;198.297;198.296;18.202;15.122;18.211;6.970;0;0.000;0.000;0.000;0.000;nan;nan;nan;nan;nan;nan;nan;nan
277;1;1;0.261799;0.000000;1.000000;2808.353439;2808.552939;2808.572945;812306;163644;154414;144334;144334;1805;2309344;100.000;115.448;554.255;594.963;20.146;94.360;17.768;0.000;0.000;2.488;20.006;12.438;199.500;219.506;219.504;38.492;35.971;2.638;6.699;43;2.292;55.915;277.000;0.000;nan;nan;nan;nan;nan;nan;nan;nan
278;1;1;0.261799;0.000000;1.000000;2808.387614;2808.585548;2808.612659;817500;163265;154979;144850;144850;1811;2317600;100.000;85.488;556.236;597.080;19.971;94.925;17.719;0.000;161.905;10.823;27.112;39.918;197.933;225.045;225.044;44.874;32.609;0.725;6.326;0;0.000;0.000;0.000;0.000;nan;nan;nan;nan;nan;nan;nan;nan
279;1;1;0.261799;0.000000;1.000000;2808.420402;2808.636179;2808.642001;824803;164108;156134;147006;147006;1838;2352096;100.000;404.093;564.516;605.968;19.897;95.141;17.823;0.000;0.000;4.940;5.821;84.865;215.777;221.598;221.598;40.882;50.632;17.298;7.012;0;0.000;0.000;0.000;0.000;nan;nan;nan;nan;nan;nan;nan;nan
280;1;1;0.261799;0.000000;1.000000;2808.454254;2808.653178;2808.675102;813944;166041;158542;149388;149388;1868;2390208;100.000;109.024;573.662;615.792;20.400;95.484;18.354;0.000;0.000;1.792;21.925;8.176;198.924;220.849;220.848;40.650;16.998;16.335;7.595;0;0.000;0.000;0.000;0.000;nan;nan;nan;nan;nan;nan;nan;nan
281;1;1;0.349066;0.000000;1.000000;2808.487727;2808.687257;2808.703968;815307;166107;158806;150146;150146;1877;2402336;100.000;143.780;576.573;618.906;20.374;95.605;18.416;0.000;0.000;2.099;16.711;12.562;199.530;216.240;216.239;36.182;34.079;0.746;7.166;44;25.382;25.382;349.000;0.000;nan;nan;nan;nan;nan;nan;nan;nan
282;1;1;0.349066;0.000000;1.000000;2808.520523;2808.716599;2808.719953;816329;165436;158505;149960;149960;1875;2399360;100.000;715.705;575.859;618.146;20.266;95.810;18.370;0.000;0.000;2.943;3.354;87.738;196.076;199.430;199.429;18.834;29.342;3.991;6.968;0;0.000;0.000;0.000;0.000;nan;nan;nan;nan;nan;nan;nan;nan
283;1;1;0.349066;0.000000;1.000000;2808.554026;2808.756419;2808.762259;813249;163512;156625;148574;148574;1858;2377184;100.000;407.264;570.537;612.441;20.106;95.788;18.269;0.001;246.385;4.984;5.840;85.347;202.393;208.233;208.230;27.807;39.820;6.486;6.938;0;0.000;0.000;0.000;0.000;nan;nan;nan;nan;nan;nan;nan;nan
284;1;1;0.349066;0.000000;1.000000;2808.587116;2808.785484;2808.803252;809333;161359;154542;146866;146866;1836;2349856;100.000;132.269;563.978;605.386;19.937;95.775;18.147;0.000;0.000;1.391;17.768;7.829;198.368;216.136;216.134;35.466;29.065;4.268;6.771;0;0.000;0.000;0.000;0.000;nan;nan;nan;nan;nan;nan;nan;nan
285;1;1;0.349066;0.000000;1.000000;2808.620698;2808.822564;2808.832167;815482;159664;152787;145550;145550;1820;2328800;100.000;242.572;558.924;599.971;19.579;95.693;17.848;0.001;0.000;8.682;9.603;90.408;201.866;211.469;211.467;31.048;37.080;3.746;6.582;0;0.000;0.000;0.000;0.000;nan;nan;nan;nan;nan;nan;nan;nan
286;1;1;0.349066;0.000000;1.000000;2808.653266;2808.849584;2808.862192;814633;181574;157734;144160;144160;1802;2306560;100.000;182.995;553.587;594.228;22.289;86.870;17.696;0.001;0.000;6.613;12.607;52.454;196.318;208.925;208.923;27.740;27.020;6.313;6.565;0;0.000;0.000;0.000;0.000;nan;nan;nan;nan;nan;nan;nan;nan
287;1;1;0.436332;0.000000;1.000000;2808.687710;2808.882514;2808.888077;814941;172058;156133;142853;142853;1786;2285648;100.000;410.995;548.568;588.848;21.113;90.744;17.529;0.000;0.000;0.692;5.563;12.443;194.804;200.367;200.366;20.291;32.930;0.403;6.180;45;14.547;40.434;426.000;0.000;nan;nan;nan;nan;nan;nan;nan;nan
288;1;1;0.436332;0.000000;1.000000;2808.719518;2808.920814;2808.948065;818847;168427;154557;142468;142468;1781;2279488;100.000;83.651;547.090;587.256;20.569;91.765;17.399;0.000;0.000;13.405;27.252;49.188;201.296;228.548;228.547;46.946;38.299;4.966;6.104;0;0.000;0.000;0.000;0.000;nan;nan;nan;nan;nan;nan;nan;nan
289;1;1;0.436332;0.000000;1.000000;2808.753988;2808.949364;2808.963024;824052;165753;153310;142484;142484;1782;2279744;100.000;166.922;547.151;587.340;20.114;92.493;17.291;0.001;0.000;12.857;13.660;94.128;195.376;209.035;209.034;28.571;28.550;4.783;6.022;0;0.000;0.000;0.000;0.000;nan;nan;nan;nan;nan;nan;nan;nan
290;1;1;0.436332;0.000000;1.000000;2808.787625;2809.005114;2809.009633;835458;164891;153586;143172;143172;1790;2290752;100.000;507.039;549.793;590.163;19.737;93.144;17.137;0.000;276.235;3.880;4.519;85.862;217.490;222.008;222.008;41.847;55.750;22.417;7.046;0;0.000;0.000;0.000;0.000;nan;nan;nan;nan;nan;nan;nan;nan
291;1;1;0.523599;0.000000;1.000000;2808.819768;2809.016844;2809.018926;819605;163535;154112;143314;143314;1792;2293024;100.000;1102.290;550.338;590.753;19.953;94.238;17.486;0.000;0.000;1.186;2.081;56.987;197.077;199.158;199.157;17.807;11.730;21.603;7.956;46;5.473;5.473;0.000;0.000;nan;nan;nan;nan;nan;nan;nan;nan
292;1;1;0.523599;0.000000;1.000000;2808.853737;2809.048764;2809.049866;827799;162725;153549;143732;143732;1797;2299712;100.000;2088.375;551.943;592.471;19.658;94.361;17.363;0.000;0.000;0.649;1.102;58.883;195.027;196.129;196.128;15.414;31.920;1.414;7.547;0;0.000;0.000;0.000;0.000;nan;nan;nan;nan;nan;nan;nan;nan
293;1;1;0.523599;0.000000;1.000000;2808.886810;2809.090203;2809.105406;830771;161832;153586;144010;144010;1801;2304160;100.000;151.584;553.011;593.629;19.480;94.905;17.335;0.000;0.000;11.160;15.202;73.407;203.394;218.596;218.595;37.620;41.439;8.106;7.582;0;0.000;0.000;0.000;0.000;nan;nan;nan;nan;nan;nan;nan;nan
294;1;1;0.523599;0.000000;1.000000;2808.920573;2809.118842;2809.122525;835004;162450;155112;145768;145768;1823;2332288;100.000;633.381;559.762;600.876;19.455;95.483;17.457;0.000;0.000;3.104;3.683;84.271;198.269;201.952;201.951;21.406;28.639;4.695;7.402;0;0.000;0.000;0.000;0.000;nan;nan;nan;nan;nan;nan;nan;nan
295;1;1;0.523599;0.000000;1.000000;2808.953137;2809.148467;2809.149755;814967;164346;157166;148094;148094;1852;2369504;100.000;1839.412;568.693;610.462;20.166;95.631;18.172;0.000;0.000;0.730;1.289;56.665;195.330;196.618;196.618;15.303;29.625;3.709;7.171;0;0.000;0.000;0.000;0.000;nan;nan;nan;nan;nan;nan;nan;nan
296;1;1;0.610865;0.000000;1.000000;2808.987567;2809.250053;2809.251458;818656;165026;157952;149404;149404;1868;2390464;100.000;1703.296;573.724;615.853;20.158;95.713;18.250;0.000;0.000;0.647;1.404;46.101;262.487;263.891;263.890;83.672;101.587;68.253;10.989;47;25.733;25.733;264.000;0.000;nan;nan;nan;nan;nan;nan;nan;nan
297;1;1;0.610865;0.000000;1.000000;2809.020019;2809.270129;2809.271769;819807;164828;157706;149370;149370;1868;2389920;100.000;1457.002;573.593;615.723;20.106;95.679;18.220;0.000;221.563;1.072;1.641;65.328;250.109;251.750;251.750;70.650;20.075;13.258;11.130;0;0.000;0.000;0.000;0.000;nan;nan;nan;nan;nan;nan;nan;nan
298;1;1;0.610865;0.000000;1.000000;2809.053738;2809.287056;2809.288435;814766;162965;156066;148012;148012;1851;2368192;100.000;1717.619;568.379;610.125;20.001;95.767;18.166;0.000;0.000;0.693;1.379;50.241;233.318;234.697;234.697;53.982;16.927;16.407;11.460;0;0.000;0.000;0.000;0.000;nan;nan;nan;nan;nan;nan;nan;nan
299;1;1;0.610865;0.000000;1.000000;2809.086840;2809.307192;2809.308406;809259;160384;153711;146174;146174;1828;2338784;100.000;1927.685;561.321;602.548;19.819;95.839;18.063;0.000;0.000;0.828;1.214;68.236;220.353;221.566;221.566;40.621;20.137;13.197;11.569;0;0.000;0.000;0.000;0.000;nan;nan;nan;nan;nan;nan;nan;nan
300;1;1;0.610865;0.000000;1.000000;2809.120352;2809.325272;2809.326593;812212;158641;151861;144110;144110;1802;2305760;100.000;1745.705;553.395;594.036;19.532;95.726;17.743;0.000;376.410;0.679;1.321;51.367;204.920;206.241;206.241;25.474;18.079;15.254;11.799;0;0.000;0.000;0.000;0.000;nan;nan;nan;nan;nan;nan;nan;nan
