frame_id;rx_complete;tx_complete;current_skip;camera_send_timestamp;recv_start_timestamp;node_exit_timestamp;original_points;rx_points;tx_points;rx_packets;tx_packets;payload_bytes;reference_size_bytes;data_integrity_pct;internal_throughput_mbs;reference_throughput_mbs;logical_bitrate_mbps;network_bitrate_mbps;reference_bitrate_mbps;tx_duration_ms;active_tx_ms;active_process_ms;cycle_ms;header_wait_ms;total_residency_ms;node_efficiency_pct;cycle_occupancy_pct;camera_node_ms;schedule_delay_ms;inter_arrival_ms;instant_jitter_ms;desynced_jitter_ms;eth_errors;ipv4_errors;udp_errors;nsh_errors;tx_zero_accepts;tx_partial_accepts;tx_resubmit_calls;tx_resubmitted_packets
1;1;1;1;1807.535932;1807.734208;1807.735609;784142;146318;146318;1829;1829;2341088;2341140;100.000;1673.274;1673.274;561.874;603.123;561.874;1.397;0.775;0.826;1.401;0.000;1.401;58.947;100.000;198.276;1.401;0.000;0.000;0.000;0;0;0;0;0;0;0;0
2;1;1;1;1807.569660;1807.767301;1807.768633;783406;144182;144182;1803;1803;2306912;2306964;100.000;1736.497;1736.497;553.671;594.335;553.671;1.327;0.667;0.717;33.024;31.692;1.332;53.823;4.034;197.641;1.092;33.093;0.241;0.015;0;0;0;0;0;0;0;0
3;1;1;1;1807.602865;1807.801614;1807.803171;780200;141754;141754;1772;1772;2268064;2268116;100.000;1460.783;1460.783;544.348;584.312;544.348;1.552;0.704;0.753;34.538;32.981;1.557;48.379;4.507;198.750;2.296;34.314;0.980;0.075;0;0;0;0;0;0;0;0
4;1;1;1;1807.637170;1807.836110;1807.837476;778467;139430;139430;1743;1743;2230880;2230932;100.000;1638.661;1638.661;535.424;574.733;535.424;1.361;0.768;0.816;34.305;32.939;1.366;59.738;3.982;198.940;3.268;34.495;1.162;0.143;0;0;0;0;0;0;0;0
5;1;1;1;1807.670320;1807.867090;1807.868594;776427;137802;137802;1723;1723;2204832;2204884;100.000;1473.335;1473.335;529.172;568.031;529.172;1.499;0.669;0.716;31.118;29.614;1.504;47.608;4.832;196.770;1.053;30.981;2.353;0.281;0;0;0;0;0;0;0;0
6;1;1;1;1807.702629;1807.902417;1807.903721;774893;137230;137230;1716;1716;2195680;2195732;100.000;1691.311;1691.311;526.976;565.676;526.976;1.298;0.716;0.763;35.127;33.823;1.304;58.535;3.713;199.788;2.846;35.327;1.993;0.388;0;0;0;0;0;0;0;0
7;1;1;1;1807.736782;1807.934272;1807.935819;775949;137590;137590;1720;1720;2201440;2201492;100.000;1429.295;1429.295;528.358;567.149;528.358;1.541;0.630;0.678;32.098;30.551;1.547;43.862;4.819;197.490;1.611;31.855;1.478;0.456;0;0;0;0;0;0;0;0
8;1;1;1;1807.769992;1807.967040;1807.968295;775463;137746;137746;1722;1722;2203936;2203988;100.000;1770.376;1770.376;528.957;567.793;528.957;1.249;0.740;0.788;32.476;31.222;1.254;62.779;3.863;197.048;0.753;32.768;0.565;0.463;0;0;0;0;0;0;0;0
9;1;1;1;1807.803448;1808.000233;1808.001489;775698;138024;138024;1726;1726;2208384;2208436;100.000;1771.491;1771.491;530.025;568.951;530.025;1.244;0.769;0.817;33.194;31.938;1.256;65.065;3.783;196.785;0.614;33.193;0.141;0.443;0;0;0;0;0;0;0;0
10;1;1;1;1807.836531;1808.032781;1808.034147;778020;138278;138278;1729;1729;2212448;2212500;100.000;1620.591;1620.591;531.000;569.994;531.000;1.361;0.619;0.666;32.658;31.293;1.366;48.746;4.182;196.250;-0.061;32.548;0.785;0.464;0;0;0;0;0;0;0;0
11;1;1;1;1807.869967;1808.066239;1808.067424;778554;139114;139114;1739;1739;2225824;2225876;100.000;1883.849;1883.849;534.210;573.430;534.210;1.180;0.628;0.689;33.277;32.092;1.185;58.151;3.560;196.271;-0.118;33.457;0.124;0.443;0;0;0;0;0;0;0;0
12;1;1;1;1807.903457;1808.099352;1808.100730;779986;140496;140496;1757;1757;2247936;2247988;100.000;1642.541;1642.541;539.517;579.143;539.517;1.373;0.590;0.638;33.306;31.928;1.378;46.296;4.137;195.895;-0.145;33.113;0.220;0.429;0;0;0;0;0;0;0;0
13;1;1;1;1807.936728;1808.133306;1808.134599;780926;142868;142868;1786;1786;2285888;2285940;100.000;1778.767;1778.767;548.626;588.905;548.626;1.289;0.760;0.810;33.869;32.576;1.294;62.596;3.819;196.577;0.391;33.954;0.620;0.441;0;0;0;0;0;0;0;0
14;1;1;1;1807.970034;1808.166215;1808.167730;782770;144928;144928;1812;1812;2318848;2318900;100.000;1536.302;1536.302;556.536;597.402;556.536;1.510;0.732;0.782;33.131;31.616;1.515;51.646;4.573;196.182;0.189;32.909;0.424;0.440;0;0;0;0;0;0;0;0
15;1;1;1;1808.003382;1808.199483;1808.200718;784474;146044;146044;1826;1826;2336704;2336756;100.000;1892.685;1892.685;560.821;602.004;560.821;1.231;0.652;0.702;32.988;31.753;1.235;56.852;3.745;196.101;-0.156;33.268;0.066;0.417;0;0;0;0;0;0;0;0
16;1;1;1;1808.036439;1808.232927;1808.234187;785193;145822;145822;1823;1823;2333152;2333204;100.000;1866.417;1866.417;559.969;601.083;559.969;1.255;0.662;0.712;33.468;32.209;1.260;56.500;3.764;196.488;-0.021;33.444;0.111;0.398;0;0;0;0;0;0;0;0
17;1;1;1;1808.069798;1808.265754;1808.267136;782720;144126;144126;1802;1802;2306016;2306068;100.000;1673.396;1673.396;553.456;594.097;553.456;1.376;0.620;0.669;32.949;31.567;1.381;48.435;4.192;195.956;-0.406;32.827;0.506;0.404;0;0;0;0;0;0;0;0
18;1;1;1;1808.102959;1808.297773;1808.298880;781613;141930;141930;1775;1775;2270880;2270932;100.000;2058.784;2058.784;545.024;585.055;545.024;1.102;0.605;0.654;31.744;30.637;1.107;59.027;3.488;194.813;-1.995;32.018;1.315;0.461;0;0;0;0;0;0;0;0
19;1;1;1;1808.136687;1808.330853;1808.332122;780006;139740;139740;1747;1747;2235840;2235892;100.000;1768.490;1768.490;536.614;576.014;536.614;1.264;0.539;0.587;33.242;31.973;1.269;46.229;3.817;194.166;-2.086;33.080;0.253;0.448;0;0;0;0;0;0;0;0
20;1;1;1;1808.169852;1808.364261;1808.365305;780302;138346;138346;1730;1730;2213536;2213588;100.000;2121.327;2121.327;531.261;570.277;531.261;1.039;0.526;0.583;33.183;32.139;1.044;55.796;3.146;194.409;-2.236;33.408;0.075;0.425;0;0;0;0;0;0;0;0
21;1;1;1;1808.203074;1808.398406;1808.399738;779066;137844;137844;1724;1724;2205504;2205556;100.000;1665.021;1665.021;529.333;568.214;529.333;1.326;0.581;0.634;34.433;33.101;1.331;47.632;3.866;195.332;-1.137;34.145;0.812;0.449;0;0;0;0;0;0;0;0
22;1;1;1;1808.236483;1808.431155;1808.432208;778280;138092;138092;1727;1727;2209472;2209524;100.000;2115.261;2115.261;530.286;569.234;530.286;1.048;0.601;0.648;32.471;31.418;1.053;61.578;3.242;194.672;-2.000;32.749;0.584;0.458;0;0;0;0;0;0;0;0
23;1;1;1;1808.269670;1808.465415;1808.466474;778907;138240;138240;1728;1728;2211840;2211892;100.000;2107.778;2107.778;530.854;569.825;530.854;1.054;0.622;0.669;34.265;33.207;1.058;63.183;3.089;195.746;-1.068;34.260;0.926;0.487;0;0;0;0;0;0;0;0
24;1;1;1;1808.302676;1808.497424;1808.498684;779289;138556;138556;1732;1732;2216896;2216948;100.000;1761.650;1761.650;532.068;571.129;532.068;1.256;0.556;0.602;32.211;30.951;1.260;47.818;3.911;194.748;-2.191;32.009;1.324;0.539;0;0;0;0;0;0;0;0
25;1;1;1;1808.336016;1808.530864;1808.531905;779739;138952;138952;1737;1737;2223232;2223284;100.000;2141.692;2141.692;533.588;572.762;533.588;0.993;0.592;0.665;33.221;32.180;1.041;63.944;3.132;194.848;-2.303;33.440;0.106;0.512;0;0;0;0;0;0;0;0
26;1;1;1;1808.369491;1808.564354;1808.565612;779364;139454;139454;1744;1744;2231264;2231316;100.000;1780.909;1780.909;535.516;574.848;535.516;1.253;0.538;0.586;33.707;32.449;1.257;46.566;3.731;194.864;-1.930;33.490;0.156;0.490;0;0;0;0;0;0;0;0
27;1;1;1;1808.402727;1808.598599;1808.599659;780025;140520;140520;1757;1757;2248320;2248372;100.000;2139.312;2139.312;539.609;579.235;539.609;1.054;0.627;0.675;34.047;32.988;1.059;63.777;3.111;195.872;-1.216;34.245;0.912;0.516;0;0;0;0;0;0;0;0
28;1;1;1;1808.436017;1808.630783;1808.632098;780373;141820;141820;1773;1773;2269120;2269172;100.000;1730.415;1730.415;544.601;584.588;544.601;1.310;0.708;0.756;32.440;31.124;1.315;57.520;4.054;194.766;-2.110;32.184;1.150;0.556;0;0;0;0;0;0;0;0
29;1;1;1;1808.469377;1808.664256;1808.665341;781651;143812;143812;1798;1798;2300992;2301044;100.000;2125.175;2125.175;552.251;592.801;552.251;1.080;0.572;0.629;33.243;32.158;1.085;57.950;3.263;194.880;-2.200;33.473;0.140;0.530;0;0;0;0;0;0;0;0
30;1;1;1;1808.502683;1808.697321;1808.698418;781375;144756;144756;1810;1810;2316096;2316148;100.000;2119.522;2119.522;555.876;596.697;555.876;1.093;0.575;0.624;33.077;31.980;1.097;56.854;3.318;194.638;-2.457;33.064;0.269;0.514;0;0;0;0;0;0;0;0
31;1;1;1;1808.536016;1808.730452;1808.731767;784392;143948;143948;1800;1800;2303168;2303220;100.000;1754.646;1754.646;552.773;593.368;552.773;1.311;0.562;0.610;33.348;32.033;1.315;46.422;3.943;194.436;-2.442;33.131;0.202;0.494;0;0;0;0;0;0;0;0
32;1;1;1;1808.569349;1808.765418;1808.766584;782671;141972;141972;1775;1775;2271552;2271604;100.000;1956.233;1956.233;545.185;585.216;545.185;1.160;0.760;0.809;34.817;33.651;1.166;69.354;3.348;196.069;-0.958;34.966;1.633;0.565;0;0;0;0;0;0;0;0
33;1;1;1;1808.602682;1808.797422;1808.798706;776999;139814;139814;1748;1748;2237024;2237076;100.000;1749.286;1749.286;536.898;576.321;536.898;1.280;0.654;0.700;32.122;30.838;1.284;54.550;3.998;194.740;-2.169;32.004;1.329;0.613;0;0;0;0;0;0;0;0
34;1;1;1;1808.636028;1808.830519;1808.831563;778650;137648;137648;1721;1721;2202368;2202420;100.000;2123.631;2123.631;528.581;567.394;528.581;1.039;0.586;0.633;32.857;31.813;1.044;60.615;3.177;194.491;-2.645;33.097;0.236;0.590;0;0;0;0;0;0;0;0
35;1;1;1;1808.669324;1808.865552;1808.866913;778007;137154;137154;1715;1715;2194464;2194516;100.000;1619.480;1619.480;526.684;565.362;526.684;1.355;0.669;0.736;35.350;33.989;1.361;54.082;3.850;196.228;-0.629;35.033;1.700;0.659;0;0;0;0;0;0;0;0
36;1;1;1;1808.702671;1808.899048;1808.900104;776483;138046;138046;1726;1726;2208736;2208788;100.000;2112.443;2112.443;530.109;569.035;530.109;1.052;0.613;0.660;33.191;32.135;1.056;62.541;3.181;196.377;-0.771;33.496;0.163;0.628;0;0;0;0;0;0;0;0
37;1;1;1;1808.735998;1808.932486;1808.933698;781287;139346;139346;1742;1742;2229536;2229588;100.000;1847.053;1847.053;535.101;574.388;535.101;1.205;0.738;0.785;33.594;32.383;1.212;64.803;3.606;196.488;-0.510;33.438;0.105;0.595;0;0;0;0;0;0;0;0
38;1;1;1;1808.769398;1808.965904;1808.967383;780329;141098;141098;1764;1764;2257568;2257620;100.000;1527.950;1527.950;541.829;581.612;541.829;1.473;0.755;0.803;33.686;32.206;1.479;54.296;4.391;196.507;-0.158;33.418;0.085;0.563;0;0;0;0;0;0;0;0
39;1;1;1;1808.802642;1808.996990;1808.998041;780785;142238;142238;1778;1778;2275808;2275860;100.000;2176.697;2176.697;546.206;586.306;546.206;1.046;0.574;0.623;30.657;29.607;1.051;59.273;3.427;194.348;-2.834;31.086;2.248;0.669;0;0;0;0;0;0;0;0
40;1;1;1;1808.836008;1809.030882;1809.032185;785430;143844;143844;1799;1799;2301504;2301556;100.000;1769.481;1769.481;552.373;592.946;552.373;1.298;0.644;0.693;34.144;32.842;1.303;53.228;3.815;194.874;-2.023;33.892;0.559;0.662;0;0;0;0;0;0;0;0
41;1;1;1;1808.869548;1809.064254;1809.065394;789479;146416;146416;1831;1831;2342656;2342708;100.000;2108.339;2108.339;562.250;603.545;562.250;1.135;0.710;0.760;33.209;32.069;1.140;66.678;3.433;194.706;-2.147;33.372;0.039;0.623;0;0;0;0;0;0;0;0
42;1;1;1;1808.902804;1809.097690;1809.099028;789348;148106;148106;1852;1852;2369696;2369748;100.000;1781.534;1781.534;568.740;610.508;568.740;1.324;0.650;0.700;33.634;32.296;1.338;52.350;3.977;194.886;-1.847;33.436;0.103;0.590;0;0;0;0;0;0;0;0
43;1;1;1;1808.936343;1809.131105;1809.132230;792714;149298;149298;1867;1867;2388768;2388820;100.000;2129.252;2129.252;573.317;615.424;573.317;1.120;0.650;0.701;33.202;32.077;1.125;62.340;3.388;194.761;-1.978;33.414;0.081;0.558;0;0;0;0;0;0;0;0
44;1;1;1;1808.969885;1809.165745;1809.167205;790865;150365;150365;1880;1880;2405840;2405892;100.000;1655.990;1655.990;577.414;619.814;577.414;1.455;0.637;0.688;34.975;33.515;1.460;47.132;4.174;195.860;-0.337;34.640;1.307;0.605;0;0;0;0;0;0;0;0
45;1;1;1;1809.002647;1809.198195;1809.199349;787976;151606;151606;1896;1896;2425696;2425748;100.000;2105.255;2105.255;582.180;624.941;582.180;1.150;0.711;0.763;32.145;30.990;1.155;66.071;3.592;195.548;-1.525;32.450;0.884;0.623;0;0;0;0;0;0;0;0
46;1;1;1;1809.036029;1809.230852;1809.232010;789717;151650;151650;1896;1896;2426400;2426452;100.000;2098.611;2098.611;582.348;625.110;582.348;1.155;0.695;0.746;32.661;31.502;1.159;64.383;3.548;194.823;-2.198;32.657;0.676;0.626;0;0;0;0;0;0;0;0
47;1;1;1;1809.069345;1809.264472;1809.265863;784950;150558;150558;1882;1882;2408928;2408980;100.000;1741.207;1741.207;578.155;620.601;578.155;1.386;0.665;0.717;33.853;32.462;1.391;51.520;4.109;195.127;-1.678;33.621;0.287;0.605;0;0;0;0;0;0;0;0
48;1;1;1;1809.102678;1809.297618;1809.298728;781130;148538;148538;1857;1857;2376608;2376660;100.000;2141.915;2141.915;570.398;612.280;570.398;1.106;0.671;0.722;32.864;31.754;1.110;65.014;3.377;194.940;-2.147;33.145;0.188;0.579;0;0;0;0;0;0;0;0
49;1;1;1;1809.136001;1809.330997;1809.332347;780468;147276;147276;1841;1841;2356416;2356468;100.000;1751.804;1751.804;565.552;607.073;565.552;1.345;0.606;0.657;33.620;32.270;1.350;48.633;4.016;194.996;-1.861;33.380;0.046;0.545;0;0;0;0;0;0;0;0
50;1;1;1;1809.169540;1809.364373;1809.365491;783376;146748;146748;1835;1835;2347968;2348020;100.000;2106.370;2106.370;563.525;604.910;563.525;1.114;0.634;0.684;33.144;32.026;1.118;61.140;3.373;194.834;-2.050;33.376;0.043;0.514;0;0;0;0;0;0;0;0
51;1;1;1;1809.202708;1809.397761;1809.399087;787237;145970;145970;1825;1825;2335520;2335572;100.000;1761.768;1761.768;560.537;601.697;560.537;1.321;0.613;0.663;33.595;32.269;1.326;49.991;3.947;195.053;-1.788;33.387;0.054;0.485;0;0;0;0;0;0;0;0
52;1;1;1;1809.236037;1809.432519;1809.433809;787734;147302;147302;1842;1842;2356832;2356884;100.000;1835.193;1835.193;565.652;607.195;565.652;1.284;0.738;0.789;34.722;33.433;1.290;61.182;3.714;196.482;-0.399;34.759;1.425;0.544;0;0;0;0;0;0;0;0
53;1;1;1;1809.269406;1809.464906;1809.466220;787059;148046;148046;1851;1851;2368736;2368788;100.000;1811.780;1811.780;568.509;610.255;568.509;1.310;0.664;0.714;32.411;31.096;1.315;54.326;4.057;195.499;-1.321;32.386;0.947;0.569;0;0;0;0;0;0;0;0
54;1;1;1;1809.302707;1809.499145;1809.500431;786051;148712;148712;1859;1859;2379392;2379444;100.000;1852.619;1852.619;571.067;612.993;571.067;1.280;0.798;0.849;34.210;32.925;1.286;66.045;3.758;196.438;-0.444;34.240;0.906;0.590;0;0;0;0;0;0;0;0
55;1;1;1;1809.336067;1809.531391;1809.532750;796213;148706;148706;1859;1859;2379296;2379348;100.000;1752.184;1752.184;571.044;612.970;571.044;1.355;0.631;0.684;32.320;30.961;1.359;50.306;4.205;195.324;-1.458;32.246;1.087;0.621;0;0;0;0;0;0;0;0
56;1;1;1;1809.369379;1809.564344;1809.565469;790191;148654;148654;1859;1859;2378464;2378516;100.000;2115.970;2115.970;570.844;612.770;570.844;1.120;0.627;0.678;32.719;31.594;1.125;60.315;3.438;194.966;-2.072;32.953;0.381;0.606;0;0;0;0;0;0;0;0
57;1;1;1;1809.402748;1809.597586;1809.598722;798808;148762;148762;1860;1860;2380192;2380244;100.000;2097.014;2097.014;571.259;613.208;571.259;1.131;0.626;0.677;33.253;32.117;1.136;59.605;3.417;194.838;-2.152;33.242;0.091;0.574;0;0;0;0;0;0;0;0
58;1;1;1;1809.436384;1809.631091;1809.632466;797924;149280;149280;1866;1866;2388480;2388532;100.000;1741.555;1741.555;573.248;615.332;573.248;1.364;0.602;0.653;33.743;32.369;1.374;47.515;4.073;194.707;-1.742;33.505;0.172;0.549;0;0;0;0;0;0;0;0
59;1;1;1;1809.469424;1809.664913;1809.666053;794477;149798;149798;1873;1873;2396768;2396820;100.000;2112.169;2112.169;575.237;617.479;575.237;1.135;0.685;0.736;33.587;32.448;1.140;64.610;3.393;195.490;-1.488;33.822;0.489;0.545;0;0;0;0;0;0;0;0
60;1;1;1;1809.502978;1809.698866;1809.700294;789053;150698;150698;1884;1884;2411168;2411220;100.000;1698.063;1698.063;578.693;621.183;578.693;1.424;0.689;0.740;34.241;32.813;1.428;51.827;4.171;195.888;-0.580;33.953;0.619;0.550;0;0;0;0;0;0;0;0
61;1;1;1;1809.536058;1809.732694;1809.733895;783874;149328;149328;1867;1867;2389248;2389300;100.000;1995.861;1995.861;573.432;615.539;573.432;1.196;0.720;0.785;33.600;32.400;1.201;65.384;3.574;196.636;-0.313;33.828;0.495;0.546;0;0;0;0;0;0;0;0
62;1;1;1;1809.569353;1809.764855;1809.766192;782785;146986;146986;1838;1838;2351776;2351828;100.000;1764.116;1764.116;564.439;605.892;564.439;1.332;0.628;0.679;32.297;30.961;1.336;50.805;4.138;195.503;-1.350;32.161;1.172;0.585;0;0;0;0;0;0;0;0
63;1;1;1;1809.602673;1809.797492;1809.798603;782791;145010;145010;1813;1813;2320160;2320212;100.000;2100.530;2100.530;556.851;597.740;556.851;1.106;0.711;0.761;32.411;31.301;1.110;68.490;3.426;194.820;-2.272;32.637;0.696;0.592;0;0;0;0;0;0;0;0
64;1;1;1;1809.636042;1809.831104;1809.832434;782127;143356;143356;1792;1792;2293696;2293748;100.000;1735.643;1735.643;550.500;590.915;550.500;1.325;0.637;0.687;33.831;32.501;1.330;51.660;3.931;195.062;-1.775;33.611;0.278;0.573;0;0;0;0;0;0;0;0
65;1;1;1;1809.669413;1809.863808;1809.864885;785507;142428;142428;1781;1781;2278848;2278900;100.000;2127.900;2127.900;546.936;587.103;546.936;1.072;0.591;0.640;32.451;31.375;1.077;59.407;3.317;194.395;-2.656;32.705;0.629;0.576;0;0;0;0;0;0;0;0
66;1;1;1;1809.702945;1809.897715;1809.899025;789017;142296;142296;1779;1779;2276736;2276788;100.000;1744.126;1744.126;546.429;586.551;546.429;1.306;0.595;0.644;34.140;32.830;1.310;49.137;3.838;194.770;-1.850;33.906;0.573;0.576;0;0;0;0;0;0;0;0
67;1;1;1;1809.736409;1809.932266;1809.933463;789641;142550;142550;1782;1782;2280800;2280852;100.000;1917.293;1917.293;547.404;587.594;547.404;1.192;0.703;0.752;34.439;33.242;1.197;62.846;3.476;195.857;-0.745;34.552;1.218;0.616;0;0;0;0;0;0;0;0
68;1;1;1;1809.769381;1809.964260;1809.965346;784718;142638;142638;1783;1783;2282208;2282260;100.000;2112.886;2112.886;547.742;587.954;547.742;1.082;0.688;0.737;31.883;30.796;1.087;67.792;3.409;194.878;-2.195;31.993;1.340;0.661;0;0;0;0;0;0;0;0
69;1;1;1;1809.802657;1809.999008;1810.000492;778159;142942;142942;1787;1787;2287072;2287124;100.000;1549.687;1549.687;548.910;589.212;548.910;1.479;0.697;0.745;35.146;33.662;1.484;50.229;4.222;196.351;-0.383;34.749;1.415;0.709;0;0;0;0;0;0;0;0
70;1;1;1;1809.836016;1810.031187;1810.032278;776327;143886;143886;1799;1799;2302176;2302228;100.000;2114.223;2114.223;552.535;593.108;552.535;1.087;0.591;0.665;31.786;30.694;1.091;60.976;3.433;195.171;-1.930;32.178;1.155;0.736;0;0;0;0;0;0;0;0
71;1;1;1;1809.869352;1810.064202;1810.065527;786883;145096;145096;1814;1814;2321536;2321588;100.000;1759.520;1759.520;557.181;598.092;557.181;1.320;0.652;0.702;33.249;31.924;1.325;52.940;3.985;194.850;-2.014;33.015;0.318;0.710;0;0;0;0;0;0;0;0
72;1;1;1;1809.902693;1810.097812;1810.098924;787146;146492;146492;1832;1832;2343872;2343924;100.000;2111.193;2111.193;562.542;603.859;562.542;1.108;0.667;0.717;33.397;32.285;1.113;64.411;3.331;195.119;-1.951;33.610;0.276;0.683;0;0;0;0;0;0;0;0
73;1;1;1;1809.936170;1810.131160;1810.132510;781047;148748;148748;1860;1860;2379968;2380020;100.000;1763.919;1763.919;571.205;613.154;571.205;1.346;0.655;0.705;33.586;32.236;1.350;52.232;4.021;194.990;-1.698;33.348;0.015;0.641;0;0;0;0;0;0;0;0
74;1;1;1;1809.969330;1810.165579;1810.166718;782459;150270;150270;1879;1879;2404320;2404372;100.000;2126.642;2126.642;577.049;619.427;577.049;1.134;0.661;0.713;34.207;33.069;1.138;62.647;3.328;196.249;-0.824;34.419;1.086;0.669;0;0;0;0;0;0;0;0
75;1;1;1;1810.003009;1810.197699;1810.199107;781579;150762;150762;1885;1885;2412192;2412244;100.000;1722.130;1722.130;578.939;621.452;578.939;1.364;0.660;0.711;32.390;30.981;1.408;50.507;4.348;194.690;-1.768;32.120;1.214;0.703;0;0;0;0;0;0;0;0
76;1;1;1;1810.036033;1810.230952;1810.232094;784181;151052;151052;1889;1889;2416832;2416884;100.000;2117.120;2117.120;580.052;622.656;580.052;1.138;0.633;0.685;32.987;31.845;1.142;59.996;3.462;194.919;-2.114;33.253;0.080;0.664;0;0;0;0;0;0;0;0
77;1;1;1;1810.069367;1810.265538;1810.266698;782861;150492;150492;1882;1882;2407872;2407924;100.000;2091.968;2091.968;577.902;620.347;577.902;1.155;0.704;0.805;34.603;33.444;1.160;69.460;3.351;196.171;-0.844;34.586;1.253;0.701;0;0;0;0;0;0;0;0
78;1;1;1;1810.102681;1810.297623;1810.299010;779451;148910;148910;1862;1862;2382560;2382612;100.000;1719.084;1719.084;571.827;613.821;571.827;1.383;0.651;0.737;32.313;30.925;1.388;53.115;4.295;194.941;-1.864;32.084;1.249;0.735;0;0;0;0;0;0;0;0
79;1;1;1;1810.136026;1810.332373;1810.333627;784719;147042;147042;1839;1839;2352672;2352724;100.000;1883.117;1883.117;564.654;606.129;564.654;1.248;0.793;0.844;34.616;33.363;1.254;67.326;3.622;196.347;-0.581;34.750;1.417;0.778;0;0;0;0;0;0;0;0
80;1;1;1;1810.169463;1810.364629;1810.365972;780701;146382;146382;1830;1830;2342112;2342164;100.000;1745.887;1745.887;562.119;603.392;562.119;1.338;0.611;0.661;32.346;31.002;1.343;49.240;4.152;195.166;-1.569;32.256;1.077;0.797;0;0;0;0;0;0;0;0
81;1;1;1;1810.202705;1810.397355;1810.398465;785754;145442;145442;1819;1819;2327072;2327124;100.000;2112.208;2112.208;558.510;599.534;558.510;1.105;0.639;0.689;32.492;31.383;1.110;62.102;3.415;194.650;-2.410;32.726;0.607;0.785;0;0;0;0;0;0;0;0
82;1;1;1;1810.236014;1810.430909;1810.432249;783308;145720;145720;1822;1822;2331520;2331572;100.000;1750.375;1750.375;559.577;600.669;559.577;1.335;0.650;0.700;33.784;32.444;1.340;52.232;3.967;194.894;-1.959;33.554;0.220;0.749;0;0;0;0;0;0;0;0
83;1;1;1;1810.269448;1810.464148;1810.465276;782737;145846;145846;1824;1824;2333536;2333588;100.000;2084.285;2084.285;560.061;601.198;560.061;1.124;0.668;0.718;33.027;31.899;1.128;63.618;3.417;194.699;-2.265;33.239;0.094;0.709;0;0;0;0;0;0;0;0
84;1;1;1;1810.302697;1810.497767;1810.499102;781874;146012;146012;1826;1826;2336192;2336244;100.000;1750.549;1750.549;560.699;601.881;560.699;1.330;0.604;0.654;33.826;32.491;1.335;48.970;3.947;195.070;-1.772;33.620;0.286;0.682;0;0;0;0;0;0;0;0
85;1;1;1;1810.336252;1810.530697;1810.531803;780545;146308;146308;1829;1829;2340928;2340980;100.000;2119.569;2119.569;561.835;603.085;561.835;1.102;0.632;0.682;32.700;31.594;1.106;61.666;3.382;194.445;-2.405;32.930;0.404;0.665;0;0;0;0;0;0;0;0
86;1;1;1;1810.369349;1810.564301;1810.565416;778343;146104;146104;1827;1827;2337664;2337716;100.000;2099.529;2099.529;561.052;602.256;561.052;1.110;0.700;0.750;33.613;32.498;1.115;67.298;3.316;194.952;-2.126;33.604;0.271;0.640;0;0;0;0;0;0;0;0
87;1;1;1;1810.402696;1810.599290;1810.600462;778458;145634;145634;1821;1821;2330144;2330196;100.000;2002.881;2002.881;559.247;600.316;559.247;1.168;0.738;0.788;35.047;33.875;1.172;67.238;3.345;196.594;-0.412;34.989;1.656;0.704;0;0;0;0;0;0;0;0
88;1;1;1;1810.436013;1810.631371;1810.632471;778592;145652;145652;1821;1821;2330432;2330484;100.000;2133.689;2133.689;559.316;600.385;559.316;1.096;0.622;0.711;32.009;30.908;1.100;64.640;3.438;195.357;-1.737;32.080;1.253;0.738;0;0;0;0;0;0;0;0
89;1;1;1;1810.469324;1810.665485;1810.666891;779952;146464;146464;1831;1831;2343424;2343476;100.000;1668.840;1668.840;562.434;603.729;562.434;1.402;0.647;0.697;34.420;33.014;1.406;49.538;4.086;196.161;-0.650;34.114;0.781;0.741;0;0;0;0;0;0;0;0
90;1;1;1;1810.502675;1810.698277;1810.699402;779674;148650;148650;1859;1859;2378400;2378452;100.000;2115.773;2115.773;570.828;612.755;570.828;1.121;0.672;0.722;32.511;31.386;1.125;64.174;3.462;195.602;-1.472;32.792;0.541;0.728;0;0;0;0;0;0;0;0
91;1;1;1;1810.535998;1810.730734;1810.732125;781083;149974;149974;1875;1875;2399584;2399636;100.000;1732.314;1732.314;575.913;618.200;575.913;1.351;0.666;0.716;32.723;31.332;1.391;51.517;4.250;194.736;-2.083;32.458;0.876;0.737;0;0;0;0;0;0;0;0
92;1;1;1;1810.569341;1810.765779;1810.767108;780537;150044;150044;1876;1876;2400704;2400756;100.000;1878.241;1878.241;576.181;618.492;576.181;1.323;0.796;0.848;34.983;33.654;1.329;63.847;3.798;196.438;-0.434;35.045;1.711;0.798;0;0;0;0;0;0;0;0
93;1;1;1;1810.602959;1810.798977;1810.800442;773046;148126;148126;1852;1852;2370016;2370068;100.000;1626.763;1626.763;568.816;610.585;568.816;1.460;0.734;0.785;33.334;31.869;1.465;53.570;4.395;196.017;-0.433;33.197;0.136;0.757;0;0;0;0;0;0;0;0
94;1;1;1;1810.635993;1810.831089;1810.832201;770822;145994;145994;1825;1825;2335904;2335956;100.000;2102.440;2102.440;560.629;601.789;560.629;1.107;0.612;0.662;31.759;30.647;1.112;59.567;3.500;195.096;-2.008;32.112;1.221;0.786;0;0;0;0;0;0;0;0
95;1;1;1;1810.669534;1810.864352;1810.865698;778859;143854;143854;1799;1799;2301664;2301716;100.000;1711.294;1711.294;552.412;592.985;552.412;1.342;0.641;0.691;33.498;32.151;1.347;51.296;4.021;194.818;-1.843;33.263;0.071;0.741;0;0;0;0;0;0;0;0
96;1;1;1;1810.702683;1810.897552;1810.898639;778333;144278;144278;1804;1804;2308448;2308500;100.000;2129.182;2129.182;554.040;594.726;554.040;1.083;0.611;0.660;32.941;31.853;1.087;60.729;3.301;194.869;-2.235;33.200;0.133;0.703;0;0;0;0;0;0;0;0
97;1;1;1;1810.735999;1810.932107;1810.933198;782798;144196;144196;1803;1803;2307136;2307188;100.000;2120.897;2120.897;553.725;594.388;553.725;1.086;0.603;0.652;34.559;33.468;1.091;59.791;3.156;196.108;-1.010;34.555;1.222;0.736;0;0;0;0;0;0;0;0
98;1;1;1;1810.769635;1810.965808;1810.967242;781418;144552;144552;1807;1807;2312832;2312884;100.000;1618.409;1618.409;555.092;595.846;555.092;1.394;0.685;0.734;34.043;32.610;1.434;51.164;4.212;196.173;-0.300;33.700;0.367;0.713;0;0;0;0;0;0;0;0
99;1;1;1;1810.802935;1810.998067;1810.999169;777382;144056;144056;1801;1801;2304896;2304948;100.000;2099.289;2099.289;553.188;593.806;553.188;1.097;0.695;0.745;31.927;30.826;1.101;67.618;3.449;195.132;-1.706;32.260;1.074;0.735;0;0;0;0;0;0;0;0
100;1;1;1;1810.835998;1811.031225;1811.032572;778267;144366;144366;1805;1805;2309856;2309908;100.000;1719.748;1719.748;554.378;595.086;554.378;1.342;0.671;0.720;33.404;32.057;1.347;53.495;4.032;195.227;-1.636;33.158;0.175;0.700;0;0;0;0;0;0;0;0
101;1;1;1;1810.869344;1811.064395;1811.065493;780699;144336;144336;1805;1805;2309376;2309428;100.000;2111.260;2111.260;554.263;594.971;554.263;1.093;0.688;0.737;32.920;31.823;1.097;67.158;3.333;195.051;-2.049;33.170;0.163;0.667;0;0;0;0;0;0;0;0
102;1;1;1;1810.902675;1811.097685;1811.099022;780328;144522;144522;1807;1807;2312352;2312404;100.000;1733.802;1733.802;554.977;595.730;554.977;1.333;0.605;0.655;33.530;32.192;1.338;48.954;3.990;195.009;-1.852;33.289;0.044;0.628;0;0;0;0;0;0;0;0
103;1;1;1;1810.936074;1811.131597;1811.132694;782351;144662;144662;1809;1809;2314592;2314644;100.000;2118.452;2118.452;555.515;596.313;555.515;1.092;0.640;0.689;33.672;32.575;1.097;62.836;3.258;195.524;-1.514;33.913;0.580;0.625;0;0;0;0;0;0;0;0
104;1;1;1;1810.969697;1811.165974;1811.167458;782164;144698;144698;1809;1809;2315168;2315220;100.000;1566.137;1566.137;555.653;596.451;555.653;1.479;0.676;0.738;34.763;33.279;1.484;49.734;4.269;196.276;-0.084;34.376;1.043;0.651;0;0;0;0;0;0;0;0
105;1;1;1;1811.002706;1811.198095;1811.199210;783021;145744;145744;1822;1822;2331904;2331956;100.000;2106.543;2106.543;559.669;600.761;559.669;1.111;0.662;0.712;31.753;30.637;1.115;63.850;3.512;195.389;-1.665;32.121;1.212;0.686;0;0;0;0;0;0;0;0
106;1;1;1;1811.036057;1811.231124;1811.232249;786829;147616;147616;1846;1846;2361856;2361908;100.000;2111.414;2111.414;566.858;608.491;566.858;1.121;0.632;0.682;33.038;31.914;1.125;60.632;3.405;195.067;-1.960;33.029;0.305;0.662;0;0;0;0;0;0;0;0
107;1;1;1;1811.069337;1811.265553;1811.267005;789365;150668;150668;1884;1884;2410688;2410740;100.000;1670.503;1670.503;578.578;621.068;578.578;1.447;0.644;0.712;34.756;33.305;1.451;49.049;4.176;196.216;-0.537;34.430;1.096;0.689;0;0;0;0;0;0;0;0
108;1;1;1;1811.102729;1811.298086;1811.299266;790807;152486;152486;1907;1907;2439776;2439828;100.000;2077.553;2077.553;585.559;628.568;585.559;1.138;0.702;0.754;32.262;31.082;1.180;63.865;3.658;195.357;-1.608;32.533;0.800;0.696;0;0;0;0;0;0;0;0
109;1;1;1;1811.136067;1811.330827;1811.332235;789334;152368;152368;1905;1905;2437888;2437940;100.000;1738.053;1738.053;585.106;628.070;585.106;1.403;0.654;0.706;32.968;31.561;1.408;50.137;4.269;194.760;-1.973;32.741;0.593;0.690;0;0;0;0;0;0;0;0
110;1;1;1;1811.169661;1811.364425;1811.365573;783753;151230;151230;1891;1891;2419680;2419732;100.000;2110.703;2110.703;580.736;623.384;580.736;1.143;0.641;0.692;33.338;32.191;1.147;60.346;3.442;194.765;-1.969;33.598;0.265;0.663;0;0;0;0;0;0;0;0
111;1;1;1;1811.202700;1811.397909;1811.399311;781240;149404;149404;1868;1868;2390464;2390516;100.000;1709.103;1709.103;573.724;615.853;573.724;1.397;0.616;0.667;33.738;32.336;1.402;47.608;4.155;195.209;-1.564;33.484;0.150;0.631;0;0;0;0;0;0;0;0
112;1;1;1;1811.236037;1811.431218;1811.432313;781247;147314;147314;1842;1842;2357024;2357076;100.000;2161.735;2161.735;565.698;607.241;565.698;1.090;0.672;0.722;33.003;31.908;1.095;65.909;3.318;195.181;-1.895;33.309;0.024;0.593;0;0;0;0;0;0;0;0
113;1;1;1;1811.269600;1811.464476;1811.465846;783523;145778;145778;1823;1823;2332448;2332500;100.000;1714.572;1714.572;559.800;600.914;559.800;1.365;0.674;0.724;33.532;32.163;1.369;52.888;4.083;194.876;-1.696;33.258;0.075;0.561;0;0;0;0;0;0;0;0
114;1;1;1;1811.302700;1811.497630;1811.498739;783046;145016;145016;1813;1813;2320256;2320308;100.000;2101.866;2101.866;556.874;597.763;556.874;1.105;0.667;0.717;32.893;31.784;1.109;64.606;3.373;194.930;-2.136;33.153;0.180;0.537;0;0;0;0;0;0;0;0
115;1;1;1;1811.336062;1811.532520;1811.534106;785712;145068;145068;1814;1814;2321088;2321140;100.000;1469.080;1469.080;557.074;597.985;557.074;1.581;0.745;0.796;35.367;33.781;1.586;50.164;4.485;196.458;-0.102;34.890;1.557;0.601;0;0;0;0;0;0;0;0
116;1;1;1;1811.369381;1811.565216;1811.566294;788409;145612;145612;1821;1821;2329792;2329844;100.000;2176.233;2176.233;559.163;600.232;559.163;1.074;0.599;0.697;32.188;31.110;1.079;64.664;3.351;195.834;-1.247;32.696;0.637;0.603;0;0;0;0;0;0;0;0
117;1;1;1;1811.402703;1811.597772;1811.598924;785289;145938;145938;1825;1825;2335008;2335060;100.000;2027.237;2027.237;560.414;601.574;560.414;1.147;0.658;0.708;32.630;31.478;1.152;61.421;3.532;195.069;-1.950;32.556;0.777;0.614;0;0;0;0;0;0;0;0
118;1;1;1;1811.436030;1811.631811;1811.633184;784314;145782;145782;1823;1823;2332512;2332564;100.000;1709.422;1709.422;559.815;600.930;559.815;1.368;0.689;0.739;34.259;32.886;1.373;53.801;4.008;195.781;-1.024;34.039;0.705;0.620;0;0;0;0;0;0;0;0
119;1;1;1;1811.469379;1811.666177;1811.667419;784830;145890;145890;1824;1824;2334240;2334292;100.000;1895.386;1895.386;560.230;601.367;560.230;1.237;0.747;0.799;34.236;32.994;1.242;64.297;3.628;196.799;-0.122;34.367;1.034;0.645;0;0;0;0;0;0;0;0
120;1;1;1;1811.502698;1811.699474;1811.700982;784742;145936;145936;1825;1825;2334976;2335028;100.000;1549.729;1549.729;560.407;601.566;560.407;1.503;0.726;0.776;33.562;32.055;1.508;51.480;4.492;196.776;0.107;33.297;0.036;0.607;0;0;0;0;0;0;0;0
121;1;1;1;1811.536306;1811.731237;1811.732363;787186;147208;147208;1841;1841;2355328;2355380;100.000;2100.475;2100.475;565.291;606.812;565.291;1.122;0.630;0.681;31.381;30.255;1.126;60.452;3.589;194.931;-1.845;31.763;1.571;0.668;0;0;0;0;0;0;0;0
122;1;1;1;1811.569405;1811.764349;1811.765739;792161;148956;148956;1862;1862;2383296;2383348;100.000;1716.837;1716.837;572.004;613.998;572.004;1.386;0.668;0.719;33.376;31.986;1.390;51.715;4.165;194.944;-1.802;33.112;0.221;0.640;0;0;0;0;0;0;0;0
123;1;1;1;1811.602703;1811.797613;1811.798773;788290;150544;150544;1882;1882;2408704;2408756;100.000;2089.671;2089.671;578.101;620.547;578.101;1.155;0.727;0.779;33.034;31.874;1.159;67.165;3.510;194.911;-2.102;33.264;0.069;0.604;0;0;0;0;0;0;0;0
124;1;1;1;1811.636091;1811.830894;1811.832315;789222;152352;152352;1905;1905;2437632;2437684;100.000;1721.552;1721.552;585.044;628.008;585.044;1.416;0.724;0.776;33.542;32.121;1.421;54.654;4.235;194.804;-1.893;33.281;0.052;0.570;0;0;0;0;0;0;0;0
125;1;1;1;1811.669820;1811.864589;1811.865741;787173;151154;151154;1890;1890;2418464;2418516;100.000;2099.249;2099.249;580.444;623.070;580.444;1.140;0.642;0.694;33.426;32.274;1.153;60.188;3.448;194.769;-1.800;33.694;0.361;0.557;0;0;0;0;0;0;0;0
126;1;1;1;1811.703054;1811.897591;1811.899019;776279;149098;149098;1864;1864;2385568;2385620;100.000;1673.647;1673.647;572.549;614.588;572.549;1.424;0.658;0.737;33.277;31.849;1.428;51.629;4.290;194.537;-1.856;33.002;0.331;0.542;0;0;0;0;0;0;0;0
127;1;1;1;1811.735995;1811.932327;1811.933473;773912;146584;146584;1833;1833;2345344;2345396;100.000;2051.307;2051.307;562.895;604.235;562.895;1.142;0.684;0.774;34.455;33.308;1.146;67.541;3.327;196.332;-0.735;34.736;1.403;0.596;0;0;0;0;0;0;0;0
128;1;1;1;1811.769368;1811.966114;1811.967430;773302;144802;144802;1811;1811;2316832;2316884;100.000;1770.312;1770.312;556.052;596.896;556.052;1.310;0.750;0.823;33.957;32.641;1.315;62.596;3.874;196.747;-0.112;33.788;0.454;0.587;0;0;0;0;0;0;0;0
129;1;1;1;1811.802634;1811.998223;1811.999586;777001;143780;143780;1798;1798;2300480;2300532;100.000;1689.347;1689.347;552.128;592.678;552.128;1.359;0.632;0.681;32.156;30.793;1.364;49.938;4.241;195.588;-1.289;32.108;1.225;0.627;0;0;0;0;0;0;0;0
130;1;1;1;1811.836007;1812.031363;1812.032461;783174;143698;143698;1797;1797;2299168;2299220;100.000;2096.673;2096.673;551.813;592.341;551.813;1.094;0.659;0.730;32.875;31.777;1.098;66.474;3.341;195.356;-1.747;33.141;0.193;0.600;0;0;0;0;0;0;0;0
131;1;1;1;1811.869379;1812.064413;1812.065783;786108;144598;144598;1808;1808;2313568;2313620;100.000;1693.619;1693.619;555.269;596.045;555.269;1.366;0.649;0.698;33.322;31.951;1.370;50.959;4.112;195.033;-1.758;33.050;0.284;0.580;0;0;0;0;0;0;0;0
132;1;1;1;1811.902693;1812.098888;1812.100001;785622;144478;144478;1806;1806;2311648;2311700;100.000;2086.532;2086.532;554.808;595.539;554.808;1.108;0.687;0.744;34.218;33.105;1.113;66.824;3.252;196.195;-0.874;34.475;1.142;0.615;0;0;0;0;0;0;0;0
133;1;1;1;1811.936177;1812.131263;1812.132619;787265;143954;143954;1800;1800;2303264;2303316;100.000;1701.859;1701.859;552.796;593.391;552.796;1.351;0.624;0.673;32.619;31.263;1.356;49.678;4.156;195.087;-1.589;32.376;0.958;0.637;0;0;0;0;0;0;0;0
134;1;1;1;1811.969844;1812.164430;1812.165493;787734;143904;143904;1799;1799;2302464;2302516;100.000;2169.540;2169.540;552.604;593.177;552.604;1.058;0.605;0.688;32.874;31.811;1.063;64.696;3.234;194.585;-2.049;33.166;0.167;0.607;0;0;0;0;0;0;0;0
135;1;1;1;1812.002733;1812.199166;1812.200301;786766;143596;143596;1795;1795;2297536;2297588;100.000;2026.747;2026.747;551.421;591.904;551.421;1.126;0.687;0.773;34.808;33.673;1.135;68.121;3.260;196.433;-0.574;34.736;1.403;0.657;0;0;0;0;0;0;0;0
136;1;1;1;1812.036037;1812.232611;1812.234120;787622;141136;141136;1765;1765;2258176;2258228;100.000;1498.927;1498.927;541.975;581.781;541.975;1.504;0.753;0.802;33.819;32.310;1.509;53.191;4.461;196.574;-0.088;33.445;0.112;0.623;0;0;0;0;0;0;0;0
137;1;1;1;1812.069372;1812.264759;1812.265838;784509;139854;139854;1749;1749;2237664;2237716;100.000;2085.028;2085.028;537.052;576.497;537.052;1.074;0.691;0.739;31.718;30.639;1.079;68.464;3.402;195.387;-1.704;32.148;1.186;0.658;0;0;0;0;0;0;0;0
138;1;1;1;1812.102786;1812.297860;1812.299191;782962;141162;141162;1765;1765;2258592;2258644;100.000;1699.807;1699.807;542.075;581.880;542.075;1.326;0.593;0.642;33.353;32.023;1.330;48.228;3.989;195.074;-1.684;33.102;0.232;0.632;0;0;0;0;0;0;0;0
139;1;1;1;1812.136042;1812.331020;1812.332115;785441;143262;143262;1791;1791;2292192;2292244;100.000;2110.653;2110.653;550.139;590.531;550.139;1.091;0.672;0.721;32.924;31.829;1.095;65.858;3.327;194.978;-2.093;33.159;0.174;0.603;0;0;0;0;0;0;0;0
140;1;1;1;1812.169362;1812.364606;1812.365962;786857;145806;145806;1823;1823;2332896;2332948;100.000;1731.230;1731.230;559.908;601.022;559.908;1.351;0.615;0.665;33.847;32.491;1.356;49.061;4.007;195.243;-1.580;33.586;0.252;0.581;0;0;0;0;0;0;0;0
141;1;1;1;1812.202909;1812.398021;1812.399133;786209;147146;147146;1840;1840;2354336;2354388;100.000;2125.178;2125.178;565.053;606.551;565.053;1.100;0.655;0.706;33.171;32.059;1.112;63.439;3.353;195.112;-1.742;33.415;0.082;0.550;0;0;0;0;0;0;0;0
142;1;1;1;1812.236492;1812.432621;1812.434137;785895;147490;147490;1844;1844;2359840;2359892;100.000;1563.092;1563.092;566.374;607.962;566.374;1.512;0.735;0.786;35.004;33.488;1.516;51.853;4.332;196.129;-0.071;34.600;1.266;0.595;0;0;0;0;0;0;0;0
143;1;1;1;1812.269361;1812.466471;1812.467910;783109;146146;146146;1827;1827;2338336;2338388;100.000;1626.461;1626.461;561.213;602.418;561.213;1.434;0.867;0.918;33.774;32.335;1.439;63.762;4.261;197.110;0.369;33.851;0.517;0.590;0;0;0;0;0;0;0;0
144;1;1;1;1812.302716;1812.498901;1812.500013;783994;145218;145218;1816;1816;2323488;2323540;100.000;2103.076;2103.076;557.650;598.606;557.650;1.108;0.642;0.692;32.103;30.991;1.113;62.194;3.466;196.185;-0.861;32.430;0.904;0.609;0;0;0;0;0;0;0;0
145;1;1;1;1812.336110;1812.531718;1812.533092;785959;144768;144768;1810;1810;2316288;2316340;100.000;1692.326;1692.326;555.922;596.743;555.922;1.370;0.646;0.701;33.079;31.704;1.375;50.993;4.156;195.607;-1.116;32.817;0.517;0.604;0;0;0;0;0;0;0;0
146;1;1;1;1812.369480;1812.564411;1812.565528;789030;145716;145716;1822;1822;2331456;2331508;100.000;2102.927;2102.927;559.562;600.654;559.562;1.112;0.667;0.717;32.435;31.319;1.117;64.195;3.443;194.930;-2.014;32.693;0.640;0.606;0;0;0;0;0;0;0;0
147;1;1;1;1812.402810;1812.599424;1812.601081;794594;147238;147238;1841;1841;2355808;2355860;100.000;1426.571;1426.571;565.406;606.927;565.406;1.651;0.783;0.834;35.553;33.897;1.657;50.370;4.659;196.614;0.206;35.014;1.680;0.673;0;0;0;0;0;0;0;0
148;1;1;1;1812.436420;1812.631774;1812.632898;797998;146864;146864;1836;1836;2349824;2349876;100.000;2096.319;2096.319;563.970;605.378;563.970;1.120;0.695;0.745;31.817;30.693;1.124;66.239;3.534;195.354;-1.310;32.349;0.984;0.693;0;0;0;0;0;0;0;0
149;1;1;1;1812.470089;1812.664817;1812.666213;798639;147738;147738;1847;1847;2363808;2363860;100.000;1702.408;1702.408;567.326;608.982;567.326;1.390;0.643;0.701;33.315;31.919;1.396;50.265;4.189;194.728;-1.329;33.044;0.290;0.667;0;0;0;0;0;0;0;0
150;1;1;1;1812.502907;1812.698291;1812.699410;796693;148090;148090;1852;1852;2369440;2369492;100.000;2132.008;2132.008;568.678;610.447;568.678;1.114;0.668;0.719;33.197;32.078;1.119;64.238;3.371;195.384;-1.465;33.473;0.140;0.634;0;0;0;0;0;0;0;0
151;1;1;1;1812.536208;1812.731406;1812.732780;794717;147952;147952;1850;1850;2367232;2367284;100.000;1732.866;1732.866;568.148;609.872;568.148;1.369;0.625;0.676;33.370;31.996;1.373;49.220;4.116;195.198;-1.429;33.115;0.218;0.608;0;0;0;0;0;0;0;0
152;1;1;1;1812.569469;1812.764880;1812.765954;792861;148152;148152;1852;1852;2370432;2370484;100.000;2221.532;2221.532;568.916;610.685;568.916;1.069;0.665;0.716;33.174;32.100;1.074;66.634;3.238;195.410;-1.588;33.474;0.140;0.579;0;0;0;0;0;0;0;0
153;1;1;1;1812.603266;1812.799313;1812.800861;792789;147662;147662;1846;1846;2362592;2362644;100.000;1533.308;1533.308;567.035;608.668;567.035;1.544;0.703;0.753;34.907;33.359;1.548;48.657;4.434;196.047;-0.014;34.433;1.100;0.612;0;0;0;0;0;0;0;0
154;1;1;1;1812.636136;1812.830584;1812.831710;792309;147945;147945;1850;1850;2367120;2367172;100.000;2117.490;2117.490;568.121;609.845;568.121;1.121;0.644;0.704;30.849;29.724;1.126;62.509;3.649;194.449;-2.498;31.271;2.062;0.702;0;0;0;0;0;0;0;0
155;1;1;1;1812.669489;1812.864871;1812.865992;791925;147762;147762;1848;1848;2364192;2364244;100.000;2121.259;2121.259;567.419;609.097;567.419;1.116;0.637;0.688;34.282;33.161;1.121;61.360;3.270;195.382;-1.549;34.287;0.953;0.718;0;0;0;0;0;0;0;0
156;1;1;1;1812.702811;1812.897931;1812.899326;793795;148592;148592;1858;1858;2377472;2377524;100.000;1705.443;1705.443;570.606;612.510;570.606;1.391;0.632;0.683;33.334;31.939;1.395;48.953;4.184;195.120;-1.549;33.060;0.273;0.690;0;0;0;0;0;0;0;0
157;1;1;1;1812.736149;1812.932922;1812.934300;793460;148650;148650;1859;1859;2378400;2378452;100.000;1727.827;1727.827;570.828;612.755;570.828;1.373;0.803;0.856;34.974;33.596;1.378;62.107;3.939;196.773;0.092;34.991;1.658;0.751;0;0;0;0;0;0;0;0
158;1;1;1;1812.769521;1812.966521;1812.968300;795527;147554;147554;1845;1845;2360864;2360916;100.000;1332.528;1332.528;566.620;608.231;566.620;1.761;0.893;0.944;34.000;32.221;1.779;53.047;5.232;197.000;0.758;33.599;0.265;0.720;0;0;0;0;0;0;0;0
159;1;1;1;1812.803125;1813.000104;1813.001627;798776;146024;146024;1826;1826;2336384;2336436;100.000;1534.567;1534.567;560.745;601.927;560.745;1.517;0.937;0.989;33.328;31.804;1.523;64.936;4.571;196.979;0.753;33.583;0.250;0.691;0;0;0;0;0;0;0;0
160;1;1;1;1812.836091;1813.031772;1813.033126;799362;143192;143192;1790;1790;2291072;2291124;100.000;1703.734;1703.734;549.870;590.240;549.870;1.349;0.638;0.687;31.498;30.145;1.354;50.724;4.297;195.681;-1.082;31.668;1.665;0.752;0;0;0;0;0;0;0;0
161;1;1;1;1812.869467;1813.064739;1813.065825;789777;141480;141480;1769;1769;2263680;2263732;100.000;2090.845;2090.845;543.296;583.192;543.296;1.081;0.669;0.739;32.699;31.614;1.085;68.072;3.319;195.272;-1.717;32.967;0.366;0.728;0;0;0;0;0;0;0;0
162;1;1;1;1812.902796;1813.097875;1813.099215;790930;139820;139820;1748;1748;2237120;2237172;100.000;1676.573;1676.573;536.921;576.344;536.921;1.335;0.604;0.652;33.390;32.050;1.340;48.668;4.013;195.078;-1.660;33.135;0.198;0.695;0;0;0;0;0;0;0;0
163;1;1;1;1812.936625;1813.131490;1813.132559;793734;138532;138532;1732;1732;2216512;2216564;100.000;2077.186;2077.186;531.975;571.037;531.975;1.064;0.711;0.759;33.344;32.276;1.068;71.065;3.204;194.866;-1.649;33.616;0.282;0.669;0;0;0;0;0;0;0;0
164;1;1;1;1812.970061;1813.164961;1813.166014;792883;138018;138018;1726;1726;2208288;2208340;100.000;2114.744;2114.744;530.002;568.928;530.002;1.048;0.626;0.681;33.455;32.402;1.052;64.752;3.146;194.900;-1.528;33.471;0.137;0.636;0;0;0;0;0;0;0;0
165;1;1;1;1813.003419;1813.198000;1813.199323;791299;138142;138142;1727;1727;2210272;2210324;100.000;1682.223;1682.223;530.478;569.426;530.478;1.319;0.632;0.679;33.309;31.986;1.323;51.307;3.972;194.581;-1.552;33.038;0.295;0.614;0;0;0;0;0;0;0;0
166;1;1;1;1813.036136;1813.232796;1813.234065;789485;138460;138460;1731;1731;2215360;2215412;100.000;1748.102;1748.102;531.699;570.738;531.699;1.263;0.740;0.788;34.742;33.474;1.268;62.121;3.650;196.660;-0.144;34.797;1.463;0.667;0;0;0;0;0;0;0;0
167;1;1;1;1813.069433;1813.265169;1813.266488;789977;138716;138716;1734;1734;2219456;2219508;100.000;1686.015;1686.015;532.682;571.788;532.682;1.314;0.623;0.670;32.423;31.105;1.319;50.848;4.067;195.736;-1.054;32.373;0.961;0.686;0;0;0;0;0;0;0;0
168;1;1;1;1813.102768;1813.297896;1813.298972;791598;139622;139622;1746;1746;2233952;2234004;100.000;2086.641;2086.641;536.161;575.538;536.161;1.072;0.708;0.756;32.485;31.408;1.076;70.235;3.313;195.128;-1.902;32.727;0.606;0.681;0;0;0;0;0;0;0;0
169;1;1;1;1813.136125;1813.332534;1813.334030;795034;139918;139918;1749;1749;2238688;2238740;100.000;1503.450;1503.450;537.298;576.743;537.298;1.491;0.663;0.712;35.057;33.562;1.496;47.615;4.267;196.409;-0.178;34.638;1.305;0.720;0;0;0;0;0;0;0;0
170;1;1;1;1813.169454;1813.364826;1813.365886;794863;140286;140286;1754;1754;2244576;2244628;100.000;2131.997;2131.997;538.711;578.268;538.711;1.056;0.629;0.677;31.856;30.796;1.060;63.867;3.328;195.372;-1.655;32.292;1.041;0.740;0;0;0;0;0;0;0;0
171;1;1;1;1813.202808;1813.399424;1813.400698;794885;141226;141226;1766;1766;2259616;2259668;100.000;1776.922;1776.922;542.320;582.149;542.320;1.268;0.809;0.858;34.812;33.538;1.274;67.376;3.660;196.616;-0.177;34.598;1.265;0.773;0;0;0;0;0;0;0;0
172;1;1;1;1813.236543;1813.431625;1813.432972;788905;141276;141276;1766;1766;2260416;2260468;100.000;1680.275;1680.275;542.512;582.341;542.512;1.343;0.671;0.719;32.274;30.927;1.347;53.395;4.175;195.082;-1.236;32.201;1.133;0.795;0;0;0;0;0;0;0;0
173;1;1;1;1813.269462;1813.464682;1813.465753;787376;140380;140380;1755;1755;2246080;2246132;100.000;2111.341;2111.341;539.072;578.652;539.072;1.066;0.686;0.734;32.781;31.710;1.071;68.575;3.266;195.220;-1.788;33.057;0.276;0.763;0;0;0;0;0;0;0;0
174;1;1;1;1813.302773;1813.497760;1813.499088;791921;138596;138596;1733;1733;2217536;2217588;100.000;1671.480;1671.480;532.221;571.305;532.221;1.287;0.631;0.683;33.335;32.007;1.328;51.440;3.985;194.986;-1.787;33.077;0.256;0.731;0;0;0;0;0;0;0;0
175;1;1;1;1813.336326;1813.531112;1813.532166;785044;137098;137098;1714;1714;2193568;2193620;100.000;2090.462;2090.462;526.469;565.124;526.469;1.051;0.636;0.683;33.078;32.024;1.055;64.726;3.189;194.785;-2.042;33.352;0.019;0.687;0;0;0;0;0;0;0;0
176;1;1;1;1813.369597;1813.564817;1813.566152;785759;136788;136788;1710;1710;2188608;2188660;100.000;1644.405;1644.405;525.278;563.844;525.278;1.330;0.661;0.708;33.985;32.651;1.335;53.003;3.928;195.220;-1.389;33.705;0.372;0.667;0;0;0;0;0;0;0;0
177;1;1;1;1813.403174;1813.597868;1813.598929;782963;136884;136884;1712;1712;2190144;2190196;100.000;2073.819;2073.819;525.647;564.257;525.647;1.056;0.662;0.724;32.777;31.716;1.061;68.273;3.237;194.695;-1.945;33.051;0.282;0.643;0;0;0;0;0;0;0;0
178;1;1;1;1813.436120;1813.632224;1813.633319;783666;138258;138258;1729;1729;2212128;2212180;100.000;2019.894;2019.894;530.923;569.917;530.923;1.091;0.709;0.758;34.390;33.294;1.096;69.195;3.186;196.103;-0.889;34.355;1.022;0.667;0;0;0;0;0;0;0;0
179;1;1;1;1813.469449;1813.666273;1813.667769;786714;138600;138600;1733;1733;2217600;2217652;100.000;1484.810;1484.810;532.236;571.320;532.236;1.491;0.703;0.750;34.450;32.954;1.495;50.189;4.340;196.825;0.227;34.050;0.717;0.670;0;0;0;0;0;0;0;0
180;1;1;1;1813.502795;1813.698869;1813.699936;787583;139086;139086;1739;1739;2225376;2225428;100.000;2093.826;2093.826;534.103;573.322;534.103;1.062;0.621;0.668;32.167;31.101;1.067;62.647;3.316;196.074;-0.939;32.596;0.737;0.674;0;0;0;0;0;0;0;0
181;1;1;1;1813.536115;1813.731692;1813.733015;793719;139098;139098;1739;1739;2225568;2225620;100.000;1687.029;1687.029;534.149;573.368;534.149;1.318;0.607;0.655;33.079;31.756;1.323;49.517;3.999;195.577;-1.193;32.822;0.511;0.664;0;0;0;0;0;0;0;0
182;1;1;1;1813.569476;1813.764971;1813.766052;792329;139598;139598;1745;1745;2233568;2233620;100.000;2075.487;2075.487;536.069;575.424;536.069;1.076;0.617;0.666;33.037;31.956;1.081;61.589;3.272;195.495;-1.490;33.279;0.054;0.626;0;0;0;0;0;0;0;0
183;1;1;1;1813.602822;1813.798260;1813.799348;801464;141888;141888;1774;1774;2270208;2270260;100.000;2094.681;2094.681;544.862;584.871;544.862;1.083;0.617;0.666;33.296;32.209;1.088;61.231;3.267;195.438;-1.526;33.289;0.044;0.589;0;0;0;0;0;0;0;0
184;1;1;1;1813.636206;1813.831236;1813.832620;796948;145036;145036;1813;1813;2320576;2320628;100.000;1685.563;1685.563;556.951;597.840;556.951;1.379;0.678;0.733;33.271;31.888;1.383;52.989;4.157;195.031;-1.589;32.976;0.357;0.575;0;0;0;0;0;0;0;0
185;1;1;1;1813.669925;1813.864748;1813.865878;802598;147102;147102;1839;1839;2353632;2353684;100.000;2090.879;2090.879;564.884;606.360;564.884;1.125;0.639;0.728;33.259;32.129;1.130;64.386;3.398;194.823;-1.663;33.512;0.179;0.550;0;0;0;0;0;0;0;0
186;1;1;1;1813.702863;1813.897639;1813.899058;797039;149128;149128;1865;1865;2386048;2386100;100.000;1684.683;1684.683;572.664;614.726;572.664;1.415;0.649;0.700;33.180;31.760;1.419;49.358;4.277;194.776;-1.817;32.890;0.443;0.543;0;0;0;0;0;0;0;0
187;1;1;1;1813.736089;1813.931393;1813.932550;797511;148974;148974;1863;1863;2383584;2383636;100.000;2063.562;2063.562;572.073;614.089;572.073;1.152;0.710;0.762;33.492;32.335;1.157;65.849;3.455;195.304;-1.658;33.754;0.421;0.536;0;0;0;0;0;0;0;0
188;1;1;1;1813.769392;1813.966017;1813.967632;794879;147856;147856;1849;1849;2365696;2365748;100.000;1472.345;1472.345;567.780;609.480;567.780;1.610;0.756;0.813;35.082;33.467;1.615;50.334;4.603;196.625;0.091;34.624;1.291;0.583;0;0;0;0;0;0;0;0
189;1;1;1;1813.802725;1813.999856;1814.001334;793590;145718;145718;1822;1822;2331488;2331540;100.000;1586.823;1586.823;559.570;600.661;559.570;1.473;0.947;0.998;33.702;32.224;1.478;67.535;4.386;197.132;0.460;33.839;0.505;0.578;0;0;0;0;0;0;0;0
190;1;1;1;1813.836059;1814.033748;1814.035586;788938;143848;143848;1799;1799;2301568;2301620;100.000;1254.418;1254.418;552.389;592.962;552.389;1.831;0.869;0.920;34.251;32.414;1.838;50.057;5.365;197.689;1.378;33.892;0.559;0.577;0;0;0;0;0;0;0;0
191;1;1;1;1813.869362;1814.066776;1814.068271;784846;142800;142800;1785;1785;2284800;2284852;100.000;1536.941;1536.941;548.364;588.622;548.364;1.472;0.941;0.990;32.685;31.191;1.495;66.256;4.573;197.414;0.730;33.028;0.305;0.560;0;0;0;0;0;0;0;0
192;1;1;1;1813.902734;1814.100184;1814.101826;788004;142404;142404;1781;1781;2278464;2278516;100.000;1392.979;1392.979;546.844;587.011;546.844;1.636;0.776;0.825;33.555;31.913;1.642;50.262;4.893;197.450;0.951;33.407;0.074;0.529;0;0;0;0;0;0;0;0
193;1;1;1;1813.936083;1814.132639;1814.133821;795964;142560;142560;1782;1782;2280960;2281012;100.000;1943.046;1943.046;547.443;587.632;547.443;1.177;0.676;0.734;31.995;30.814;1.182;62.092;3.693;196.556;-0.387;32.456;0.878;0.551;0;0;0;0;0;0;0;0
194;1;1;1;1813.969778;1814.166465;1814.167758;799207;143286;143286;1792;1792;2292576;2292628;100.000;1786.348;1786.348;550.231;590.646;550.231;1.289;0.761;0.820;33.937;32.644;1.293;63.374;3.811;196.686;0.217;33.825;0.492;0.548;0;0;0;0;0;0;0;0
195;1;1;1;1814.003394;1814.198724;1814.200125;799402;144392;144392;1805;1805;2310272;2310324;100.000;1653.335;1653.335;554.478;595.186;554.478;1.397;0.685;0.740;32.367;30.966;1.401;52.821;4.330;195.330;-0.749;32.259;1.074;0.580;0;0;0;0;0;0;0;0
196;1;1;1;1814.036615;1814.231829;1814.232935;800483;145043;145043;1814;1814;2320688;2320740;100.000;2110.816;2110.816;556.978;597.889;556.978;1.102;0.668;0.718;32.809;31.703;1.106;64.908;3.371;195.214;-1.273;33.105;0.228;0.558;0;0;0;0;0;0;0;0
197;1;1;1;1814.070053;1814.265311;1814.266717;798336;145944;145944;1825;1825;2335104;2335156;100.000;1661.256;1661.256;560.437;601.597;560.437;1.401;0.643;0.737;33.782;32.376;1.406;52.407;4.162;195.258;-0.825;33.482;0.149;0.533;0;0;0;0;0;0;0;0
198;1;1;1;1814.103409;1814.298215;1814.299343;798454;146568;146568;1833;1833;2345088;2345140;100.000;2083.522;2083.522;562.834;604.174;562.834;1.124;0.718;0.768;32.626;31.498;1.128;68.065;3.458;194.806;-1.532;32.904;0.429;0.526;0;0;0;0;0;0;0;0
199;1;1;1;1814.136398;1814.332010;1814.333431;800770;147434;147434;1843;1843;2358944;2358996;100.000;1685.446;1685.446;566.159;607.725;566.159;1.418;0.679;0.729;34.088;32.666;1.421;51.270;4.170;195.612;-0.777;33.795;0.461;0.522;0;0;0;0;0;0;0;0
200;1;1;1;1814.169999;1814.365151;1814.366282;802378;148866;148866;1861;1861;2381856;2381908;100.000;2110.314;2110.314;571.658;613.630;571.658;1.126;0.728;0.779;32.851;31.720;1.130;68.876;3.441;195.152;-1.260;33.142;0.192;0.502;0;0;0;0;0;0;0;0
201;1;1;1;1814.202928;1814.399860;1814.401707;805285;150350;150350;1880;1880;2405600;2405652;100.000;1308.385;1308.385;577.356;619.757;577.356;1.841;0.924;0.982;35.425;33.579;1.847;53.158;5.213;196.932;0.832;34.709;1.376;0.556;0;0;0;0;0;0;0;0
202;1;1;1;1814.236115;1814.433583;1814.435196;803318;152012;152012;1901;1901;2432192;2432244;100.000;1511.579;1511.579;583.739;626.613;583.739;1.607;0.981;1.034;33.490;31.876;1.613;64.095;4.817;197.468;0.988;33.723;0.390;0.546;0;0;0;0;0;0;0;0
203;1;1;1;1814.269521;1814.466862;1814.468280;802036;152816;152816;1911;1911;2445056;2445108;100.000;1733.365;1733.365;586.826;629.926;586.826;1.413;0.898;0.951;33.084;31.666;1.418;67.073;4.287;197.341;0.739;33.279;0.054;0.515;0;0;0;0;0;0;0;0
204;1;1;1;1814.302796;1814.498883;1814.500398;810228;152942;152942;1912;1912;2447072;2447124;100.000;1623.634;1623.634;587.310;630.432;587.310;1.511;0.716;0.793;32.118;30.602;1.515;52.353;4.718;196.086;-0.477;32.021;1.313;0.565;0;0;0;0;0;0;0;0
205;1;1;1;1814.336225;1814.531855;1814.533024;808185;152382;152382;1905;1905;2438112;2438164;100.000;2093.186;2093.186;585.159;628.124;585.159;1.164;0.679;0.790;32.626;31.457;1.169;67.531;3.584;195.630;-1.184;32.972;0.361;0.552;0;0;0;0;0;0;0;0
206;1;1;1;1814.369504;1814.564881;1814.566308;815223;150790;150790;1885;1885;2412640;2412692;100.000;1700.952;1700.952;579.046;621.559;579.046;1.422;0.667;0.719;33.284;31.857;1.427;50.354;4.287;195.377;-1.233;33.027;0.307;0.537;0;0;0;0;0;0;0;0
207;1;1;1;1814.403408;1814.599585;1814.600871;799426;149044;149044;1864;1864;2384704;2384756;100.000;1858.398;1858.398;572.341;614.381;572.341;1.272;0.749;0.800;34.563;33.277;1.286;62.200;3.721;196.177;-0.004;34.704;1.370;0.589;0;0;0;0;0;0;0;0
208;1;1;1;1814.436671;1814.633616;1814.635274;790320;147638;147638;1846;1846;2362208;2362260;100.000;1432.320;1432.320;566.942;608.576;566.942;1.653;0.801;0.852;34.403;32.745;1.658;51.401;4.819;196.945;1.066;34.031;0.698;0.596;0;0;0;0;0;0;0;0
209;1;1;1;1814.470103;1814.666741;1814.668054;795945;145656;145656;1821;1821;2330496;2330548;100.000;1787.426;1787.426;559.332;600.401;559.332;1.308;0.819;0.869;32.780;31.467;1.313;66.206;4.006;196.638;0.513;33.125;0.208;0.572;0;0;0;0;0;0;0;0
210;1;1;1;1814.502986;1814.699358;1814.700865;792891;144144;144144;1802;1802;2306304;2306356;100.000;1534.370;1534.370;553.525;594.166;553.525;1.502;0.758;0.807;32.811;31.304;1.507;53.588;4.592;196.373;-0.010;32.617;0.716;0.581;0;0;0;0;0;0;0;0
211;1;1;1;1814.536121;1814.732067;1814.733177;797320;143206;143206;1791;1791;2291296;2291348;100.000;2080.934;2080.934;549.924;590.316;549.924;1.105;0.646;0.695;32.312;31.201;1.110;62.621;3.437;195.946;-1.031;32.708;0.625;0.583;0;0;0;0;0;0;0;0
212;1;1;1;1814.569477;1814.765327;1814.766702;805214;142122;142122;1777;1777;2273952;2274004;100.000;1660.278;1660.278;545.761;585.838;545.761;1.370;0.682;0.732;33.525;32.150;1.375;53.201;4.102;195.850;-0.839;33.261;0.073;0.551;0;0;0;0;0;0;0;0
213;1;1;1;1814.603211;1814.798398;1814.799484;797126;141596;141596;1770;1770;2265536;2265588;100.000;2092.964;2092.964;543.741;583.660;543.741;1.081;0.644;0.693;32.781;31.696;1.085;63.838;3.311;195.187;-1.391;33.071;0.262;0.533;0;0;0;0;0;0;0;0
214;1;1;1;1814.636717;1814.832016;1814.833104;803136;141814;141814;1773;1773;2269024;2269076;100.000;2093.448;2093.448;544.578;584.565;544.578;1.084;0.675;0.725;33.621;32.533;1.088;66.602;3.236;195.300;-1.104;33.618;0.285;0.518;0;0;0;0;0;0;0;0
215;1;1;1;1814.670134;1814.865130;1814.866496;809297;143036;143036;1788;1788;2288576;2288628;100.000;1684.911;1684.911;549.271;589.596;549.271;1.361;0.661;0.710;33.392;32.026;1.366;51.945;4.091;194.997;-1.045;33.114;0.219;0.499;0;0;0;0;0;0;0;0
216;1;1;1;1814.703098;1814.898632;1814.899727;808156;144130;144130;1802;1802;2306080;2306132;100.000;2112.100;2112.100;553.472;594.112;553.472;1.090;0.672;0.722;33.231;32.136;1.095;65.942;3.294;195.535;-1.148;33.502;0.169;0.479;0;0;0;0;0;0;0;0
217;1;1;1;1814.736159;1814.931708;1814.933111;810355;146106;146106;1827;1827;2337696;2337748;100.000;1666.641;1666.641;561.060;602.264;561.060;1.398;0.639;0.690;33.384;31.981;1.404;49.131;4.204;195.549;-1.097;33.075;0.258;0.465;0;0;0;0;0;0;0;0
218;1;1;1;1814.769510;1814.965034;1814.966177;810211;148782;148782;1860;1860;2380512;2380564;100.000;2083.977;2083.977;571.335;613.284;571.335;1.139;0.694;0.745;33.066;31.922;1.144;65.181;3.459;195.523;-1.364;33.326;0.007;0.436;0;0;0;0;0;0;0;0
219;1;1;1;1814.802789;1814.997981;1814.999393;808645;150220;150220;1878;1878;2403520;2403572;100.000;1710.844;1710.844;576.857;619.212;576.857;1.407;0.665;0.717;33.216;31.804;1.412;50.756;4.250;195.192;-1.482;32.948;0.386;0.433;0;0;0;0;0;0;0;0
220;1;1;1;1814.836149;1815.031440;1815.032597;810783;150188;150188;1878;1878;2403008;2403060;100.000;2086.890;2086.890;576.734;619.090;576.734;1.153;0.695;0.747;33.204;32.047;1.158;64.487;3.487;195.290;-1.611;33.458;0.125;0.414;0;0;0;0;0;0;0;0
221;1;1;1;1814.869493;1815.066125;1815.067702;807088;149054;149054;1864;1864;2384864;2384916;100.000;1514.599;1514.599;572.380;614.419;572.380;1.573;0.719;0.770;35.104;33.527;1.577;48.819;4.493;196.632;0.160;34.685;1.352;0.472;0;0;0;0;0;0;0;0
222;1;1;1;1814.902788;1815.100209;1815.101768;809369;147392;147392;1843;1843;2358272;2358324;100.000;1518.541;1518.541;565.998;607.563;565.998;1.552;0.996;1.048;34.066;32.507;1.559;67.241;4.576;197.421;0.893;34.085;0.751;0.490;0;0;0;0;0;0;0;0
223;1;1;1;1814.936100;1815.132589;1815.133796;795354;146064;146064;1826;1826;2337024;2337076;100.000;1938.093;1938.093;560.898;602.080;560.898;1.202;0.723;0.773;32.028;30.821;1.207;64.077;3.769;196.490;-0.412;32.380;0.953;0.519;0;0;0;0;0;0;0;0
224;1;1;1;1814.969426;1815.166363;1815.167956;795455;144466;144466;1806;1806;2311456;2311508;100.000;1455.369;1455.369;554.762;595.493;554.762;1.582;0.716;0.765;34.160;32.567;1.593;48.042;4.663;196.938;0.415;33.774;0.441;0.514;0;0;0;0;0;0;0;0
225;1;1;1;1815.002739;1815.200636;1815.202178;795720;143728;143728;1797;1797;2299648;2299700;100.000;1493.352;1493.352;551.928;592.456;551.928;1.535;0.943;0.993;34.222;32.680;1.542;64.432;4.505;197.897;1.303;34.273;0.940;0.541;0;0;0;0;0;0;0;0
226;1;1;1;1815.036105;1815.232612;1815.234126;798723;142930;142930;1787;1787;2286880;2286932;100.000;1520.818;1520.818;548.864;589.166;548.864;1.509;0.763;0.812;31.948;30.434;1.514;53.666;4.738;196.508;-0.082;31.976;1.357;0.592;0;0;0;0;0;0;0;0
227;1;1;1;1815.069833;1815.267005;1815.268534;807441;142948;142948;1787;1787;2287168;2287220;100.000;1504.086;1504.086;548.933;589.235;548.933;1.523;0.926;0.977;34.408;32.879;1.530;63.844;4.445;197.171;0.993;34.392;1.059;0.621;0;0;0;0;0;0;0;0
228;1;1;1;1815.103374;1815.300238;1815.301865;803316;143504;143504;1794;1794;2296064;2296116;100.000;1412.310;1412.310;551.068;591.528;551.068;1.622;0.870;0.920;33.331;31.704;1.627;56.542;4.881;196.865;0.990;33.234;0.100;0.588;0;0;0;0;0;0;0;0
229;1;1;1;1815.136409;1815.331442;1815.332545;809074;144280;144280;1804;1804;2308480;2308532;100.000;2102.084;2102.084;554.048;594.733;554.048;1.098;0.637;0.687;30.680;29.577;1.103;62.298;3.594;195.034;-1.663;31.204;2.129;0.685;0;0;0;0;0;0;0;0
230;1;1;1;1815.170038;1815.364991;1815.366384;808265;145334;145334;1817;1817;2325344;2325396;100.000;1677.694;1677.694;558.095;599.074;558.095;1.388;0.695;0.745;33.839;32.446;1.393;53.491;4.116;194.954;-1.157;33.549;0.215;0.655;0;0;0;0;0;0;0;0
231;1;1;1;1815.203287;1815.399783;1815.401251;818848;147128;147128;1840;1840;2354048;2354100;100.000;1609.326;1609.326;564.984;606.482;564.984;1.463;0.935;0.986;34.867;33.399;1.468;67.190;4.211;196.496;0.376;34.792;1.458;0.705;0;0;0;0;0;0;0;0
232;1;1;1;1815.236592;1815.433585;1815.435115;820617;148796;148796;1860;1860;2380736;2380788;100.000;1558.310;1558.310;571.389;613.338;571.389;1.524;0.890;0.942;33.864;32.334;1.529;61.610;4.516;196.994;0.907;33.803;0.469;0.691;0;0;0;0;0;0;0;0
233;1;1;1;1815.270045;1815.466110;1815.467720;814146;150842;150842;1886;1886;2413472;2413524;100.000;1509.621;1509.621;579.246;621.781;579.246;1.605;0.775;0.827;32.605;30.996;1.609;51.405;4.935;196.066;0.178;32.525;0.808;0.698;0;0;0;0;0;0;0;0
234;1;1;1;1815.303422;1815.498729;1815.499914;814852;152630;152630;1908;1908;2442080;2442132;100.000;2073.018;2073.018;586.112;629.144;586.112;1.180;0.757;0.809;32.194;31.009;1.184;68.288;3.679;195.307;-0.961;32.619;0.715;0.699;0;0;0;0;0;0;0;0
235;1;1;1;1815.336017;1815.531728;1815.533180;815725;153174;153174;1915;1915;2450784;2450836;100.000;1696.736;1696.736;588.201;631.391;588.201;1.448;0.740;0.793;33.267;31.814;1.452;54.606;4.365;195.711;-1.028;32.999;0.334;0.676;0;0;0;0;0;0;0;0
236;1;1;1;1815.369501;1815.565370;1815.566551;816078;152808;152808;1911;1911;2444928;2444980;100.000;2083.062;2083.062;586.795;629.895;586.795;1.176;0.748;0.801;33.371;32.190;1.181;67.818;3.539;195.869;-0.990;33.642;0.309;0.653;0;0;0;0;0;0;0;0
237;1;1;1;1815.403408;1815.598481;1815.599932;810868;151650;151650;1896;1896;2426400;2426452;100.000;1674.361;1674.361;582.348;625.110;582.348;1.447;0.719;0.771;33.381;31.930;1.451;53.093;4.348;195.073;-0.942;33.111;0.223;0.626;0;0;0;0;0;0;0;0
238;1;1;1;1815.436727;1815.632347;1815.633542;801907;149972;149972;1875;1875;2399552;2399604;100.000;2016.506;2016.506;575.905;618.192;575.905;1.191;0.702;0.753;33.610;32.414;1.196;62.998;3.558;195.619;-0.666;33.866;0.532;0.621;0;0;0;0;0;0;0;0
239;1;1;1;1815.469956;1815.666633;1815.668304;799196;148264;148264;1854;1854;2372224;2372276;100.000;1427.871;1427.871;569.346;611.160;569.346;1.666;0.797;0.848;34.762;33.090;1.671;50.731;4.807;196.677;0.763;34.286;0.953;0.641;0;0;0;0;0;0;0;0
240;1;1;1;1815.502803;1815.699703;1815.701019;799621;146996;146996;1838;1838;2351936;2351988;100.000;1792.837;1792.837;564.477;605.930;564.477;1.275;0.778;0.829;32.715;31.399;1.317;62.976;4.024;196.900;0.144;33.070;0.264;0.618;0;0;0;0;0;0;0;0
241;1;1;1;1815.536162;1815.733827;1815.735497;808174;146062;146062;1826;1826;2336992;2337044;100.000;1400.507;1400.507;560.891;602.073;560.891;1.665;0.808;0.859;34.478;32.808;1.670;51.450;4.844;197.665;1.289;34.125;0.791;0.629;0;0;0;0;0;0;0;0
242;1;1;1;1815.569478;1815.767473;1815.768839;810609;145468;145468;1819;1819;2327488;2327540;100.000;1716.928;1716.928;558.610;599.634;558.610;1.361;0.816;0.866;33.342;31.976;1.366;63.430;4.096;197.995;1.298;33.646;0.313;0.609;0;0;0;0;0;0;0;0
243;1;1;1;1815.602823;1815.799309;1815.800867;809086;145086;145086;1814;1814;2321376;2321428;100.000;1495.717;1495.717;557.143;598.054;557.143;1.554;0.793;0.843;32.028;30.470;1.559;54.105;4.866;196.486;-0.007;31.836;1.498;0.664;0;0;0;0;0;0;0;0
244;1;1;1;1815.636277;1815.832517;1815.833698;804105;145538;145538;1820;1820;2328608;2328660;100.000;1988.499;1988.499;558.878;599.925;558.878;1.177;0.717;0.767;32.831;31.650;1.181;64.933;3.598;196.240;-0.510;33.208;0.125;0.631;0;0;0;0;0;0;0;0
245;1;1;1;1815.670116;1815.865590;1815.866740;810243;146056;146056;1826;1826;2336896;2336948;100.000;2032.814;2032.814;560.868;602.050;560.868;1.146;0.741;0.791;33.042;31.891;1.150;68.748;3.481;195.473;-0.802;33.073;0.261;0.608;0;0;0;0;0;0;0;0
246;1;1;1;1815.703334;1815.898944;1815.900431;808451;146718;146718;1834;1834;2347488;2347540;100.000;1582.556;1582.556;563.410;604.772;563.410;1.483;0.702;0.752;33.691;32.204;1.487;50.564;4.414;195.609;-0.444;33.354;0.021;0.571;0;0;0;0;0;0;0;0
247;1;1;1;1815.736851;1815.932122;1815.933279;818595;147758;147758;1847;1847;2364128;2364180;100.000;2056.204;2056.204;567.403;609.059;567.403;1.153;0.713;0.763;32.848;31.691;1.158;65.952;3.524;195.271;-0.929;33.178;0.156;0.545;0;0;0;0;0;0;0;0
248;1;1;1;1815.770213;1815.965525;1815.966973;813416;149576;149576;1870;1870;2393216;2393268;100.000;1657.881;1657.881;574.384;616.559;574.384;1.444;0.716;0.767;33.694;32.246;1.448;52.939;4.298;195.312;-0.568;33.404;0.070;0.515;0;0;0;0;0;0;0;0
249;1;1;1;1815.803126;1815.998706;1815.999888;816251;151824;151824;1898;1898;2429184;2429236;100.000;2059.248;2059.248;583.017;625.823;583.017;1.178;0.705;0.757;32.915;31.732;1.183;64.040;3.594;195.580;-0.986;33.181;0.153;0.493;0;0;0;0;0;0;0;0
250;1;1;1;1815.836416;1816.032183;1816.033729;820584;153370;153370;1918;1918;2453920;2453972;100.000;1597.491;1597.491;588.953;632.211;588.953;1.541;0.788;0.840;33.840;32.295;1.545;54.376;4.566;195.768;-0.479;33.478;0.144;0.471;0;0;0;0;0;0;0;0
251;1;1;1;1815.869587;1816.065391;1816.066577;817535;153478;153478;1919;1919;2455648;2455700;100.000;2085.152;2085.152;589.368;632.648;589.368;1.182;0.710;0.762;32.848;31.662;1.186;64.194;3.612;195.803;-0.964;33.207;0.126;0.449;0;0;0;0;0;0;0;0
252;1;1;1;1815.903070;1816.098762;1816.100240;812707;152446;152446;1906;1906;2439136;2439188;100.000;1656.104;1656.104;585.405;628.392;585.405;1.475;0.730;0.782;33.663;32.185;1.479;52.872;4.392;195.692;-0.634;33.371;0.038;0.424;0;0;0;0;0;0;0;0
253;1;1;1;1815.936163;1816.132322;1816.133523;811017;150768;150768;1885;1885;2412288;2412340;100.000;2027.115;2027.115;578.962;621.475;578.962;1.197;0.687;0.739;33.283;32.081;1.201;61.564;3.609;196.159;-0.685;33.560;0.227;0.411;0;0;0;0;0;0;0;0
254;1;1;1;1815.969647;1816.166186;1816.167795;812416;148606;148606;1858;1858;2377696;2377748;100.000;1479.038;1479.038;570.660;612.564;570.660;1.604;0.782;0.833;34.272;32.663;1.608;51.810;4.693;196.539;0.253;33.864;0.531;0.419;0;0;0;0;0;0;0;0
255;1;1;1;1816.002843;1816.198829;1816.199973;815874;147150;147150;1840;1840;2354400;2354452;100.000;2067.395;2067.395;565.068;606.566;565.068;1.140;0.654;0.704;32.179;31.034;1.144;61.489;3.556;195.986;-0.901;32.643;0.691;0.436;0;0;0;0;0;0;0;0
256;1;1;1;1816.036361;1816.232952;1816.234339;811813;146080;146080;1826;1826;2337280;2337332;100.000;1686.425;1686.425;560.960;602.142;560.960;1.381;0.910;0.971;34.366;32.979;1.387;70.044;4.036;196.591;0.131;34.123;0.790;0.458;0;0;0;0;0;0;0;0
257;1;1;1;1816.069495;1816.266651;1816.268444;809323;145366;145366;1818;1818;2325856;2325908;100.000;1304.127;1304.127;558.218;599.220;558.218;1.771;0.850;0.900;34.105;32.312;1.793;50.195;5.257;197.156;0.903;33.699;0.366;0.452;0;0;0;0;0;0;0;0
258;1;1;1;1816.102941;1816.299879;1816.301195;806066;145058;145058;1814;1814;2320928;2320980;100.000;1773.737;1773.737;557.035;597.947;557.035;1.311;0.776;0.826;32.751;31.435;1.316;62.744;4.019;196.938;0.321;33.228;0.106;0.430;0;0;0;0;0;0;0;0
259;1;1;1;1816.136261;1816.333157;1816.334764;803994;144584;144584;1808;1808;2313344;2313396;100.000;1444.309;1444.309;555.215;595.991;555.215;1.572;0.797;0.877;33.569;31.962;1.607;54.588;4.787;196.896;0.556;33.278;0.055;0.407;0;0;0;0;0;0;0;0
260;1;1;1;1816.169881;1816.365494;1816.366611;804675;144650;144650;1809;1809;2314400;2314452;100.000;2082.249;2082.249;555.468;596.267;555.468;1.113;0.687;0.737;31.847;30.730;1.117;65.957;3.507;195.613;-0.930;32.337;0.996;0.444;0;0;0;0;0;0;0;0
261;1;1;1;1816.202814;1816.398716;1816.400101;803023;143952;143952;1800;1800;2303232;2303284;100.000;1667.366;1667.366;552.788;593.384;552.788;1.380;0.643;0.692;33.490;32.105;1.385;49.985;4.134;195.903;-0.774;33.222;0.111;0.423;0;0;0;0;0;0;0;0
262;1;1;1;1816.236630;1816.431760;1816.432881;804900;144058;144058;1801;1801;2304928;2304980;100.000;2059.801;2059.801;553.195;593.813;553.195;1.117;0.665;0.715;32.780;31.659;1.122;63.739;3.422;195.130;-1.327;33.043;0.290;0.415;0;0;0;0;0;0;0;0
263;1;1;1;1816.270073;1816.465276;1816.466672;801032;144662;144662;1809;1809;2314592;2314644;100.000;1663.886;1663.886;555.515;596.313;555.515;1.392;0.695;0.745;33.791;32.394;1.397;53.339;4.133;195.203;-0.869;33.516;0.183;0.400;0;0;0;0;0;0;0;0
264;1;1;1;1816.303355;1816.498457;1816.499582;793638;145976;145976;1825;1825;2335616;2335668;100.000;2078.188;2078.188;560.560;601.720;560.560;1.121;0.704;0.754;32.909;31.785;1.124;67.025;3.416;195.102;-1.293;33.182;0.152;0.385;0;0;0;0;0;0;0;0
265;1;1;1;1816.336679;1816.533085;1816.534531;801156;148478;148478;1856;1856;2375648;2375700;100.000;1655.013;1655.013;570.168;612.027;570.168;1.442;0.877;0.928;34.950;33.504;1.446;64.164;4.137;196.407;0.323;34.628;1.295;0.442;0;0;0;0;0;0;0;0
266;1;1;1;1816.369528;1816.565474;1816.566961;804749;149922;149922;1875;1875;2398752;2398804;100.000;1621.522;1621.522;575.713;618.000;575.713;1.482;0.684;0.735;32.430;30.943;1.487;49.461;4.584;195.946;-0.580;32.389;0.944;0.473;0;0;0;0;0;0;0;0
267;1;1;1;1816.402893;1816.598904;1816.600079;805449;150436;150436;1881;1881;2406976;2407028;100.000;2062.310;2062.310;577.687;620.110;577.687;1.171;0.722;0.775;33.118;31.943;1.176;65.892;3.550;196.011;-0.795;33.429;0.096;0.449;0;0;0;0;0;0;0;0
268;1;1;1;1816.436133;1816.631926;1816.633373;805329;149636;149636;1871;1871;2394176;2394228;100.000;1660.050;1660.050;574.615;616.812;574.615;1.443;0.669;0.721;33.294;31.846;1.448;49.779;4.348;195.793;-0.835;33.022;0.311;0.441;0;0;0;0;0;0;0;0
269;1;1;1;1816.469500;1816.666641;1816.668006;805419;148420;148420;1856;1856;2374720;2374772;100.000;1752.497;1752.497;569.945;611.804;569.945;1.360;0.790;0.841;34.633;33.268;1.365;61.583;3.941;197.141;0.465;34.715;1.382;0.500;0;0;0;0;0;0;0;0
270;1;1;1;1816.502808;1816.699642;1816.701239;804474;146600;146600;1833;1833;2345600;2345652;100.000;1471.419;1471.419;562.956;604.296;562.956;1.593;0.772;0.830;33.233;31.636;1.597;51.951;4.806;196.834;0.364;33.001;0.332;0.489;0;0;0;0;0;0;0;0
271;1;1;1;1816.536682;1816.732329;1816.733482;796101;145088;145088;1814;1814;2321408;2321460;100.000;2026.932;2026.932;557.150;598.062;557.150;1.148;0.705;0.755;32.243;31.090;1.153;65.463;3.577;195.647;-0.726;32.687;0.646;0.499;0;0;0;0;0;0;0;0
272;1;1;1;1816.569659;1816.765557;1816.766995;805073;144742;144742;1810;1810;2315872;2315924;100.000;1617.899;1617.899;555.822;596.643;555.822;1.433;0.756;0.806;33.513;32.075;1.438;56.073;4.290;195.898;-0.546;33.228;0.105;0.474;0;0;0;0;0;0;0;0
273;1;1;1;1816.602848;1816.798741;1816.799859;797204;144320;144320;1804;1804;2309120;2309172;100.000;2072.514;2072.514;554.201;594.887;554.201;1.104;0.679;0.728;32.863;31.746;1.118;65.123;3.401;195.893;-1.016;33.183;0.150;0.454;0;0;0;0;0;0;0;0
274;1;1;1;1816.636218;1816.832545;1816.834073;805139;144042;144042;1801;1801;2304672;2304724;100.000;1511.512;1511.512;553.134;593.752;553.134;1.523;0.780;0.830;34.215;32.687;1.528;54.305;4.466;196.327;-0.135;33.805;0.471;0.455;0;0;0;0;0;0;0;0
275;1;1;1;1816.670087;1816.865606;1816.866718;808073;144130;144130;1802;1802;2306080;2306132;100.000;2080.520;2080.520;553.472;594.112;553.472;1.107;0.687;0.738;32.645;31.533;1.112;66.346;3.405;195.519;-0.824;33.061;0.273;0.444;0;0;0;0;0;0;0;0
276;1;1;1;1816.703278;1816.898904;1816.900027;813584;144164;144164;1803;1803;2306624;2306676;100.000;2063.176;2063.176;553.602;594.265;553.602;1.118;0.713;0.762;33.309;32.186;1.122;67.938;3.369;195.626;-0.848;33.298;0.035;0.418;0;0;0;0;0;0;0;0
277;1;1;1;1816.736283;1816.931962;1816.933360;812306;144334;144334;1805;1805;2309344;2309396;100.000;1656.607;1656.607;554.255;594.963;554.255;1.394;0.637;0.686;33.334;31.935;1.398;49.071;4.195;195.679;-0.848;33.057;0.276;0.409;0;0;0;0;0;0;0;0
278;1;1;1;1816.769661;1816.965604;1816.966740;817500;144850;144850;1811;1811;2317600;2317652;100.000;2050.913;2050.913;556.236;597.080;556.236;1.132;0.693;0.743;33.380;32.243;1.136;65.375;3.405;195.942;-0.801;33.642;0.308;0.403;0;0;0;0;0;0;0;0
279;1;1;1;1816.802873;1816.998568;1816.999975;824803;147006;147006;1838;1838;2352096;2352148;100.000;1676.608;1676.608;564.516;605.968;564.516;1.404;0.677;0.727;33.235;31.828;1.408;51.661;4.236;195.695;-0.899;32.964;0.369;0.401;0;0;0;0;0;0;0;0
280;1;1;1;1816.836442;1817.033215;1817.034557;813944;149388;149388;1868;1868;2390208;2390260;100.000;1787.593;1787.593;573.662;615.792;573.662;1.337;0.863;0.915;34.581;33.240;1.341;68.216;3.878;196.774;0.349;34.648;1.315;0.458;0;0;0;0;0;0;0;0
281;1;1;1;1816.869553;1817.067095;1817.068819;815307;150146;150146;1877;1877;2402336;2402388;100.000;1398.617;1398.617;576.573;618.906;576.573;1.720;0.924;0.985;34.263;32.538;1.725;57.092;5.034;197.541;1.278;33.879;0.546;0.463;0;0;0;0;0;0;0;0
282;1;1;1;1816.902889;1817.100529;1817.101930;816329;149960;149960;1875;1875;2399360;2399412;100.000;1719.646;1719.646;575.859;618.146;575.859;1.397;0.829;0.882;33.111;31.709;1.402;62.910;4.233;197.639;1.056;33.434;0.101;0.441;0;0;0;0;0;0;0;0
283;1;1;1;1816.936200;1817.132595;1817.134166;813249;148574;148574;1858;1858;2377184;2377236;100.000;1513.767;1513.767;570.537;612.441;570.537;1.566;0.742;0.793;32.236;30.665;1.571;50.450;4.874;196.395;-0.042;32.066;1.267;0.492;0;0;0;0;0;0;0;0
284;1;1;1;1816.969558;1817.166014;1817.167242;809333;146866;146866;1836;1836;2349856;2349908;100.000;1920.502;1920.502;563.978;605.386;563.978;1.223;0.713;0.774;33.075;31.848;1.227;63.037;3.711;196.456;-0.300;33.419;0.086;0.467;0;0;0;0;0;0;0;0
285;1;1;1;1817.002847;1817.199389;1817.200623;815482;145550;145550;1820;1820;2328800;2328852;100.000;1901.511;1901.511;558.924;599.971;558.924;1.230;0.723;0.773;33.382;32.147;1.234;62.613;3.698;196.542;-0.251;33.375;0.041;0.440;0;0;0;0;0;0;0;0
286;1;1;1;1817.036785;1817.232658;1817.234204;814633;144160;144160;1802;1802;2306560;2306612;100.000;1495.831;1495.831;553.587;594.228;553.587;1.540;0.734;0.789;33.580;32.035;1.545;51.069;4.601;195.874;-0.005;33.269;0.064;0.417;0;0;0;0;0;0;0;0
287;1;1;1;1817.070066;1817.266051;1817.267255;814941;142853;142853;1786;1786;2285648;2285700;100.000;1912.826;1912.826;548.568;588.848;548.568;1.199;0.711;0.760;33.052;31.848;1.204;63.115;3.642;195.985;-0.286;33.393;0.060;0.395;0;0;0;0;0;0;0;0
288;1;1;1;1817.103406;1817.299588;1817.301132;818847;142468;142468;1781;1781;2279488;2279540;100.000;1483.472;1483.472;547.090;587.256;547.090;1.539;0.705;0.754;33.876;32.333;1.543;48.884;4.555;196.182;0.257;33.537;0.204;0.383;0;0;0;0;0;0;0;0
289;1;1;1;1817.136456;1817.332853;1817.334077;824052;142484;142484;1782;1782;2279744;2279796;100.000;1875.495;1875.495;547.151;587.340;547.151;1.219;0.716;0.766;32.946;31.722;1.224;62.562;3.716;196.397;-0.131;33.265;0.069;0.363;0;0;0;0;0;0;0;0
290;1;1;1;1817.169877;1817.365970;1817.367478;835458;143172;143172;1790;1790;2290752;2290804;100.000;1529.397;1529.397;549.793;590.163;549.793;1.504;0.728;0.778;33.401;31.892;1.509;51.539;4.517;196.092;-0.063;33.116;0.217;0.354;0;0;0;0;0;0;0;0
291;1;1;1;1817.203190;1817.399039;1817.400179;819605;143314;143314;1792;1792;2293024;2293076;100.000;2030.814;2030.814;550.338;590.753;550.338;1.136;0.667;0.716;32.701;31.560;1.141;62.759;3.488;195.848;-0.695;33.069;0.264;0.348;0;0;0;0;0;0;0;0
292;1;1;1;1817.236652;1817.432595;1817.434125;827799;143732;143732;1797;1797;2299712;2299764;100.000;1505.067;1505.067;551.943;592.471;551.943;1.525;0.732;0.781;33.945;32.415;1.530;51.073;4.507;195.942;-0.083;33.556;0.223;0.340;0;0;0;0;0;0;0;0
293;1;1;1;1817.269864;1817.465535;1817.466674;830771;144010;144010;1801;1801;2304160;2304212;100.000;2030.136;2030.136;553.011;593.629;553.011;1.134;0.729;0.780;32.549;31.411;1.138;68.493;3.497;195.671;-0.868;32.940;0.393;0.344;0;0;0;0;0;0;0;0
294;1;1;1;1817.303305;1817.498910;1817.500050;835004;145768;145768;1823;1823;2332288;2332340;100.000;2065.187;2065.187;559.762;600.876;559.762;1.136;0.695;0.745;33.376;32.236;1.140;65.339;3.417;195.604;-0.825;33.374;0.041;0.325;0;0;0;0;0;0;0;0
295;1;1;1;1817.336578;1817.532098;1817.533529;814967;148094;148094;1852;1852;2369504;2369556;100.000;1666.301;1666.301;568.693;610.462;568.693;1.426;0.741;0.792;33.479;32.048;1.431;55.339;4.274;195.521;-0.679;33.189;0.144;0.314;0;0;0;0;0;0;0;0
296;1;1;1;1817.369837;1817.594859;1817.595876;818656;149404;149404;1868;1868;2390464;2390516;100.000;2361.386;2361.386;573.724;615.853;573.724;1.015;0.779;0.805;62.347;61.329;1.017;79.151;1.632;225.021;28.335;62.760;29.427;2.133;0;0;0;0;0;0;0;0
297;1;1;1;1817.402991;1817.610339;1817.611746;819807;149370;149370;1868;1868;2389920;2389972;100.000;1701.998;1701.998;573.593;615.723;573.593;1.403;0.503;0.531;15.870;14.463;1.407;37.771;8.866;207.348;10.871;15.480;17.853;3.116;0;0;0;0;0;0;0;0
298;1;1;1;1817.436409;1817.628952;1817.630425;814766;148012;148012;1851;1851;2368192;2368244;100.000;1614.535;1614.535;568.379;610.125;568.379;1.470;0.734;0.763;18.679;17.205;1.473;51.819;7.888;192.543;-3.783;18.613;14.721;3.841;0;0;0;0;0;0;0;0
299;1;1;1;1817.469485;1817.664042;1817.665628;809259;146174;146174;1828;1828;2338784;2338836;100.000;1475.157;1475.157;561.321;602.548;561.321;1.582;0.630;0.659;35.203;33.617;1.587;41.525;4.507;194.557;-1.913;35.090;1.757;3.711;0;0;0;0;0;0;0;0
300;1;1;1;1817.502890;1817.699441;1817.700539;812212;144110;144110;1802;1802;2305760;2305812;100.000;2104.998;2104.998;553.395;594.036;553.395;1.094;0.517;0.546;34.911;33.813;1.098;49.712;3.145;196.552;-0.335;35.400;2.066;3.608;0;0;0;0;0;0;0;0
