frame_id;status;current_skip;camera_send_timestamp;recv_start_timestamp;node_exit_timestamp;original_points;rx_points;tx_points;rx_packets;tx_packets;payload_bytes;data_integrity_pct;internal_throughput_mbs;logical_bitrate_mbps;network_bitrate_mbps;tx_duration_ms;active_tx_ms;active_process_ms;geometry_aggregation_ms;max_r_ms;cycle_ms;header_wait_ms;total_residency_ms;node_efficiency_pct;camera_to_node_latency_ms;schedule_delay_ms;network_jitter_ms;eth_errors;ipv4_errors;udp_errors;nsh_errors;tx_zero_accepts;tx_partial_accepts;tx_resubmit_calls;tx_resubmitted_packets
1;1;1;13583.338714;13583.339018;13583.356991;784142;784142;784142;9802;9802;12546272;100.000;743.697;3011.115;3335.748;17.961;0.673;4.063;2.072;1.063;17.973;0.000;17.973;22.605;0.304;0.000;0.000;0;0;0;0;0;0;0;0
2;1;1;13583.371148;13583.371428;13583.391496;783406;783406;783406;9793;9793;12534496;100.000;658.998;3008.289;3332.623;20.057;0.584;3.965;2.082;1.047;34.505;14.436;20.068;19.755;0.280;-0.924;0.924;0;0;0;0;0;0;0;0
3;1;1;13583.404396;13583.404708;13583.424374;780200;780200;780200;9753;9753;12483200;100.000;670.389;2995.978;3318.987;19.653;0.622;4.026;2.105;1.044;32.878;13.212;19.667;20.471;0.312;-0.977;0.053;0;0;0;0;0;0;0;0
4;1;1;13583.438748;13583.439046;13583.457657;778467;778467;778467;9731;9731;12455472;100.000;708.961;2989.323;3311.604;18.598;0.528;3.863;2.030;1.042;33.283;14.672;18.611;20.756;0.298;0.028;1.005;0;0;0;0;0;0;0;0
5;1;1;13583.471529;13583.471881;13583.491071;776427;776427;776427;9706;9706;12422832;100.000;684.865;2981.489;3302.942;19.175;0.633;3.990;2.056;1.049;33.413;14.224;19.189;20.795;0.353;-0.470;0.498;0;0;0;0;0;0;0;0
6;1;1;13583.505440;13583.505751;13583.524229;774893;774893;774893;9687;9687;12398288;100.000;710.917;2975.599;3296.423;18.466;0.524;3.873;2.049;1.037;33.159;14.680;18.478;20.957;0.311;0.066;0.536;0;0;0;0;0;0;0;0
7;1;1;13583.538799;13583.539108;13583.557510;775949;775949;775949;9700;9700;12415184;100.000;714.947;2979.654;3300.908;18.389;0.597;3.907;2.022;1.036;33.281;14.879;18.402;21.233;0.309;0.090;0.024;0;0;0;0;0;0;0;0
8;1;1;13583.570913;13583.571188;13583.590852;775463;775463;775463;9694;9694;12407408;100.000;666.328;2977.788;3298.843;19.652;0.588;3.938;2.055;1.042;33.342;13.678;19.664;20.028;0.276;-1.163;1.253;0;0;0;0;0;0;0;0
9;1;1;13583.605317;13583.605622;13583.624062;775698;775698;775698;9697;9697;12411168;100.000;714.973;2978.690;3299.845;18.407;0.642;3.962;2.029;1.044;33.210;14.770;18.440;21.485;0.305;-0.063;1.100;0;0;0;0;0;0;0;0
10;1;1;13583.637481;13583.637741;13583.657226;778020;778020;778020;9726;9726;12448320;100.000;675.086;2987.606;3309.722;19.473;0.577;3.940;2.062;1.044;33.163;13.678;19.485;20.219;0.260;-1.278;1.215;0;0;0;0;0;0;0;0
11;1;1;13583.671903;13583.672210;13583.690655;778554;778554;778554;9732;9732;12456864;100.000;715.789;2989.657;3311.971;18.432;0.579;3.897;2.025;1.041;33.429;14.984;18.445;21.128;0.306;-0.142;1.136;0;0;0;0;0;0;0;0
12;1;1;13583.705249;13583.705563;13583.723973;779986;779986;779986;9750;9750;12479776;100.000;718.564;2995.156;3318.066;18.397;0.527;3.857;2.039;1.040;33.318;14.908;18.409;20.954;0.314;-0.122;0.020;0;0;0;0;0;0;0;0
13;1;1;13583.738583;13583.738901;13583.757403;780926;780926;780926;9762;9762;12494816;100.000;717.257;2998.765;3322.073;18.489;0.596;3.983;2.048;1.080;33.430;14.928;18.502;21.528;0.318;-0.117;0.004;0;0;0;0;0;0;0;0
14;1;1;13583.772005;13583.772312;13583.790873;782770;782770;782770;9785;9785;12524320;100.000;715.141;3005.846;3329.916;18.549;0.521;3.876;2.054;1.046;33.470;14.909;18.561;20.885;0.307;-0.039;0.078;0;0;0;0;0;0;0;0
15;1;1;13583.805409;13583.805716;13583.824320;784474;784474;784474;9806;9806;12551584;100.000;716.754;3012.390;3337.155;18.591;0.650;4.068;2.112;1.055;33.447;14.842;18.605;21.867;0.307;0.031;0.070;0;0;0;0;0;0;0;0
16;1;1;13583.838721;13583.839022;13583.857785;785193;785193;785193;9815;9815;12563088;100.000;709.494;3015.151;3340.214;18.750;0.535;3.906;2.060;1.055;33.465;14.701;18.763;20.815;0.301;0.003;0.027;0;0;0;0;0;0;0;0
17;1;1;13583.872075;13583.872380;13583.891169;782720;782720;782720;9784;9784;12523520;100.000;705.919;3005.654;3329.691;18.777;0.591;3.949;2.053;1.047;33.384;14.595;18.789;21.018;0.304;0.028;0.025;0;0;0;0;0;0;0;0
18;1;1;13583.905419;13583.905724;13583.924457;781613;781613;781613;9771;9771;12505808;100.000;707.096;3001.404;3325.009;18.721;0.532;3.896;2.063;1.046;33.288;14.555;18.734;20.799;0.305;0.039;0.010;0;0;0;0;0;0;0;0
19;1;1;13583.938735;13583.939038;13583.957683;780006;780006;780006;9751;9751;12480096;100.000;709.346;2995.233;3318.176;18.631;0.612;3.976;2.056;1.049;33.226;14.581;18.645;21.324;0.303;0.020;0.019;0;0;0;0;0;0;0;0
20;1;1;13583.972055;13583.972363;13583.990949;780302;780302;780302;9754;9754;12484832;100.000;711.821;2996.369;3319.412;18.568;0.525;3.868;2.045;1.045;33.266;14.680;18.586;20.813;0.308;0.012;0.008;0;0;0;0;0;0;0;0
21;1;1;13584.004543;13584.004906;13584.024426;779066;779066;779066;9739;9739;12465056;100.000;674.674;2991.623;3314.169;19.505;0.652;4.021;2.071;1.043;33.477;13.957;19.520;20.598;0.363;-0.779;0.790;0;0;0;0;0;0;0;0
22;1;1;13584.038747;13584.039051;13584.057707;778280;778280;778280;9729;9729;12452480;100.000;706.967;2988.605;3310.820;18.643;0.527;3.869;2.048;1.041;33.281;14.625;18.656;20.739;0.304;0.033;0.811;0;0;0;0;0;0;0;0
23;1;1;13584.072088;13584.072403;13584.091271;778907;778907;778907;9737;9737;12462512;100.000;700.132;2991.012;3313.492;18.856;0.656;4.031;2.055;1.067;33.564;14.696;18.868;21.365;0.315;0.051;0.019;0;0;0;0;0;0;0;0
24;1;1;13584.104310;13584.104595;13584.124822;779289;779289;779289;9742;9742;12468624;100.000;650.253;2992.479;3315.125;20.215;0.642;4.014;2.061;1.051;33.551;13.324;20.227;19.845;0.285;-1.090;1.141;0;0;0;0;0;0;0;0
25;1;1;13584.138060;13584.138415;13584.157639;779739;779739;779739;9747;9747;12475824;100.000;687.859;2994.207;3317.018;19.212;0.711;4.057;2.042;1.047;32.817;13.592;19.225;21.105;0.355;-0.604;0.486;0;0;0;0;0;0;0;0
26;1;1;13584.172074;13584.172376;13584.191109;779364;779364;779364;9743;9743;12469824;100.000;705.048;2992.767;3315.446;18.720;0.529;3.874;2.047;1.045;33.470;14.737;18.733;20.680;0.302;0.025;0.628;0;0;0;0;0;0;0;0
27;1;1;13584.205435;13584.205746;13584.224420;780025;780025;780025;9751;9751;12480400;100.000;707.871;2995.306;3318.249;18.661;0.571;3.919;2.044;1.041;33.311;14.637;18.673;20.984;0.311;0.062;0.037;0;0;0;0;0;0;0;0
28;1;1;13584.238704;13584.239014;13584.257749;780373;780373;780373;9755;9755;12485968;100.000;705.960;2996.642;3319.718;18.703;0.521;3.872;2.051;1.046;33.329;14.595;18.735;20.670;0.310;-0.004;0.065;0;0;0;0;0;0;0;0
29;1;1;13584.272076;13584.272393;13584.291152;781651;781651;781651;9771;9771;12506416;100.000;706.299;3001.549;3325.155;18.746;0.602;3.967;2.060;1.051;33.403;14.645;18.759;21.146;0.317;0.042;0.046;0;0;0;0;0;0;0;0
30;1;1;13584.305409;13584.305712;13584.324430;781375;781375;781375;9768;9768;12502000;100.000;707.917;3000.490;3323.996;18.705;0.532;3.894;2.053;1.057;33.278;14.560;18.718;20.803;0.303;0.028;0.014;0;0;0;0;0;0;0;0
31;1;1;13584.337517;13584.337801;13584.357780;784392;784392;784392;9805;9805;12550272;100.000;662.942;3012.075;3336.807;19.967;0.665;4.042;2.077;1.046;33.349;13.370;19.979;20.233;0.284;-1.218;1.245;0;0;0;0;0;0;0;0
32;1;1;13584.372086;13584.372399;13584.391232;782671;782671;782671;9784;9784;12522736;100.000;704.054;3005.466;3329.503;18.820;0.548;3.887;2.047;1.045;33.453;14.620;18.833;20.639;0.313;0.048;1.265;0;0;0;0;0;0;0;0
33;1;1;13584.405350;13584.405657;13584.424412;776999;776999;776999;9713;9713;12431984;100.000;701.814;2983.686;3305.371;18.743;0.648;3.962;2.028;1.040;33.180;14.425;18.756;21.124;0.307;-0.028;0.076;0;0;0;0;0;0;0;0
34;1;1;13584.438747;13584.439055;13584.457736;778650;778650;778650;9734;9734;12458400;100.000;706.291;2990.026;3312.406;18.667;0.541;3.871;2.043;1.041;33.323;14.642;18.681;20.719;0.307;0.037;0.065;0;0;0;0;0;0;0;0
35;1;1;13584.472071;13584.472381;13584.491014;778007;778007;778007;9726;9726;12448112;100.000;709.162;2987.556;3309.672;18.620;0.691;4.017;2.038;1.041;33.278;14.645;18.633;21.561;0.310;0.030;0.007;0;0;0;0;0;0;0;0
36;1;1;13584.505371;13584.505678;13584.524333;776483;776483;776483;9707;9707;12423728;100.000;705.283;2981.704;3303.191;18.641;0.533;3.867;2.050;1.038;33.319;14.664;18.655;20.730;0.307;-0.007;0.036;0;0;0;0;0;0;0;0
37;1;1;13584.538733;13584.539040;13584.557757;781287;781287;781287;9767;9767;12500592;100.000;707.449;3000.152;3323.625;18.705;0.600;3.930;2.037;1.046;33.424;14.707;18.717;20.998;0.307;0.022;0.029;0;0;0;0;0;0;0;0
38;1;1;13584.572074;13584.572379;13584.591178;780329;780329;780329;9755;9755;12485264;100.000;703.301;2996.473;3319.549;18.786;0.541;3.894;2.050;1.045;33.420;14.622;18.799;20.712;0.305;0.027;0.005;0;0;0;0;0;0;0;0
39;1;1;13584.605272;13584.605621;13584.624548;780785;780785;780785;9760;9760;12492560;100.000;698.607;2998.224;3321.466;18.913;0.630;3.975;2.049;1.043;33.370;14.444;18.927;21.002;0.349;-0.064;0.091;0;0;0;0;0;0;0;0
40;1;1;13584.638714;13584.639049;13584.658056;785430;785430;785430;9818;9818;12566880;100.000;700.175;3016.061;3341.223;18.993;0.553;3.918;2.059;1.057;33.508;14.501;19.007;20.612;0.335;0.031;0.094;0;0;0;0;0;0;0;0
41;1;1;13584.672054;13584.672360;13584.691409;789479;789479;789479;9869;9869;12631664;100.000;702.077;3031.609;3358.461;19.036;0.639;4.013;2.064;1.056;33.353;14.304;19.049;21.066;0.306;0.009;0.022;0;0;0;0;0;0;0;0
42;1;1;13584.705380;13584.705681;13584.724757;789348;789348;789348;9867;9867;12629568;100.000;700.853;3031.106;3357.891;19.063;0.592;3.953;2.056;1.055;33.348;14.271;19.076;20.723;0.300;-0.004;0.013;0;0;0;0;0;0;0;0
43;1;1;13584.738621;13584.738972;13584.758244;792714;792714;792714;9909;9909;12683424;100.000;696.691;3044.031;3372.208;19.258;0.539;3.930;2.075;1.065;33.487;14.216;19.272;20.393;0.351;-0.046;0.042;0;0;0;0;0;0;0;0
44;1;1;13584.772018;13584.772346;13584.791551;790865;790865;790865;9886;9886;12653840;100.000;697.335;3036.931;3364.346;19.192;0.640;4.034;2.081;1.057;33.307;14.102;19.205;21.005;0.328;-0.006;0.040;0;0;0;0;0;0;0;0
45;1;1;13584.805296;13584.805632;13584.824747;787976;787976;787976;9850;9850;12607616;100.000;699.486;3025.837;3352.060;19.101;0.601;3.959;2.056;1.053;33.195;14.081;19.114;20.715;0.336;-0.053;0.047;0;0;0;0;0;0;0;0
46;1;1;13584.837536;13584.837817;13584.858036;789717;789717;789717;9872;9872;12635472;100.000;659.487;3032.523;3359.474;20.206;0.599;3.980;2.072;1.058;33.289;13.070;20.219;19.686;0.281;-1.201;1.148;0;0;0;0;0;0;0;0
47;1;1;13584.872042;13584.872338;13584.891438;784950;784950;784950;9812;9812;12559200;100.000;695.717;3014.218;3339.181;19.070;0.633;3.982;2.055;1.046;33.402;14.303;19.100;20.848;0.296;-0.013;1.188;0;0;0;0;0;0;0;0
48;1;1;13584.905303;13584.905634;13584.924591;781130;781130;781130;9765;9765;12498080;100.000;697.821;2999.549;3322.956;18.944;0.548;3.892;2.050;1.045;33.153;14.196;18.956;20.530;0.332;-0.051;0.037;0;0;0;0;0;0;0;0
49;1;1;13584.938434;13584.938807;13584.957991;780468;780468;780468;9756;9756;12487488;100.000;688.396;2997.007;3320.116;19.170;0.646;3.989;2.054;1.042;33.400;14.217;19.184;20.795;0.373;-0.211;0.160;0;0;0;0;0;0;0;0
50;1;1;13584.971660;13584.972034;13584.991582;783376;783376;783376;9793;9793;12534016;100.000;677.569;3008.173;3332.508;19.534;0.601;3.970;2.070;1.049;33.591;14.043;19.549;20.308;0.374;-0.318;0.107;0;0;0;0;0;0;0;0
51;1;1;13585.004973;13585.005336;13585.024829;787237;787237;787237;9841;9841;12595792;100.000;684.771;3023.000;3348.924;19.479;0.720;4.102;2.068;1.058;33.246;13.754;19.493;21.045;0.363;-0.349;0.031;0;0;0;0;0;0;0;0
52;1;1;13585.037683;13585.037971;13585.058080;787734;787734;787734;9847;9847;12603744;100.000;661.454;3024.908;3351.031;20.096;0.590;3.979;2.085;1.053;33.251;13.143;20.109;19.786;0.288;-1.047;0.698;0;0;0;0;0;0;0;0
53;1;1;13585.072036;13585.072335;13585.091445;787059;787059;787059;9839;9839;12592944;100.000;697.439;3022.316;3348.174;19.097;0.635;4.000;2.064;1.052;33.365;14.255;19.109;20.933;0.299;-0.016;1.031;0;0;0;0;0;0;0;0
54;1;1;13585.105351;13585.105648;13585.124937;786051;786051;786051;9826;9826;12576816;100.000;689.691;3018.445;3343.873;19.277;0.559;3.927;2.061;1.053;33.493;14.203;19.289;20.357;0.297;-0.037;0.021;0;0;0;0;0;0;0;0
55;1;1;13585.138614;13585.138981;13585.158415;796213;796213;796213;9953;9953;12739408;100.000;695.141;3057.468;3387.101;19.421;0.711;4.123;2.089;1.070;33.478;14.044;19.434;21.214;0.367;-0.037;0.000;0;0;0;0;0;0;0;0
56;1;1;13585.171941;13585.172310;13585.191578;790191;790191;790191;9878;9878;12643056;100.000;694.297;3034.343;3361.493;19.254;0.544;3.929;2.072;1.056;33.163;13.895;19.268;20.393;0.369;-0.041;0.004;0;0;0;0;0;0;0;0
57;1;1;13585.205072;13585.205439;13585.225176;798808;798808;798808;9986;9986;12780928;100.000;684.684;3067.432;3398.159;19.723;0.642;4.070;2.105;1.069;33.598;13.861;19.737;20.624;0.367;-0.246;0.204;0;0;0;0;0;0;0;0
58;1;1;13585.238179;13585.238455;13585.258361;797924;797924;797924;9975;9975;12766784;100.000;677.935;3064.038;3394.400;19.894;0.633;4.053;2.095;1.073;33.185;13.279;19.906;20.361;0.276;-0.563;0.318;0;0;0;0;0;0;0;0
59;1;1;13585.271989;13585.272330;13585.291744;794477;794477;794477;9931;9931;12711632;100.000;692.718;3050.801;3379.706;19.402;0.559;3.951;2.079;1.063;33.383;13.969;19.415;20.352;0.340;-0.022;0.541;0;0;0;0;0;0;0;0
60;1;1;13585.305303;13585.305657;13585.325085;789053;789053;789053;9864;9864;12624848;100.000;688.771;3029.973;3356.659;19.414;0.722;4.097;2.070;1.059;33.341;13.913;19.428;21.087;0.354;-0.028;0.006;0;0;0;0;0;0;0;0
61;1;1;13585.338579;13585.338943;13585.358086;783874;783874;783874;9799;9799;12541984;100.000;693.286;3010.086;3334.619;19.130;0.545;3.902;2.056;1.052;33.001;13.858;19.143;20.385;0.364;-0.075;0.047;0;0;0;0;0;0;0;0
62;1;1;13585.371924;13585.372269;13585.391459;782785;782785;782785;9785;9785;12524560;100.000;690.433;3005.904;3329.974;19.177;0.641;3.987;2.044;1.048;33.373;14.183;19.190;20.778;0.345;-0.082;0.007;0;0;0;0;0;0;0;0
63;1;1;13585.405298;13585.405614;13585.424654;782791;782791;782791;9785;9785;12524656;100.000;696.136;3005.927;3329.997;19.027;0.547;3.894;2.047;1.046;33.195;14.156;19.039;20.452;0.316;-0.070;0.012;0;0;0;0;0;0;0;0
64;1;1;13585.438614;13585.438947;13585.457999;782127;782127;782127;9777;9777;12514032;100.000;695.064;3003.377;3327.182;19.039;0.648;4.006;2.057;1.047;33.345;14.293;19.052;21.028;0.332;-0.071;0.001;0;0;0;0;0;0;0;0
65;1;1;13585.472035;13585.472339;13585.491355;785507;785507;785507;9819;9819;12568112;100.000;699.894;3016.356;3341.552;19.003;0.550;3.916;2.054;1.057;33.356;14.340;19.016;20.594;0.304;-0.012;0.059;0;0;0;0;0;0;0;0
66;1;1;13585.505396;13585.505701;13585.524867;789017;789017;789017;9863;9863;12624272;100.000;697.054;3029.835;3356.488;19.136;0.672;4.056;2.069;1.054;33.512;14.346;19.166;21.161;0.306;0.017;0.029;0;0;0;0;0;0;0;0
67;1;1;13585.538579;13585.538951;13585.558286;789641;789641;789641;9871;9871;12634256;100.000;693.011;3032.231;3359.149;19.322;0.690;4.070;2.053;1.063;33.419;14.084;19.336;21.047;0.372;-0.067;0.084;0;0;0;0;0;0;0;0
68;1;1;13585.571093;13585.571470;13585.591443;784718;784718;784718;9809;9809;12555488;100.000;663.705;3013.327;3338.191;19.958;0.599;3.980;2.071;1.054;33.157;13.184;19.973;19.926;0.377;-0.881;0.814;0;0;0;0;0;0;0;0
69;1;1;13585.605212;13585.605559;13585.624595;778159;778159;778159;9727;9727;12450544;100.000;692.381;2988.140;3310.289;19.023;0.645;3.995;2.040;1.052;33.152;14.116;19.036;20.985;0.347;-0.126;0.755;0;0;0;0;0;0;0;0
70;1;1;13585.638646;13585.638951;13585.657859;776327;776327;776327;9705;9705;12421232;100.000;695.400;2981.105;3302.525;18.894;0.549;3.880;2.034;1.045;33.264;14.356;18.908;20.518;0.305;-0.067;0.059;0;0;0;0;0;0;0;0
71;1;1;13585.672064;13585.672371;13585.691447;786883;786883;786883;9837;9837;12590128;100.000;698.667;3021.640;3347.432;19.063;0.616;3.970;2.044;1.054;33.588;14.512;19.076;20.810;0.307;0.020;0.087;0;0;0;0;0;0;0;0
72;1;1;13585.705357;13585.705668;13585.724820;787146;787146;787146;9840;9840;12594336;100.000;695.895;3022.650;3348.541;19.139;0.564;3.928;2.048;1.053;33.373;14.221;19.152;20.511;0.311;-0.017;0.037;0;0;0;0;0;0;0;0
73;1;1;13585.738620;13585.738938;13585.758027;781047;781047;781047;9764;9764;12496752;100.000;692.885;2999.230;3322.604;19.076;0.654;4.010;2.051;1.051;33.207;14.119;19.088;21.007;0.319;-0.080;0.063;0;0;0;0;0;0;0;0
74;1;1;13585.771998;13585.772305;13585.791330;782459;782459;782459;9781;9781;12519344;100.000;696.608;3004.652;3328.589;19.011;0.563;3.909;2.037;1.051;33.303;14.279;19.024;20.545;0.307;-0.046;0.033;0;0;0;0;0;0;0;0
75;1;1;13585.805305;13585.805608;13585.824783;781579;781579;781579;9770;9770;12505264;100.000;691.540;3001.273;3324.846;19.161;0.734;4.087;2.053;1.050;33.453;14.278;19.175;21.313;0.303;-0.077;0.031;0;0;0;0;0;0;0;0
76;1;1;13585.838378;13585.838744;13585.858169;784181;784181;784181;9803;9803;12546896;100.000;682.883;3011.265;3335.930;19.410;0.565;3.931;2.056;1.050;33.386;13.961;19.425;20.239;0.366;-0.274;0.198;0;0;0;0;0;0;0;0
77;1;1;13585.871975;13585.872288;13585.891456;782861;782861;782861;9786;9786;12525776;100.000;691.300;3006.196;3330.299;19.156;0.615;3.959;2.042;1.048;33.288;14.119;19.169;20.654;0.312;-0.064;0.211;0;0;0;0;0;0;0;0
78;1;1;13585.905263;13585.905593;13585.924636;779451;779451;779451;9744;9744;12471216;100.000;692.923;2993.101;3315.813;19.030;0.558;3.895;2.038;1.044;33.180;14.137;19.043;20.451;0.330;-0.092;0.028;0;0;0;0;0;0;0;0
79;1;1;13585.938700;13585.939006;13585.958095;784719;784719;784719;9809;9809;12555504;100.000;696.102;3013.331;3338.195;19.076;0.624;3.971;2.043;1.050;33.458;14.369;19.089;20.802;0.306;-0.012;0.080;0;0;0;0;0;0;0;0
80;1;1;13585.971965;13585.972277;13585.991354;780701;780701;780701;9759;9759;12491216;100.000;692.730;2997.901;3321.110;19.064;0.557;3.892;2.038;1.043;33.260;14.182;19.077;20.399;0.312;-0.075;0.062;0;0;0;0;0;0;0;0
81;1;1;13586.005279;13586.005598;13586.024785;785754;785754;785754;9822;9822;12572064;100.000;693.348;3017.305;3342.600;19.173;0.660;4.010;2.042;1.052;33.431;14.244;19.187;20.900;0.319;-0.086;0.012;0;0;0;0;0;0;0;0
82;1;1;13586.038482;13586.038849;13586.058130;783308;783308;783308;9792;9792;12532928;100.000;687.369;3007.912;3332.214;19.268;0.579;3.931;2.050;1.047;33.345;14.064;19.282;20.387;0.366;-0.170;0.083;0;0;0;0;0;0;0;0
83;1;1;13586.070985;13586.071274;13586.091437;782737;782737;782737;9785;9785;12523792;100.000;656.952;3005.720;3329.789;20.151;0.748;4.128;2.075;1.053;33.307;13.144;20.163;20.474;0.289;-1.077;0.908;0;0;0;0;0;0;0;0
84;1;1;13586.105295;13586.105610;13586.124720;781874;781874;781874;9774;9774;12509984;100.000;692.545;3002.406;3326.111;19.097;0.554;3.898;2.045;1.045;33.283;14.173;19.110;20.398;0.315;-0.075;1.002;0;0;0;0;0;0;0;0
85;1;1;13586.137379;13586.137661;13586.158470;780545;780545;780545;9757;9757;12488720;100.000;632.699;2997.302;3320.445;20.787;0.717;4.118;2.077;1.069;33.750;12.941;20.809;19.788;0.283;-1.357;1.282;0;0;0;0;0;0;0;0
86;1;1;13586.171701;13586.172067;13586.192056;778343;778343;778343;9730;9730;12453488;100.000;657.338;2988.847;3311.095;19.976;0.613;3.962;2.047;1.043;33.585;13.597;19.989;19.820;0.366;-0.284;1.072;0;0;0;0;0;0;0;0
87;1;1;13586.205067;13586.205432;13586.224775;778458;778458;778458;9731;9731;12455328;100.000;680.889;2989.288;3311.569;19.330;0.665;4.001;2.033;1.049;32.719;13.376;19.343;20.683;0.365;-0.253;0.032;0;0;0;0;0;0;0;0
88;1;1;13586.238576;13586.238909;13586.258207;778592;778592;778592;9733;9733;12457472;100.000;682.527;2989.803;3312.150;19.284;0.560;3.900;2.033;1.045;33.432;14.135;19.298;20.209;0.333;-0.109;0.144;0;0;0;0;0;0;0;0
89;1;1;13586.271969;13586.272281;13586.291351;779952;779952;779952;9750;9750;12479232;100.000;693.922;2995.025;3317.936;19.058;0.693;4.037;2.046;1.048;33.144;14.074;19.071;21.170;0.312;-0.071;0.038;0;0;0;0;0;0;0;0
90;1;1;13586.305322;13586.305626;13586.324709;779674;779674;779674;9746;9746;12474784;100.000;691.587;2993.958;3316.736;19.070;0.547;3.880;2.036;1.043;33.357;14.275;19.082;20.333;0.305;-0.059;0.012;0;0;0;0;0;0;0;0
91;1;1;13586.338632;13586.338936;13586.358051;781083;781083;781083;9764;9764;12497328;100.000;691.750;2999.368;3322.742;19.101;0.623;3.961;2.036;1.048;33.342;14.227;19.115;20.724;0.303;-0.082;0.024;0;0;0;0;0;0;0;0
92;1;1;13586.372001;13586.372314;13586.391437;780537;780537;780537;9757;9757;12488592;100.000;690.852;2997.272;3320.414;19.110;0.561;3.902;2.043;1.044;33.386;14.263;19.123;20.403;0.314;-0.037;0.045;0;0;0;0;0;0;0;0
93;1;1;13586.405242;13586.405560;13586.424507;773046;773046;773046;9664;9664;12368736;100.000;690.802;2968.506;3288.568;18.935;0.644;3.951;2.017;1.040;33.070;14.123;18.947;20.855;0.317;-0.125;0.088;0;0;0;0;0;0;0;0
94;1;1;13586.438623;13586.438928;13586.457772;770822;770822;770822;9636;9636;12333152;100.000;692.570;2959.966;3279.101;18.831;0.554;3.845;2.007;1.035;33.265;14.421;18.844;20.407;0.305;-0.090;0.035;0;0;0;0;0;0;0;0
95;1;1;13586.472044;13586.472363;13586.491352;778859;778859;778859;9736;9736;12461744;100.000;695.917;2990.828;3313.275;18.977;0.620;3.953;2.036;1.043;33.580;14.591;18.990;20.815;0.319;0.011;0.101;0;0;0;0;0;0;0;0
96;1;1;13586.505335;13586.505651;13586.524692;778333;778333;778333;9730;9730;12453328;100.000;691.863;2988.808;3311.056;19.028;0.551;3.882;2.037;1.041;33.340;14.298;19.042;20.386;0.316;-0.034;0.045;0;0;0;0;0;0;0;0
97;1;1;13586.538672;13586.538978;13586.558091;782798;782798;782798;9785;9785;12524768;100.000;693.432;3005.954;3330.024;19.100;0.634;3.992;2.053;1.049;33.399;14.286;19.113;20.888;0.307;-0.040;0.006;0;0;0;0;0;0;0;0
98;1;1;13586.571927;13586.572261;13586.591485;781418;781418;781418;9768;9768;12502688;100.000;687.885;3000.655;3324.161;19.211;0.559;3.903;2.043;1.047;33.394;14.170;19.223;20.305;0.335;-0.090;0.050;0;0;0;0;0;0;0;0
99;1;1;13586.605269;13586.605584;13586.624700;777382;777382;777382;9718;9718;12438112;100.000;688.335;2985.156;3307.007;19.103;0.663;3.997;2.034;1.045;33.216;14.099;19.117;20.909;0.315;-0.101;0.011;0;0;0;0;0;0;0;0
100;1;1;13586.638563;13586.638923;13586.658091;778267;778267;778267;9729;9729;12452272;100.000;687.068;2988.555;3310.770;19.154;0.565;3.896;2.037;1.043;33.391;14.223;19.168;20.325;0.360;-0.095;0.006;0;0;0;0;0;0;0;0
101;1;1;13586.671988;13586.672297;13586.691436;780699;780699;780699;9759;9759;12491184;100.000;690.418;2997.894;3321.102;19.126;0.649;3.981;2.039;1.044;33.345;14.206;19.139;20.801;0.309;-0.054;0.040;0;0;0;0;0;0;0;0
102;1;1;13586.705295;13586.705600;13586.724725;780328;780328;780328;9755;9755;12485248;100.000;690.536;2996.469;3319.545;19.112;0.564;3.904;2.050;1.043;33.290;14.165;19.125;20.415;0.305;-0.085;0.030;0;0;0;0;0;0;0;0
103;1;1;13586.738641;13586.738948;13586.758215;782351;782351;782351;9780;9780;12517616;100.000;688.681;3004.237;3328.141;19.249;0.720;4.054;2.038;1.049;33.489;14.222;19.267;21.039;0.306;-0.070;0.014;0;0;0;0;0;0;0;0
104;1;1;13586.771982;13586.772307;13586.791671;782164;782164;782164;9778;9778;12514624;100.000;683.291;3003.519;3327.357;19.337;0.571;3.918;2.045;1.047;33.456;14.093;19.364;20.233;0.325;-0.044;0.026;0;0;0;0;0;0;0;0
105;1;1;13586.805234;13586.805577;13586.824931;783021;783021;783021;9788;9788;12528336;100.000;684.373;3006.810;3330.979;19.340;0.662;4.016;2.057;1.046;33.260;13.906;19.354;20.752;0.343;-0.108;0.064;0;0;0;0;0;0;0;0
106;1;1;13586.838541;13586.838852;13586.858500;786829;786829;786829;9836;9836;12589264;100.000;677.082;3021.433;3347.192;19.634;0.573;3.953;2.077;1.053;33.569;13.921;19.648;20.121;0.311;-0.166;0.058;0;0;0;0;0;0;0;0
107;1;1;13586.871863;13586.872231;13586.891879;789365;789365;789365;9868;9868;12629840;100.000;679.609;3031.171;3357.990;19.633;0.667;4.074;2.092;1.063;33.379;13.731;19.648;20.735;0.367;-0.121;0.046;0;0;0;0;0;0;0;0
108;1;1;13586.905199;13586.905577;13586.925148;790807;790807;790807;9886;9886;12652912;100.000;683.534;3036.708;3364.123;19.558;0.625;4.015;2.069;1.059;33.269;13.698;19.571;20.515;0.378;-0.108;0.012;0;0;0;0;0;0;0;0
109;1;1;13586.938426;13586.938800;13586.958476;789334;789334;789334;9867;9867;12629344;100.000;678.958;3031.052;3357.838;19.661;0.574;3.984;2.075;1.073;33.328;13.653;19.675;20.251;0.374;-0.218;0.110;0;0;0;0;0;0;0;0
110;1;1;13586.971826;13586.972200;13586.991644;783753;783753;783753;9797;9797;12540048;100.000;681.821;3009.621;3334.088;19.430;0.669;4.026;2.047;1.050;33.169;13.725;19.444;20.705;0.374;-0.151;0.067;0;0;0;0;0;0;0;0
111;1;1;13587.005207;13587.005565;13587.024945;781240;781240;781240;9766;9766;12499840;100.000;681.809;2999.971;3323.412;19.367;0.582;3.928;2.045;1.046;33.301;13.921;19.381;20.266;0.357;-0.120;0.031;0;0;0;0;0;0;0;0
112;1;1;13587.038574;13587.038916;13587.058251;781247;781247;781247;9766;9766;12499952;100.000;685.127;2999.998;3323.438;19.323;0.691;4.085;2.090;1.050;33.306;13.971;19.335;21.129;0.343;-0.102;0.018;0;0;0;0;0;0;0;0
113;1;1;13587.071847;13587.072214;13587.091565;783523;783523;783523;9795;9795;12536368;100.000;685.007;3008.738;3333.139;19.336;0.570;3.929;2.054;1.048;33.313;13.963;19.350;20.302;0.368;-0.137;0.035;0;0;0;0;0;0;0;0
114;1;1;13587.104299;13587.104642;13587.124819;783046;783046;783046;9789;9789;12528736;100.000;654.975;3006.906;3331.108;20.163;0.681;4.055;2.064;1.047;33.255;13.078;20.177;20.100;0.343;-1.043;0.905;0;0;0;0;0;0;0;0
115;1;1;13587.138646;13587.138961;13587.158277;785712;785712;785712;9822;9822;12571392;100.000;688.304;3017.144;3342.439;19.303;0.580;3.944;2.052;1.050;33.458;14.142;19.316;20.419;0.314;-0.057;0.985;0;0;0;0;0;0;0;0
116;1;1;13587.171946;13587.172287;13587.191694;788409;788409;788409;9856;9856;12614544;100.000;687.421;3027.500;3353.921;19.393;0.674;4.052;2.062;1.055;33.417;14.010;19.407;20.881;0.341;-0.065;0.007;0;0;0;0;0;0;0;0
117;1;1;13587.205170;13587.205548;13587.224949;785289;785289;785289;9817;9817;12564624;100.000;684.844;3015.519;3340.649;19.388;0.590;3.953;2.052;1.053;33.255;13.854;19.401;20.373;0.378;-0.137;0.072;0;0;0;0;0;0;0;0
118;1;1;13587.238583;13587.238921;13587.258278;784314;784314;784314;9804;9804;12549024;100.000;687.634;3011.775;3336.474;19.344;0.737;4.116;2.060;1.064;33.329;13.972;19.357;21.263;0.338;-0.097;0.040;0;0;0;0;0;0;0;0
119;1;1;13587.271947;13587.272279;13587.291568;784830;784830;784830;9811;9811;12557280;100.000;688.446;3013.757;3338.688;19.274;0.549;3.912;2.043;1.047;33.290;14.002;19.289;20.281;0.332;-0.072;0.025;0;0;0;0;0;0;0;0
120;1;1;13587.305281;13587.305612;13587.324973;784742;784742;784742;9810;9810;12555872;100.000;685.819;3013.419;3338.316;19.347;0.659;4.016;2.045;1.052;33.405;14.044;19.361;20.742;0.330;-0.073;0.001;0;0;0;0;0;0;0;0
121;1;1;13587.338583;13587.338925;13587.358367;787186;787186;787186;9840;9840;12594976;100.000;685.152;3022.804;3348.695;19.428;0.570;3.946;2.063;1.057;33.394;13.953;19.441;20.299;0.343;-0.093;0.019;0;0;0;0;0;0;0;0
122;1;1;13587.370796;13587.371078;13587.391736;792161;792161;792161;9903;9903;12674576;100.000;648.402;3041.908;3369.886;20.646;0.771;4.193;2.095;1.068;33.370;12.712;20.658;20.299;0.283;-1.273;1.180;0;0;0;0;0;0;0;0
123;1;1;13587.405195;13587.405565;13587.425022;788290;788290;788290;9854;9854;12612640;100.000;685.523;3027.043;3353.398;19.426;0.567;3.935;2.055;1.057;33.286;13.828;19.458;20.221;0.370;-0.120;1.153;0;0;0;0;0;0;0;0
124;1;1;13587.438566;13587.438927;13587.458402;789222;789222;789222;9866;9866;12627552;100.000;685.551;3030.622;3357.374;19.461;0.663;4.028;2.053;1.054;33.379;13.905;19.474;20.681;0.361;-0.091;0.030;0;0;0;0;0;0;0;0
125;1;1;13587.471870;13587.472241;13587.491680;787173;787173;787173;9840;9840;12594768;100.000;685.125;3022.754;3348.645;19.424;0.578;3.959;2.065;1.053;33.278;13.840;19.438;20.366;0.371;-0.110;0.019;0;0;0;0;0;0;0;0
126;1;1;13587.505129;13587.505497;13587.524763;776279;776279;776279;9704;9704;12420464;100.000;682.970;2980.921;3302.308;19.251;0.726;4.041;2.018;1.042;33.083;13.817;19.266;20.977;0.368;-0.188;0.078;0;0;0;0;0;0;0;0
127;1;1;13587.538602;13587.538912;13587.557922;773912;773912;773912;9674;9674;12382592;100.000;689.177;2971.832;3292.225;18.997;0.553;3.876;2.022;1.042;33.159;14.150;19.010;20.390;0.311;-0.106;0.082;0;0;0;0;0;0;0;0
128;1;1;13587.571962;13587.572276;13587.591453;773302;773302;773302;9667;9667;12372832;100.000;683.371;2969.489;3289.651;19.164;0.589;3.951;2.035;1.071;33.531;14.353;19.177;20.601;0.313;-0.076;0.030;0;0;0;0;0;0;0;0
129;1;1;13587.604344;13587.604640;13587.624921;777001;777001;777001;9713;9713;12432016;100.000;647.850;2983.693;3305.378;20.268;0.745;4.096;2.048;1.047;33.468;13.187;20.281;20.198;0.296;-1.045;0.969;0;0;0;0;0;0;0;0
130;1;1;13587.637651;13587.637937;13587.658203;783174;783174;783174;9790;9790;12530784;100.000;652.586;3007.398;3331.633;20.254;0.617;3.991;2.054;1.063;33.282;13.016;20.266;19.694;0.286;-1.081;0.037;0;0;0;0;0;0;0;0
131;1;1;13587.671252;13587.671630;13587.691778;786108;786108;786108;9827;9827;12577728;100.000;658.633;3018.664;3344.125;20.134;0.690;4.068;2.066;1.050;33.575;13.427;20.147;20.192;0.379;-0.721;0.360;0;0;0;0;0;0;0;0
132;1;1;13587.704447;13587.704831;13587.725036;785622;785622;785622;9821;9821;12569952;100.000;656.298;3016.798;3342.060;20.191;0.624;4.019;2.085;1.051;33.258;13.053;20.206;19.890;0.384;-0.854;0.133;0;0;0;0;0;0;0;0
133;1;1;13587.737935;13587.738302;13587.758526;787265;787265;787265;9841;9841;12596240;100.000;658.824;3023.107;3349.032;20.210;0.749;4.149;2.079;1.060;33.490;13.266;20.224;20.517;0.367;-0.716;0.138;0;0;0;0;0;0;0;0
134;1;1;13587.771010;13587.771287;13587.792058;787734;787734;787734;9847;9847;12603744;100.000;639.985;3024.908;3351.031;20.759;0.640;4.109;2.134;1.076;33.532;12.761;20.771;19.783;0.277;-1.065;0.348;0;0;0;0;0;0;0;0
135;1;1;13587.804227;13587.804527;13587.825831;786766;786766;786766;9835;9835;12588256;100.000;623.693;3021.191;3346.917;21.291;0.764;4.228;2.081;1.119;33.773;12.469;21.304;19.845;0.300;-1.158;0.093;0;0;0;0;0;0;0;0
136;1;1;13587.837335;13587.837595;13587.857056;787622;787622;787622;9846;9846;12601952;100.000;685.309;3024.478;3350.568;19.450;0.602;3.995;2.055;1.071;31.225;11.764;19.461;20.530;0.260;-1.424;0.266;0;0;0;0;0;0;0;0
137;1;1;13587.870625;13587.870892;13587.890243;784509;784509;784509;9807;9807;12552144;100.000;685.984;3012.524;3337.322;19.339;0.659;4.015;2.043;1.052;33.187;13.836;19.351;20.748;0.267;-1.460;0.036;0;0;0;0;0;0;0;0
138;1;1;13587.904726;13587.905043;13587.924976;782962;782962;782962;9788;9788;12527392;100.000;664.884;3006.584;3330.753;19.919;0.676;4.089;2.060;1.090;34.733;14.800;19.933;20.514;0.317;-0.641;0.818;0;0;0;0;0;0;0;0
139;1;1;13587.938675;13587.938997;13587.958504;785441;785441;785441;9819;9819;12567056;100.000;682.946;3016.103;3341.299;19.494;0.613;4.023;2.050;1.104;33.528;14.021;19.507;20.625;0.322;-0.021;0.621;0;0;0;0;0;0;0;0
140;1;1;13587.971193;13587.971538;13587.991845;786857;786857;786857;9836;9836;12589712;100.000;656.152;3021.540;3347.299;20.293;0.722;4.171;2.063;1.118;33.341;13.033;20.307;20.541;0.345;-0.814;0.793;0;0;0;0;0;0;0;0
141;1;1;13588.004186;13588.004449;13588.024930;786209;786209;786209;9828;9828;12579344;100.000;647.939;3019.052;3344.546;20.468;0.624;4.015;2.059;1.064;33.084;12.604;20.480;19.605;0.264;-1.235;0.422;0;0;0;0;0;0;0;0
142;1;1;13588.037434;13588.037718;13588.058195;785895;785895;785895;9824;9824;12574320;100.000;649.669;3017.846;3343.208;20.454;0.766;4.185;2.083;1.079;33.266;12.789;20.477;20.435;0.284;-1.300;0.065;0;0;0;0;0;0;0;0
143;1;1;13588.070710;13588.070997;13588.091662;783109;783109;783109;9789;9789;12529744;100.000;641.003;3007.148;3331.350;20.653;0.683;4.084;2.063;1.072;33.467;12.801;20.666;19.762;0.287;-1.355;0.055;0;0;0;0;0;0;0;0
144;1;1;13588.104273;13588.104564;13588.125236;783994;783994;783994;9800;9800;12543904;100.000;639.786;3010.547;3335.113;20.659;0.649;4.027;2.058;1.063;33.573;12.902;20.671;19.483;0.291;-1.121;0.234;0;0;0;0;0;0;0;0
145;1;1;13588.138415;13588.138675;13588.158225;785959;785959;785959;9825;9825;12575344;100.000;681.532;3018.092;3343.487;19.538;0.668;4.082;2.062;1.097;32.989;13.440;19.549;20.881;0.261;-0.343;0.778;0;0;0;0;0;0;0;0
146;1;1;13588.170597;13588.170860;13588.191724;789030;789030;789030;9863;9863;12624480;100.000;637.708;3029.885;3356.538;20.852;0.673;4.090;2.092;1.066;33.499;12.635;20.864;19.603;0.264;-1.491;1.149;0;0;0;0;0;0;0;0
147;1;1;13588.204173;13588.204443;13588.225781;794594;794594;794594;9933;9933;12713504;100.000;627.310;3051.251;3380.222;21.321;0.770;4.201;2.101;1.070;34.057;12.719;21.338;19.689;0.270;-1.242;0.249;0;0;0;0;0;0;0;0
148;1;1;13588.238335;13588.238700;13588.259159;797998;797998;797998;9975;9975;12767968;100.000;658.515;3064.322;3394.684;20.445;0.718;4.153;2.106;1.068;33.378;12.919;20.459;20.299;0.365;-0.318;0.924;0;0;0;0;0;0;0;0
149;1;1;13588.271608;13588.271980;13588.292070;798639;798639;798639;9983;9983;12778224;100.000;671.809;3066.783;3397.411;20.076;0.640;4.104;2.127;1.067;32.911;12.821;20.090;20.428;0.373;-0.371;0.053;0;0;0;0;0;0;0;0
150;1;1;13588.305137;13588.305515;13588.325502;796693;796693;796693;9959;9959;12747088;100.000;673.639;3059.311;3389.143;19.972;0.587;3.993;2.082;1.063;33.432;13.445;19.987;19.976;0.378;-0.170;0.201;0;0;0;0;0;0;0;0
151;1;1;13588.338433;13588.338810;13588.358712;794717;794717;794717;9934;9934;12715472;100.000;674.958;3051.723;3380.727;19.888;0.704;4.113;2.091;1.061;33.210;13.308;19.902;20.669;0.377;-0.208;0.038;0;0;0;0;0;0;0;0
152;1;1;13588.371763;13588.372132;13588.392035;792861;792861;792861;9911;9911;12685776;100.000;675.041;3044.596;3372.839;19.889;0.720;4.107;2.066;1.067;33.323;13.420;19.903;20.637;0.369;-0.219;0.011;0;0;0;0;0;0;0;0
153;1;1;13588.405141;13588.405514;13588.425200;792789;792789;792789;9910;9910;12684624;100.000;681.148;3044.319;3372.529;19.672;0.586;4.004;2.087;1.062;33.165;13.479;19.686;20.339;0.372;-0.171;0.048;0;0;0;0;0;0;0;0
154;1;1;13588.438478;13588.438851;13588.458663;792309;792309;792309;9904;9904;12676944;100.000;677.555;3042.476;3370.487;19.797;0.737;4.144;2.088;1.063;33.463;13.652;19.812;20.917;0.373;-0.167;0.004;0;0;0;0;0;0;0;0
155;1;1;13588.471788;13588.472160;13588.491948;791925;791925;791925;9900;9900;12670800;100.000;676.510;3041.002;3368.880;19.774;0.591;3.973;2.061;1.057;33.285;13.497;19.788;20.080;0.372;-0.191;0.025;0;0;0;0;0;0;0;0
156;1;1;13588.505126;13588.505501;13588.525406;793795;793795;793795;9923;9923;12700720;100.000;674.216;3048.182;3376.823;19.891;0.671;4.076;2.079;1.066;33.457;13.553;19.905;20.476;0.375;-0.184;0.008;0;0;0;0;0;0;0;0
157;1;1;13588.538473;13588.538843;13588.558674;793460;793460;793460;9919;9919;12695360;100.000;676.472;3046.896;3375.404;19.818;0.678;4.069;2.066;1.062;33.268;13.438;19.831;20.518;0.370;-0.175;0.009;0;0;0;0;0;0;0;0
158;1;1;13588.571779;13588.572149;13588.592231;795527;795527;795527;9945;9945;12728432;100.000;669.285;3054.833;3384.202;20.069;0.604;4.013;2.080;1.063;33.557;13.474;20.083;19.980;0.369;-0.203;0.028;0;0;0;0;0;0;0;0
159;1;1;13588.604895;13588.605267;13588.625505;798776;798776;798776;9985;9985;12780416;100.000;667.034;3067.309;3398.003;20.225;0.689;4.124;2.094;1.077;33.274;13.035;20.238;20.379;0.371;-0.418;0.215;0;0;0;0;0;0;0;0
160;1;1;13588.638306;13588.638680;13588.658848;799362;799362;799362;9993;9993;12789792;100.000;669.739;3069.560;3400.518;20.155;0.679;4.122;2.109;1.070;33.343;13.175;20.168;20.438;0.374;-0.338;0.080;0;0;0;0;0;0;0;0
161;1;1;13588.671484;13588.671860;13588.691685;789777;789777;789777;9873;9873;12636432;100.000;673.200;3032.753;3359.737;19.797;0.651;4.026;2.063;1.054;32.838;13.012;19.826;20.306;0.376;-0.492;0.153;0;0;0;0;0;0;0;0
162;1;1;13588.705286;13588.705629;13588.725266;790930;790930;790930;9887;9887;12654880;100.000;681.034;3037.181;3364.629;19.624;0.600;3.969;2.058;1.053;33.580;13.943;19.637;20.212;0.343;-0.056;0.436;0;0;0;0;0;0;0;0
163;1;1;13588.738499;13588.738875;13588.758693;793734;793734;793734;9922;9922;12699744;100.000;678.747;3047.948;3376.555;19.804;0.738;4.141;2.081;1.066;33.427;13.609;19.818;20.895;0.376;-0.143;0.087;0;0;0;0;0;0;0;0
164;1;1;13588.771774;13588.772153;13588.791996;792883;792883;792883;9912;9912;12686128;100.000;675.580;3044.680;3372.956;19.829;0.597;3.987;2.065;1.063;33.302;13.460;19.842;20.096;0.380;-0.198;0.055;0;0;0;0;0;0;0;0
165;1;1;13588.805146;13588.805524;13588.825361;791299;791299;791299;9892;9892;12660784;100.000;674.432;3038.598;3366.211;19.823;0.692;4.080;2.066;1.063;33.366;13.529;19.837;20.566;0.378;-0.160;0.038;0;0;0;0;0;0;0;0
166;1;1;13588.838488;13588.838863;13588.858631;789485;789485;789485;9869;9869;12631760;100.000;675.112;3031.632;3358.484;19.753;0.657;4.044;2.073;1.056;33.270;13.502;19.768;20.458;0.375;-0.155;0.005;0;0;0;0;0;0;0;0
167;1;1;13588.871751;13588.872105;13588.891964;789977;789977;789977;9875;9875;12639632;100.000;672.218;3033.521;3360.572;19.847;0.593;3.961;2.057;1.054;33.333;13.474;19.859;19.947;0.355;-0.246;0.091;0;0;0;0;0;0;0;0
168;1;1;13588.905160;13588.905536;13588.925340;791598;791598;791598;9895;9895;12665568;100.000;675.678;3039.746;3367.459;19.790;0.688;4.077;2.068;1.058;33.376;13.571;19.804;20.586;0.375;-0.149;0.097;0;0;0;0;0;0;0;0
169;1;1;13588.938528;13588.938915;13588.958754;795034;795034;795034;9938;9938;12720544;100.000;677.542;3052.940;3382.077;19.825;0.600;4.008;2.082;1.063;33.414;13.575;19.839;20.200;0.387;-0.103;0.046;0;0;0;0;0;0;0;0
170;1;1;13588.971747;13588.972125;13588.992062;794863;794863;794863;9936;9936;12717808;100.000;675.570;3052.284;3381.354;19.924;0.762;4.180;2.091;1.069;33.308;13.371;19.937;20.964;0.378;-0.227;0.123;0;0;0;0;0;0;0;0
171;1;1;13589.005091;13589.005450;13589.025426;794885;794885;794885;9937;9937;12718160;100.000;672.596;3052.368;3381.472;19.962;0.611;4.006;2.070;1.066;33.364;13.388;19.976;20.056;0.359;-0.235;0.008;0;0;0;0;0;0;0;0
172;1;1;13589.038430;13589.038814;13589.058586;788905;788905;788905;9862;9862;12622480;100.000;674.576;3029.405;3356.025;19.758;0.685;4.053;2.053;1.059;33.159;13.388;19.772;20.498;0.384;-0.204;0.030;0;0;0;0;0;0;0;0
173;1;1;13589.071669;13589.072090;13589.091918;787376;787376;787376;9843;9843;12598016;100.000;672.516;3023.533;3349.524;19.815;0.685;4.079;2.084;1.054;33.332;13.504;19.828;20.571;0.420;-0.262;0.058;0;0;0;0;0;0;0;0
174;1;1;13589.105162;13589.105534;13589.125317;791921;791921;791921;9900;9900;12670736;100.000;676.868;3040.986;3368.865;19.769;0.590;3.982;2.078;1.063;33.400;13.616;19.784;20.126;0.371;-0.151;0.111;0;0;0;0;0;0;0;0
175;1;1;13589.138430;13589.138906;13589.158517;785044;785044;785044;9814;9814;12560704;100.000;676.798;3014.579;3339.609;19.598;0.700;4.051;2.050;1.051;33.200;13.588;19.611;20.655;0.475;-0.112;0.039;0;0;0;0;0;0;0;0
176;1;1;13589.170955;13589.171247;13589.191875;785759;785759;785759;9822;9822;12572144;100.000;642.183;3017.324;3342.619;20.615;0.651;4.034;2.082;1.049;33.358;12.730;20.628;19.557;0.292;-1.104;0.992;0;0;0;0;0;0;0;0
177;1;1;13589.205106;13589.205478;13589.225095;782963;782963;782963;9788;9788;12527408;100.000;674.732;3006.588;3330.756;19.603;0.715;4.056;2.044;1.049;33.220;13.603;19.617;20.676;0.372;-0.207;0.897;0;0;0;0;0;0;0;0
178;1;1;13589.238532;13589.238909;13589.258467;783666;783666;783666;9796;9796;12538656;100.000;677.371;3009.287;3333.721;19.539;0.642;4.006;2.068;1.046;33.372;13.815;19.558;20.482;0.377;-0.109;0.098;0;0;0;0;0;0;0;0
179;1;1;13589.271801;13589.272177;13589.291846;786714;786714;786714;9834;9834;12587424;100.000;676.210;3020.991;3346.684;19.654;0.585;3.952;2.059;1.053;33.379;13.710;19.669;20.094;0.376;-0.174;0.065;0;0;0;0;0;0;0;0
180;1;1;13589.305171;13589.305548;13589.325303;787583;787583;787583;9845;9845;12601328;100.000;673.958;3024.328;3350.385;19.724;0.679;4.049;2.064;1.056;33.458;13.702;19.756;20.495;0.377;-0.137;0.037;0;0;0;0;0;0;0;0
181;1;1;13589.338455;13589.338833;13589.358778;793719;793719;793719;9922;9922;12699504;100.000;674.428;3047.891;3376.498;19.931;0.634;4.050;2.090;1.073;33.475;13.529;19.945;20.305;0.378;-0.185;0.048;0;0;0;0;0;0;0;0
182;1;1;13589.371737;13589.372110;13589.392135;792329;792329;792329;9905;9905;12677264;100.000;668.618;3042.553;3370.597;20.010;0.595;3.991;2.082;1.063;33.357;13.332;20.024;19.932;0.373;-0.241;0.056;0;0;0;0;0;0;0;0
183;1;1;13589.405159;13589.405533;13589.425717;801464;801464;801464;10019;10019;12823424;100.000;672.596;3077.631;3409.451;20.169;0.748;4.199;2.119;1.079;33.583;13.399;20.184;20.802;0.374;-0.152;0.090;0;0;0;0;0;0;0;0
184;1;1;13589.438137;13589.438507;13589.458787;796948;796948;796948;9962;9962;12751168;100.000;663.669;3060.290;3390.222;20.266;0.619;4.027;2.082;1.065;33.070;12.790;20.280;19.856;0.370;-0.511;0.360;0;0;0;0;0;0;0;0
185;1;1;13589.471759;13589.472127;13589.492357;802598;802598;802598;10033;10033;12841568;100.000;670.341;3081.986;3414.269;20.215;0.692;4.117;2.097;1.072;33.570;13.340;20.230;20.349;0.368;-0.225;0.287;0;0;0;0;0;0;0;0
186;1;1;13589.504931;13589.505299;13589.525473;797039;797039;797039;9963;9963;12752624;100.000;667.532;3060.639;3390.604;20.159;0.706;4.107;2.073;1.068;33.116;12.942;20.174;20.356;0.368;-0.386;0.161;0;0;0;0;0;0;0;0
187;1;1;13589.538459;13589.538836;13589.558880;797511;797511;797511;9969;9969;12760176;100.000;672.462;3062.452;3392.616;20.032;0.648;4.058;2.088;1.068;33.407;13.363;20.044;20.244;0.377;-0.182;0.204;0;0;0;0;0;0;0;0
188;1;1;13589.571699;13589.572077;13589.592107;794879;794879;794879;9936;9936;12718064;100.000;670.610;3052.345;3381.416;20.016;0.602;4.025;2.106;1.064;33.227;13.196;20.030;20.093;0.378;-0.275;0.093;0;0;0;0;0;0;0;0
189;1;1;13589.605091;13589.605467;13589.625417;793590;793590;793590;9920;9920;12697440;100.000;672.257;3047.395;3375.936;19.935;0.724;4.116;2.072;1.060;33.310;13.360;19.949;20.634;0.377;-0.218;0.057;0;0;0;0;0;0;0;0
190;1;1;13589.638325;13589.638701;13589.658763;788938;788938;788938;9862;9862;12623008;100.000;664.326;3029.532;3356.151;20.048;0.687;4.075;2.074;1.060;33.347;13.284;20.063;20.309;0.375;-0.317;0.100;0;0;0;0;0;0;0;0
191;1;1;13589.671632;13589.671997;13589.691795;784846;784846;784846;9811;9811;12557536;100.000;671.366;3013.818;3338.749;19.785;0.656;4.008;2.052;1.052;33.032;13.233;19.798;20.243;0.364;-0.355;0.037;0;0;0;0;0;0;0;0
192;1;1;13589.705196;13589.705567;13589.725243;788004;788004;788004;9851;9851;12608064;100.000;677.127;3025.945;3352.200;19.662;0.588;3.963;2.069;1.055;33.448;13.772;19.676;20.140;0.370;-0.118;0.237;0;0;0;0;0;0;0;0
193;1;1;13589.738513;13589.738884;13589.758851;795964;795964;795964;9950;9950;12735424;100.000;673.805;3056.511;3386.046;19.953;0.704;4.122;2.087;1.064;33.608;13.642;19.967;20.644;0.371;-0.134;0.016;0;0;0;0;0;0;0;0
194;1;1;13589.771667;13589.772040;13589.792239;799207;799207;799207;9991;9991;12787312;100.000;668.670;3068.964;3399.857;20.185;0.671;4.085;2.085;1.074;33.388;13.190;20.198;20.224;0.373;-0.311;0.177;0;0;0;0;0;0;0;0
195;1;1;13589.805099;13589.805477;13589.825641;799402;799402;799402;9993;9993;12790432;100.000;669.807;3069.713;3400.672;20.150;0.608;4.015;2.086;1.067;33.402;13.239;20.164;19.914;0.378;-0.208;0.104;0;0;0;0;0;0;0;0
196;1;1;13589.838407;13589.838783;13589.859049;800483;800483;800483;10007;10007;12807728;100.000;668.915;3073.864;3405.287;20.252;0.766;4.182;2.088;1.076;33.408;13.142;20.266;20.637;0.377;-0.235;0.027;0;0;0;0;0;0;0;0
197;1;1;13589.871716;13589.872082;13589.892358;798336;798336;798336;9980;9980;12773376;100.000;664.993;3065.620;3396.148;20.263;0.605;4.008;2.082;1.067;33.309;13.033;20.277;19.766;0.366;-0.270;0.035;0;0;0;0;0;0;0;0
198;1;1;13589.905102;13589.905475;13589.925664;798454;798454;798454;9981;9981;12775264;100.000;668.207;3066.073;3396.634;20.176;0.711;4.121;2.087;1.069;33.306;13.116;20.190;20.414;0.373;-0.210;0.060;0;0;0;0;0;0;0;0
199;1;1;13589.938448;13589.938828;13589.959072;800770;800770;800770;10010;10010;12812320;100.000;668.325;3074.966;3406.488;20.217;0.702;4.124;2.095;1.072;33.408;13.163;20.244;20.370;0.380;-0.191;0.020;0;0;0;0;0;0;0;0
200;1;1;13589.971669;13589.972037;13589.992350;802378;802378;802378;10030;10030;12838048;100.000;667.218;3081.141;3413.325;20.299;0.660;4.114;2.129;1.070;33.278;12.965;20.313;20.254;0.368;-0.315;0.124;0;0;0;0;0;0;0;0
201;1;1;13590.005070;13590.005442;13590.025884;805285;805285;805285;10067;10067;12884560;100.000;665.283;3092.304;3425.713;20.428;0.625;4.070;2.112;1.074;33.535;13.093;20.442;19.908;0.373;-0.242;0.072;0;0;0;0;0;0;0;0
202;1;1;13590.038347;13590.038720;13590.059105;803318;803318;803318;10042;10042;12853088;100.000;667.191;3084.751;3417.332;20.371;0.781;4.234;2.113;1.078;33.220;12.836;20.385;20.773;0.373;-0.298;0.056;0;0;0;0;0;0;0;0
203;1;1;13590.071640;13590.072010;13590.092325;802036;802036;802036;10026;10026;12832576;100.000;667.005;3079.828;3411.879;20.301;0.618;4.045;2.097;1.074;33.220;12.906;20.314;19.910;0.371;-0.341;0.043;0;0;0;0;0;0;0;0
204;1;1;13590.105246;13590.105621;13590.126065;810228;810228;810228;10128;10128;12963648;100.000;669.817;3111.285;3446.715;20.431;0.712;4.195;2.131;1.089;33.740;13.296;20.444;20.518;0.374;-0.064;0.277;0;0;0;0;0;0;0;0
205;1;1;13590.138335;13590.138706;13590.159266;808185;808185;808185;10103;10103;12930960;100.000;663.851;3103.440;3438.042;20.547;0.703;4.173;2.127;1.080;33.201;12.641;20.560;20.297;0.370;-0.313;0.248;0;0;0;0;0;0;0;0
206;1;1;13590.171768;13590.172141;13590.192857;815223;815223;815223;10191;10191;13043568;100.000;664.590;3130.466;3467.982;20.703;0.700;4.187;2.138;1.088;33.591;12.875;20.716;20.213;0.373;-0.211;0.102;0;0;0;0;0;0;0;0
207;1;1;13590.204469;13590.204855;13590.225580;799426;799426;799426;9993;9993;12790816;100.000;652.513;3069.805;3400.764;20.712;0.741;4.194;2.114;1.079;32.723;11.998;20.725;20.238;0.386;-0.830;0.619;0;0;0;0;0;0;0;0
208;1;1;13590.238398;13590.238764;13590.259039;790320;790320;790320;9879;9879;12645120;100.000;658.743;3034.838;3362.021;20.260;0.626;4.024;2.069;1.077;33.459;13.184;20.274;19.846;0.366;-0.254;0.576;0;0;0;0;0;0;0;0
209;1;1;13590.270848;13590.271121;13590.292217;795945;795945;795945;9950;9950;12735120;100.000;642.662;3056.438;3385.973;21.084;0.764;4.402;2.105;1.278;33.178;12.082;21.096;20.866;0.272;-1.231;0.977;0;0;0;0;0;0;0;0
210;1;1;13590.303925;13590.304184;13590.325255;792891;792891;792891;9912;9912;12686256;100.000;635.361;3044.711;3372.987;21.060;0.735;4.137;2.083;1.064;33.038;11.967;21.071;19.634;0.259;-1.501;0.270;0;0;0;0;0;0;0;0
211;1;1;13590.338205;13590.338568;13590.358831;797320;797320;797320;9967;9967;12757120;100.000;664.821;3061.718;3391.816;20.250;0.615;4.059;2.115;1.073;33.576;13.313;20.263;20.032;0.363;-0.450;1.051;0;0;0;0;0;0;0;0
212;1;1;13590.371768;13590.372135;13590.392521;805214;805214;805214;10066;10066;12883424;100.000;668.720;3092.031;3425.408;20.371;0.769;4.210;2.097;1.081;33.690;13.304;20.386;20.654;0.367;-0.216;0.234;0;0;0;0;0;0;0;0
213;1;1;13590.404933;13590.405306;13590.425507;797126;797126;797126;9965;9965;12754016;100.000;666.649;3060.973;3391.005;20.187;0.621;4.062;2.100;1.068;32.986;12.786;20.200;20.108;0.374;-0.378;0.162;0;0;0;0;0;0;0;0
214;1;1;13590.438474;13590.438849;13590.459093;803136;803136;803136;10040;10040;12850176;100.000;672.148;3084.052;3416.567;20.231;0.765;4.213;2.102;1.083;33.586;13.342;20.245;20.809;0.374;-0.170;0.209;0;0;0;0;0;0;0;0
215;1;1;13590.471692;13590.472062;13590.492546;809297;809297;809297;10117;10117;12948752;100.000;667.547;3107.710;3442.776;20.469;0.621;4.086;2.112;1.085;33.453;12.969;20.484;19.949;0.370;-0.289;0.120;0;0;0;0;0;0;0;0
216;1;1;13590.504998;13590.505373;13590.525884;808156;808156;808156;10102;10102;12930496;100.000;667.543;3103.329;3437.897;20.497;0.768;4.254;2.126;1.099;33.338;12.827;20.511;20.742;0.375;-0.312;0.023;0;0;0;0;0;0;0;0
217;1;1;13590.538360;13590.538741;13590.559240;810355;810355;810355;10130;10130;12965680;100.000;667.863;3111.773;3447.269;20.486;0.613;4.079;2.120;1.084;33.357;12.857;20.500;19.896;0.380;-0.278;0.034;0;0;0;0;0;0;0;0
218;1;1;13590.571633;13590.572004;13590.592587;810211;810211;810211;10128;10128;12963376;100.000;666.631;3111.220;3446.650;20.553;0.784;4.299;2.162;1.092;33.347;12.764;20.583;20.888;0.371;-0.347;0.070;0;0;0;0;0;0;0;0
219;1;1;13590.604987;13590.605362;13590.625843;808645;808645;808645;10109;10109;12938320;100.000;666.958;3105.206;3440.007;20.467;0.629;4.091;2.120;1.081;33.256;12.775;20.481;19.973;0.375;-0.323;0.024;0;0;0;0;0;0;0;0
220;1;1;13590.638376;13590.638756;13590.659292;810783;810783;810783;10135;10135;12972528;100.000;668.552;3113.416;3449.078;20.521;0.781;4.280;2.140;1.088;33.448;12.912;20.536;20.840;0.379;-0.263;0.060;0;0;0;0;0;0;0;0
221;1;1;13590.671061;13590.671415;13590.692326;807088;807088;807088;10089;10089;12913408;100.000;651.177;3099.228;3433.366;20.897;0.641;4.108;2.125;1.079;33.034;12.123;20.911;19.647;0.354;-0.937;0.674;0;0;0;0;0;0;0;0
222;1;1;13590.705015;13590.705384;13590.725935;809369;809369;809369;10118;10118;12949904;100.000;665.303;3107.987;3443.085;20.537;0.711;4.183;2.121;1.085;33.609;13.058;20.551;20.352;0.369;-0.301;0.636;0;0;0;0;0;0;0;0
223;1;1;13590.738150;13590.738526;13590.758777;795354;795354;795354;9942;9942;12725664;100.000;663.303;3054.169;3383.438;20.237;0.719;4.142;2.101;1.063;32.842;12.591;20.251;20.455;0.376;-0.492;0.191;0;0;0;0;0;0;0;0
224;1;1;13590.771704;13590.772080;13590.792209;795455;795455;795455;9944;9944;12727280;100.000;667.690;3054.557;3383.892;20.116;0.718;4.120;2.077;1.066;33.432;13.303;20.129;20.468;0.375;-0.272;0.220;0;0;0;0;0;0;0;0
225;1;1;13590.805047;13590.805426;13590.825532;795720;795720;795720;9947;9947;12731520;100.000;668.537;3055.574;3385.009;20.092;0.621;4.020;2.080;1.061;33.324;13.217;20.107;19.994;0.379;-0.259;0.013;0;0;0;0;0;0;0;0
226;1;1;13590.838424;13590.838800;13590.859038;798723;798723;798723;9985;9985;12779568;100.000;668.255;3067.106;3397.800;20.225;0.772;4.197;2.094;1.072;33.506;13.268;20.238;20.738;0.376;-0.218;0.041;0;0;0;0;0;0;0;0
227;1;1;13590.871533;13590.871881;13590.892536;807441;807441;807441;10094;10094;12919056;100.000;659.849;3100.583;3434.887;20.642;0.634;4.110;2.129;1.075;33.498;12.843;20.655;19.897;0.348;-0.470;0.252;0;0;0;0;0;0;0;0
228;1;1;13590.904940;13590.905286;13590.925726;803316;803316;803316;10042;10042;12853056;100.000;665.349;3084.743;3417.324;20.427;0.776;4.261;2.136;1.080;33.190;12.750;20.440;20.845;0.346;-0.399;0.072;0;0;0;0;0;0;0;0
229;1;1;13590.938410;13590.938790;13590.959294;809074;809074;809074;10114;10114;12945184;100.000;666.589;3106.854;3441.820;20.490;0.618;4.096;2.122;1.083;33.568;13.064;20.504;19.979;0.380;-0.228;0.171;0;0;0;0;0;0;0;0
230;1;1;13590.971676;13590.972053;13590.992519;808265;808265;808265;10104;10104;12932240;100.000;667.218;3103.747;3438.382;20.453;0.717;4.184;2.122;1.082;33.225;12.759;20.466;20.442;0.377;-0.298;0.070;0;0;0;0;0;0;0;0
231;1;1;13591.005071;13591.005448;13591.026213;818848;818848;818848;10236;10236;13101568;100.000;667.732;3144.386;3483.393;20.752;0.778;4.302;2.156;1.103;33.694;12.929;20.765;20.716;0.377;-0.237;0.061;0;0;0;0;0;0;0;0
232;1;1;13591.038228;13591.038600;13591.059524;820617;820617;820617;10258;10258;13129872;100.000;662.234;3151.179;3490.914;20.910;0.683;4.207;2.160;1.096;33.311;12.386;20.924;20.106;0.372;-0.418;0.181;0;0;0;0;0;0;0;0
233;1;1;13591.071563;13591.071937;13591.092692;814146;814146;814146;10177;10177;13026336;100.000;662.468;3126.330;3463.383;20.741;0.626;4.128;2.137;1.090;33.168;12.413;20.755;19.889;0.374;-0.415;0.004;0;0;0;0;0;0;0;0
234;1;1;13591.104943;13591.105313;13591.126083;814852;814852;814852;10186;10186;13037632;100.000;664.191;3129.041;3466.392;20.756;0.795;4.301;2.142;1.095;33.392;12.622;20.770;20.707;0.370;-0.371;0.043;0;0;0;0;0;0;0;0
235;1;1;13591.138298;13591.138676;13591.159449;815725;815725;815725;10197;10197;13051600;100.000;663.097;3132.394;3470.109;20.760;0.643;4.136;2.136;1.090;33.366;12.592;20.774;19.911;0.377;-0.343;0.029;0;0;0;0;0;0;0;0
236;1;1;13591.171586;13591.171954;13591.192769;816078;816078;816078;10201;10201;13057248;100.000;663.828;3133.749;3471.597;20.801;0.791;4.305;2.150;1.101;33.320;12.504;20.816;20.681;0.367;-0.398;0.055;0;0;0;0;0;0;0;0
237;1;1;13591.204780;13591.205151;13591.225912;810868;810868;810868;10136;10136;12973888;100.000;659.394;3113.743;3449.437;20.735;0.629;4.122;2.145;1.084;33.143;12.382;20.761;19.856;0.370;-0.534;0.136;0;0;0;0;0;0;0;0
238;1;1;13591.237757;13591.238136;13591.259051;801907;801907;801907;10024;10024;12830512;100.000;646.560;3079.332;3411.318;20.902;0.746;4.188;2.105;1.070;33.139;12.224;20.915;20.022;0.379;-0.882;0.348;0;0;0;0;0;0;0;0
239;1;1;13591.271635;13591.272019;13591.292319;799196;799196;799196;9990;9990;12787136;100.000;665.049;3068.922;3399.781;20.286;0.708;4.133;2.088;1.071;33.267;12.968;20.300;20.359;0.383;-0.333;0.549;0;0;0;0;0;0;0;0
240;1;1;13591.304990;13591.305363;13591.325774;799621;799621;799621;9996;9996;12793936;100.000;661.519;3070.554;3401.612;20.397;0.706;4.127;2.090;1.069;33.455;13.044;20.411;20.221;0.373;-0.322;0.011;0;0;0;0;0;0;0;0
241;1;1;13591.338396;13591.338781;13591.359270;808174;808174;808174;10103;10103;12930784;100.000;666.275;3103.398;3438.000;20.475;0.679;4.141;2.107;1.080;33.496;13.007;20.489;20.209;0.384;-0.237;0.085;0;0;0;0;0;0;0;0
242;1;1;13591.371544;13591.371912;13591.392672;810609;810609;810609;10133;10133;12969744;100.000;660.491;3112.748;3448.344;20.745;0.683;4.165;2.136;1.080;33.402;12.642;20.760;20.061;0.368;-0.440;0.203;0;0;0;0;0;0;0;0
243;1;1;13591.404959;13591.405339;13591.425945;809086;809086;809086;10114;10114;12945376;100.000;663.153;3106.900;3441.866;20.592;0.636;4.104;2.111;1.084;33.273;12.667;20.606;19.916;0.379;-0.346;0.094;0;0;0;0;0;0;0;0
244;1;1;13591.438295;13591.438668;13591.459170;804105;804105;804105;10052;10052;12865680;100.000;663.868;3087.773;3420.685;20.488;0.767;4.213;2.108;1.078;33.225;12.724;20.502;20.549;0.373;-0.350;0.004;0;0;0;0;0;0;0;0
245;1;1;13591.471724;13591.472096;13591.492649;810243;810243;810243;10129;10129;12963888;100.000;666.157;3111.343;3446.806;20.540;0.610;4.088;2.122;1.091;33.479;12.926;20.553;19.889;0.372;-0.255;0.095;0;0;0;0;0;0;0;0
246;1;1;13591.504940;13591.505320;13591.525892;808451;808451;808451;10106;10106;12935216;100.000;665.204;3104.461;3439.163;20.559;0.783;4.251;2.124;1.082;33.243;12.671;20.572;20.664;0.381;-0.365;0.109;0;0;0;0;0;0;0;0
247;1;1;13591.538408;13591.538783;13591.559608;818595;818595;818595;10233;10233;13097520;100.000;665.173;3143.414;3482.322;20.811;0.664;4.173;2.147;1.091;33.716;12.891;20.825;20.037;0.375;-0.235;0.129;0;0;0;0;0;0;0;0
248;1;1;13591.571492;13591.571858;13591.592707;813416;813416;813416;10168;10168;13014656;100.000;658.716;3123.527;3460.282;20.834;0.647;4.141;2.140;1.089;33.099;12.250;20.849;19.862;0.366;-0.493;0.258;0;0;0;0;0;0;0;0
249;1;1;13591.604955;13591.605328;13591.626141;816251;816251;816251;10204;10204;13060016;100.000;662.323;3134.413;3472.360;20.798;0.737;4.238;2.142;1.093;33.434;12.622;20.813;20.361;0.373;-0.356;0.137;0;0;0;0;0;0;0;0
250;1;1;13591.638158;13591.638532;13591.659588;820584;820584;820584;10258;10258;13129344;100.000;659.364;3151.052;3490.788;21.043;0.803;4.316;2.146;1.100;33.448;12.391;21.056;20.497;0.374;-0.486;0.129;0;0;0;0;0;0;0;0
251;1;1;13591.671442;13591.671813;13591.692883;817535;817535;817535;10220;10220;13080560;100.000;656.413;3139.344;3477.821;21.056;0.681;4.188;2.136;1.100;33.295;12.224;21.070;19.878;0.371;-0.539;0.053;0;0;0;0;0;0;0;0
252;1;1;13591.704833;13591.705202;13591.726021;812707;812707;812707;10159;10159;13003312;100.000;659.043;3120.804;3457.261;20.805;0.626;4.110;2.133;1.087;33.138;12.319;20.819;19.741;0.369;-0.483;0.056;0;0;0;0;0;0;0;0
253;1;1;13591.738163;13591.738540;13591.759296;811017;811017;811017;10138;10138;12976272;100.000;661.223;3114.315;3450.076;20.743;0.778;4.258;2.129;1.089;33.275;12.519;20.756;20.515;0.378;-0.478;0.005;0;0;0;0;0;0;0;0
254;1;1;13591.771682;13591.772060;13591.792757;812416;812416;812416;10156;10156;12998656;100.000;662.841;3119.687;3456.044;20.682;0.641;4.119;2.123;1.085;33.460;12.764;20.697;19.902;0.378;-0.291;0.186;0;0;0;0;0;0;0;0
255;1;1;13591.804957;13591.805332;13591.826268;815874;815874;815874;10199;10199;13053984;100.000;661.448;3132.966;3470.747;20.921;0.791;4.357;2.143;1.156;33.511;12.576;20.935;20.810;0.375;-0.353;0.061;0;0;0;0;0;0;0;0
256;1;1;13591.838133;13591.838508;13591.859394;811813;811813;811813;10148;10148;12989008;100.000;656.023;3117.372;3453.464;20.851;0.643;4.144;2.144;1.085;33.126;12.240;20.886;19.842;0.375;-0.510;0.158;0;0;0;0;0;0;0;0
257;1;1;13591.871289;13591.871666;13591.892661;809323;809323;809323;10117;10117;12949168;100.000;651.861;3107.810;3442.875;20.981;0.787;4.261;2.117;1.087;33.267;12.272;20.995;20.297;0.377;-0.686;0.175;0;0;0;0;0;0;0;0
258;1;1;13591.904855;13591.905223;13591.925813;806066;806066;806066;10076;10076;12897056;100.000;661.001;3095.303;3429.011;20.576;0.629;4.102;2.128;1.077;33.153;12.563;20.590;19.923;0.368;-0.462;0.224;0;0;0;0;0;0;0;0
259;1;1;13591.938355;13591.938731;13591.959317;803994;803994;803994;10050;10050;12863904;100.000;660.961;3087.347;3420.193;20.572;0.777;4.242;2.120;1.080;33.503;12.917;20.586;20.607;0.375;-0.288;0.174;0;0;0;0;0;0;0;0
260;1;1;13591.971576;13591.971947;13591.992494;804675;804675;804675;10059;10059;12874800;100.000;661.468;3089.962;3423.106;20.533;0.635;4.105;2.121;1.082;33.177;12.630;20.547;19.979;0.371;-0.404;0.117;0;0;0;0;0;0;0;0
261;1;1;13592.005013;13592.005396;13592.025816;803023;803023;803023;10038;10038;12848368;100.000;664.107;3083.618;3416.067;20.407;0.725;4.172;2.106;1.071;33.322;12.902;20.420;20.429;0.383;-0.289;0.116;0;0;0;0;0;0;0;0
262;1;1;13592.038378;13592.038760;13592.059261;804900;804900;804900;10062;10062;12878400;100.000;664.579;3090.826;3424.069;20.487;0.759;4.215;2.105;1.081;33.445;12.943;20.501;20.557;0.382;-0.258;0.030;0;0;0;0;0;0;0;0
263;1;1;13592.071637;13592.072010;13592.092469;801032;801032;801032;10013;10013;12816512;100.000;661.137;3075.972;3407.593;20.444;0.625;4.067;2.100;1.071;33.208;12.749;20.458;19.879;0.374;-0.341;0.083;0;0;0;0;0;0;0;0
264;1;1;13592.104977;13592.105349;13592.125607;793638;793638;793638;9921;9921;12698208;100.000;663.173;3047.580;3376.153;20.244;0.757;4.177;2.090;1.066;33.139;12.881;20.258;20.617;0.373;-0.335;0.006;0;0;0;0;0;0;0;0
265;1;1;13592.138440;13592.138820;13592.159145;801156;801156;801156;10015;10015;12818496;100.000;665.862;3076.449;3408.136;20.313;0.620;4.058;2.098;1.072;33.538;13.213;20.325;19.968;0.380;-0.198;0.138;0;0;0;0;0;0;0;0
266;1;1;13592.171675;13592.172051;13592.192602;804749;804749;804749;10060;10060;12875984;100.000;662.592;3090.246;3423.423;20.538;0.765;4.217;2.107;1.080;33.457;12.906;20.551;20.517;0.376;-0.301;0.103;0;0;0;0;0;0;0;0
267;1;1;13592.204974;13592.205309;13592.225875;805449;805449;805449;10069;10069;12887184;100.000;661.311;3092.934;3426.409;20.551;0.643;4.116;2.128;1.078;33.273;12.706;20.566;20.013;0.335;-0.376;0.075;0;0;0;0;0;0;0;0
268;1;1;13592.238111;13592.238492;13592.259279;805329;805329;805329;10067;10067;12885264;100.000;655.326;3092.473;3425.882;20.773;0.782;4.253;2.129;1.081;33.405;12.617;20.788;20.460;0.381;-0.526;0.150;0;0;0;0;0;0;0;0
269;1;1;13592.271011;13592.271312;13592.292436;805419;805419;805419;10068;10068;12886704;100.000;643.228;3092.819;3426.261;21.112;0.657;4.119;2.109;1.088;33.157;12.033;21.124;19.500;0.301;-1.039;0.513;0;0;0;0;0;0;0;0
270;1;1;13592.304123;13592.304417;13592.325203;804474;804474;804474;10056;10056;12871584;100.000;655.454;3089.190;3422.235;20.773;0.807;4.290;2.111;1.102;32.767;11.981;20.785;20.640;0.294;-1.268;0.228;0;0;0;0;0;0;0;0
271;1;1;13592.337283;13592.337557;13592.358756;796101;796101;796101;9952;9952;12737616;100.000;634.273;3057.037;3386.638;21.187;0.709;4.136;2.099;1.070;33.554;12.354;21.199;19.510;0.274;-1.461;0.194;0;0;0;0;0;0;0;0
272;1;1;13592.370918;13592.371201;13592.392619;805073;805073;805073;10064;10064;12881168;100.000;633.517;3091.490;3424.800;21.405;0.675;4.156;2.131;1.083;33.862;12.445;21.417;19.404;0.284;-1.150;0.311;0;0;0;0;0;0;0;0
273;1;1;13592.403943;13592.404208;13592.425583;797204;797204;797204;9966;9966;12755264;100.000;629.675;3061.273;3391.337;21.363;0.805;4.243;2.107;1.073;32.964;11.589;21.375;19.849;0.265;-1.477;0.327;0;0;0;0;0;0;0;0
274;1;1;13592.437545;13592.437824;13592.459177;805139;805139;805139;10065;10065;12882224;100.000;635.641;3091.743;3425.087;21.341;0.685;4.148;2.115;1.085;33.594;12.241;21.353;19.426;0.279;-1.194;0.283;0;0;0;0;0;0;0;0
275;1;1;13592.471720;13592.472087;13592.492675;808073;808073;808073;10101;10101;12929168;100.000;664.441;3103.010;3437.545;20.562;0.784;4.252;2.125;1.082;33.498;12.910;20.588;20.653;0.366;-0.265;0.930;0;0;0;0;0;0;0;0
276;1;1;13592.505006;13592.505380;13592.526124;813584;813584;813584;10170;10170;13017344;100.000;663.954;3124.172;3460.993;20.730;0.705;4.204;2.138;1.094;33.449;12.705;20.744;20.264;0.373;-0.305;0.040;0;0;0;0;0;0;0;0
277;1;1;13592.538275;13592.538644;13592.559421;812306;812306;812306;10154;10154;12996896;100.000;660.041;3119.265;3455.556;20.763;0.640;4.120;2.132;1.085;33.298;12.521;20.777;19.829;0.369;-0.374;0.069;0;0;0;0;0;0;0;0
278;1;1;13592.571644;13592.572022;13592.592922;817500;817500;817500;10219;10219;13080000;100.000;662.021;3139.210;3477.653;20.886;0.802;4.317;2.148;1.095;33.501;12.601;20.900;20.656;0.378;-0.330;0.044;0;0;0;0;0;0;0;0
279;1;1;13592.604903;13592.605283;13592.626460;824803;824803;824803;10311;10311;13196848;100.000;657.557;3167.253;3508.744;21.162;0.694;4.251;2.177;1.106;33.538;12.361;21.177;20.074;0.380;-0.402;0.072;0;0;0;0;0;0;0;0
280;1;1;13592.638096;13592.638469;13592.659482;813944;813944;813944;10175;10175;13023104;100.000;655.623;3125.555;3462.541;20.999;0.695;4.213;2.131;1.105;33.022;12.010;21.013;20.052;0.373;-0.549;0.147;0;0;0;0;0;0;0;0
281;1;1;13592.671533;13592.671906;13592.692836;815307;815307;815307;10192;10192;13044912;100.000;657.524;3130.788;3468.338;20.916;0.651;4.155;2.139;1.089;33.354;12.424;20.930;19.850;0.373;-0.446;0.103;0;0;0;0;0;0;0;0
282;1;1;13592.704824;13592.705207;13592.726112;816329;816329;816329;10205;10205;13061264;100.000;660.934;3134.713;3472.693;20.891;0.795;4.312;2.142;1.099;33.275;12.370;20.905;20.626;0.382;-0.478;0.032;0;0;0;0;0;0;0;0
283;1;1;13592.738196;13592.738573;13592.759408;813249;813249;813249;10166;10166;13011984;100.000;658.919;3122.886;3459.574;20.820;0.638;4.118;2.124;1.086;33.296;12.461;20.835;19.763;0.377;-0.446;0.032;0;0;0;0;0;0;0;0
284;1;1;13592.771289;13592.771669;13592.792617;809333;809333;809333;10117;10117;12949328;100.000;653.272;3107.848;3442.914;20.935;0.784;4.260;2.121;1.086;33.210;12.261;20.949;20.333;0.380;-0.683;0.237;0;0;0;0;0;0;0;0
285;1;1;13592.805050;13592.805426;13592.826239;815482;815482;815482;10194;10194;13047712;100.000;661.615;3131.460;3469.076;20.799;0.625;4.114;2.129;1.091;33.622;12.808;20.813;19.764;0.376;-0.259;0.424;0;0;0;0;0;0;0;0
286;1;1;13592.838169;13592.838549;13592.859516;814633;814633;814633;10183;10183;13034128;100.000;657.631;3128.200;3465.452;20.954;0.798;4.307;2.135;1.104;33.277;12.310;20.968;20.540;0.380;-0.469;0.210;0;0;0;0;0;0;0;0
287;1;1;13592.871416;13592.871792;13592.892879;814941;814941;814941;10187;10187;13039056;100.000;651.974;3129.383;3466.767;21.073;0.649;4.153;2.140;1.086;33.363;12.276;21.087;19.693;0.376;-0.560;0.090;0;0;0;0;0;0;0;0
288;1;1;13592.904897;13592.905272;13592.926289;818847;818847;818847;10236;10236;13101552;100.000;659.323;3144.382;3483.389;21.004;0.805;4.341;2.153;1.102;33.410;12.393;21.017;20.656;0.375;-0.413;0.147;0;0;0;0;0;0;0;0
289;1;1;13592.938247;13592.938620;13592.959739;824052;824052;824052;10301;10301;13184832;100.000;658.679;3164.369;3505.529;21.105;0.687;4.222;2.157;1.100;33.449;12.331;21.119;19.992;0.373;-0.398;0.015;0;0;0;0;0;0;0;0
290;1;1;13592.971566;13592.971945;13592.993407;835458;835458;835458;10444;10444;13367328;100.000;657.070;3208.168;3554.064;21.449;0.694;4.288;2.196;1.117;33.669;12.206;21.462;19.980;0.379;-0.407;0.008;0;0;0;0;0;0;0;0
291;1;1;13593.004618;13593.004997;13593.026284;819605;819605;819605;10246;10246;13113680;100.000;649.517;3147.293;3486.631;21.273;0.700;4.231;2.162;1.096;32.877;11.590;21.287;19.876;0.379;-0.687;0.281;0;0;0;0;0;0;0;0
292;1;1;13593.038072;13593.038446;13593.059844;827799;827799;827799;10348;10348;13244784;100.000;653.083;3178.758;3521.474;21.383;0.711;4.285;2.175;1.116;33.559;12.162;21.397;20.024;0.374;-0.572;0.115;0;0;0;0;0;0;0;0
293;1;1;13593.071493;13593.071871;13593.093287;830771;830771;830771;10385;10385;13292336;100.000;654.662;3190.170;3534.112;21.402;0.720;4.289;2.182;1.110;33.443;12.027;21.416;20.027;0.378;-0.480;0.092;0;0;0;0;0;0;0;0
294;1;1;13593.104763;13593.105150;13593.126716;835004;835004;835004;10438;10438;13360064;100.000;653.476;3206.425;3552.122;21.552;0.735;4.324;2.191;1.120;33.429;11.863;21.566;20.052;0.387;-0.535;0.054;0;0;0;0;0;0;0;0
295;1;1;13593.137957;13593.138334;13593.159486;814967;814967;814967;10188;10188;13039472;100.000;649.992;3129.483;3466.900;21.139;0.751;4.253;2.135;1.090;32.771;11.619;21.152;20.105;0.377;-0.684;0.149;0;0;0;0;0;0;0;0
296;1;1;13593.171556;13593.171936;13593.192954;818656;818656;818656;10234;10234;13098496;100.000;657.440;3143.649;3482.589;21.004;0.746;4.271;2.161;1.093;33.467;12.450;21.018;20.322;0.379;-0.416;0.268;0;0;0;0;0;0;0;0
297;1;1;13593.204842;13593.205216;13593.226692;819807;819807;819807;10248;10248;13116912;100.000;645.089;3148.068;3487.473;21.463;0.810;4.350;2.160;1.101;33.739;12.262;21.477;20.253;0.373;-0.469;0.053;0;0;0;0;0;0;0;0
298;1;1;13593.237990;13593.238367;13593.259562;814766;814766;814766;10185;10185;13036256;100.000;648.576;3128.711;3466.029;21.181;0.659;4.164;2.139;1.093;32.869;11.675;21.195;19.644;0.377;-0.651;0.182;0;0;0;0;0;0;0;0
299;1;1;13593.271276;13593.271605;13593.292635;809259;809259;809259;10116;10116;12948144;100.000;650.810;3107.564;3442.596;21.016;0.801;4.289;2.127;1.092;33.073;12.044;21.030;20.396;0.329;-0.746;0.095;0;0;0;0;0;0;0;0
300;1;1;13593.304401;13593.304701;13593.326012;812212;812212;812212;10153;10153;12995392;100.000;642.567;3118.904;3455.161;21.299;0.665;4.157;2.134;1.086;33.377;12.066;21.312;19.508;0.300;-0.984;0.238;0;0;0;0;0;0;0;0
